path	phase	expectation	specification
parse/valid/layout.hd	parse	accept	01-lexical-structure.md#whitespace-and-indentation
parse/valid/nested-layout.hd	parse	accept	01-lexical-structure.md#physical-and-logical-lines
parse/valid/declarations.hd	parse	accept	02-grammar.md#declarations
parse/valid/reserved-receiver-names.hd	parse	accept	02-grammar.md#primary-expressions
parse/valid/expressions.hd	parse	accept	02-grammar.md#expressions
parse/valid/logical-operator-words-are-identifiers.hd	parse	accept	01-lexical-structure.md#keywords-and-reserved-words
parse/valid/grammar-disambiguation.hd	parse	accept	02-grammar.md#expressions
parse/valid/functions-and-closures.hd	parse	accept	07-functions.md
parse/valid/uses.hd	parse	accept	10-modules.md#use-forms
parse/valid/data-embedding.hd	parse	accept	08-data-and-enums.md#data-embedding
parse/invalid/mutable-field-modifier.hd	parse	reject:mutable-field-modifier	08-data-and-enums.md#data-declarations
parse/invalid/mutable-embedded-field.hd	parse	reject:mutable-embedded-field	08-data-and-enums.md#data-embedding
parse/invalid/pub-embedded-field.hd	parse	reject:syntax-error	02-grammar.md#data-types
typing/valid/generic-data-embedding.hd	type	accept	08-data-and-enums.md#data-embedding
runtime/valid/display-dispatch.hd	runtime	accept	05-expressions.md#literals
runtime/valid/float-display.hd	runtime	accept	04-type-system.md#numeric-conversions
runtime/valid/assert.hd	runtime	accept	10-modules.md#standard-testing
runtime/valid/partial-equality-dispatch.hd	runtime	accept	05-expressions.md#unary-and-binary-operators
runtime/valid/partial-ordering-dispatch.hd	runtime	accept	09-traits.md#comparison-traits
runtime/valid/structural-equality.hd	runtime	accept	05-expressions.md#unary-and-binary-operators
runtime/valid/structural-ordering.hd	runtime	accept	05-expressions.md#unary-and-binary-operators
runtime/valid/list-iterator.hd	runtime	accept	06-control-flow.md#for-loops
runtime/valid/map-iterator.hd	runtime	accept	06-control-flow.md#for-loops
runtime/panic/map-iterator-invalidated.hd	runtime	panic:iterator-invalidated	06-control-flow.md#for-loops
runtime/panic/for-loop-iterator-invalidated.hd	runtime	panic:iterator-invalidated	06-control-flow.md#for-loops
runtime/panic/removed-map-iterator-invalidated.hd	runtime	panic:iterator-invalidated	06-control-flow.md#for-loops
runtime/panic/explicit-panic.hd	runtime	panic:explicit-panic	06-control-flow.md#runtime-panics
runtime/panic/integer-add-overflow.hd	runtime	panic:integer-overflow	04-type-system.md#numeric-conversions
runtime/panic/invalid-shift.hd	runtime	panic:invalid-shift	05-expressions.md#unary-and-binary-operators
runtime/panic/list-index-out-of-bounds.hd	runtime	panic:index-out-of-bounds	05-expressions.md#indexing
runtime/panic/integer-negation-overflow.hd	runtime	panic:integer-overflow	04-type-system.md#numeric-conversions
runtime/panic/list-set-out-of-bounds.hd	runtime	panic:index-out-of-bounds	05-expressions.md#indexing
typing/invalid/duplicate-generic-embedded-name.hd	type	reject:duplicate-embedded-field	08-data-and-enums.md#data-embedding
parse/invalid/old-struct-declaration.hd	parse	reject:old-struct-declaration	08-data-and-enums.md#data-declarations
parse/valid/test-block.hd	parse	accept	02-grammar.md#test-blocks
parse/invalid/declaration-without-let.hd	parse	reject:missing-let	02-grammar.md#statements
parse/invalid/trailing-block-in-brackets.hd	parse	reject:trailing-block-position	02-grammar.md#calls-and-arguments
parse/valid/shape-intrinsic-calls.hd	parse	accept	14-annotations.md#shape-intrinsics
parse/invalid/direct-variant-use.hd	parse	reject:direct-variant-use	10-modules.md#use-forms
parse/invalid/old-import-declaration.hd	parse	reject:old-import-declaration	02-grammar.md#use-declarations
parse/invalid/old-export-declaration.hd	parse	reject:old-export-declaration	02-grammar.md#use-declarations
parse/invalid/pub-trait-method.hd	parse	reject:trait-method-visibility	02-grammar.md#traits-and-implementations
parse/invalid/chained-comparison.hd	parse	reject:comparison-chaining	02-grammar.md#expressions
parse/invalid/old-and-operator.hd	parse	reject:syntax-error	05-expressions.md#unary-and-binary-operators
parse/invalid/old-or-operator.hd	parse	reject:syntax-error	05-expressions.md#unary-and-binary-operators
parse/invalid/old-not-operator.hd	parse	reject:syntax-error	05-expressions.md#unary-and-binary-operators
parse/invalid/invalid-escape.hd	parse	reject:invalid-escape	01-lexical-structure.md#string-and-character-literals
parse/invalid/named-pattern-before-positional.hd	parse	reject:pattern-order	02-grammar.md#patterns
typing/invalid/bare-variant-pattern.hd	type	reject:bare-variant-pattern	06-control-flow.md#match-expressions
parse/valid/unicode-identifiers.hd	parse	accept	01-lexical-structure.md#identifiers
parse/valid/utf8-bom.hd	parse	accept	01-lexical-structure.md#processing-model
parse/invalid/mid-file-bom.hd	parse	reject:unexpected-bom	01-lexical-structure.md#processing-model
parse/invalid/semicolon.hd	parse	reject:reserved-semicolon	01-lexical-structure.md#operators-and-delimiters
parse/invalid/tab-indentation.hd	parse	reject:tab-whitespace	01-lexical-structure.md#whitespace-and-indentation
parse/invalid/positional-after-named.hd	parse	reject:argument-order	02-grammar.md#calls-and-arguments
typing/invalid/nonfinal-spread.hd	type	reject:nonfinal-positional-spread	07-functions.md#varargs
typing/invalid/missing-return-value.hd	type	reject:missing-return-value	07-functions.md#declarations
typing/valid/bindings.hd	type	accept	04-type-system.md#composite-values-and-access-permission
typing/valid/collections.hd	type	accept	05-expressions.md#comprehensions
typing/valid/readonly-list-mutable-elements.hd	type	accept	05-expressions.md#indexing
typing/invalid/readonly-list-element-replacement.hd	type	reject:readonly-root	05-expressions.md#indexing
typing/valid/equality.hd	type	accept	05-expressions.md#unary-and-binary-operators
typing/invalid/implicit-data-equality.hd	type	reject:missing-partial-eq	05-expressions.md#unary-and-binary-operators
typing/invalid/primitive-identity.hd	type	reject:identity-requires-references	05-expressions.md#unary-and-binary-operators
typing/valid/comparison-traits.hd	type	accept	09-traits.md#comparison-traits
typing/invalid/implicit-data-ordering.hd	type	reject:missing-partial-ord	09-traits.md#comparison-traits
typing/valid/control-flow.hd	type	accept	06-control-flow.md
typing/valid/enums.hd	type	accept	08-data-and-enums.md#matching-enums
typing/valid/shared-enum-defaults.hd	type	accept	08-data-and-enums.md#shared-enum-constructor-data
typing/valid/shared-enum-default-writes-state.hd	type	accept	08-data-and-enums.md#shared-enum-constructor-data
typing/invalid/shared-enum-default-order.hd	type	reject:default-order	08-data-and-enums.md#shared-enum-constructor-data
typing/valid/match-guards.hd	type	accept	06-control-flow.md#match-expressions
typing/valid/data-patterns.hd	type	accept	06-control-flow.md#match-expressions
typing/valid/contextual-variants.hd	type	accept	08-data-and-enums.md#matching-enums
typing/valid/functions.hd	type	accept	07-functions.md
typing/valid/local-functions.hd	type	accept	07-functions.md#declarations
typing/valid/recursive-local-closure.hd	type	accept	07-functions.md#recursion
typing/invalid/recursive-closure-inferred-result.hd	type	reject:recursive-closure-needs-result-type	07-functions.md#recursion
typing/valid/local-types.hd	type	accept	03-names-and-scopes.md#function-and-closure-scopes
typing/valid/fresh-mutable-values.hd	type	accept	04-type-system.md#bindings-and-fresh-values
typing/valid/map-indexing.hd	type	accept	05-expressions.md#indexing
typing/valid/readonly-map-mutable-values.hd	type	accept	05-expressions.md#indexing
typing/invalid/readonly-map-entry-replacement.hd	type	reject:readonly-root	05-expressions.md#indexing
typing/valid/iteration-protocol.hd	type	accept	06-control-flow.md#for-loops
typing/valid/partly-consumed-iterator.hd	type	accept	06-control-flow.md#for-loops
typing/valid/mutable-paths.hd	type	accept	04-type-system.md#mutable-paths
typing/valid/readonly-callable-mutable-result.hd	type	accept	04-type-system.md#composite-values-and-access-permission
typing/invalid/readonly-mut-field-reassignment.hd	type	reject:readonly-root	04-type-system.md#mutable-paths
typing/invalid/readonly-mut-field-mutation.hd	type	reject:readonly-root	04-type-system.md#mutable-paths
typing/invalid/readonly-mut-field-method.hd	type	reject:mutable-receiver-required	04-type-system.md#mutable-paths
typing/valid/readonly-outer-mutable-field-init.hd	type	accept	04-type-system.md#mutable-paths
typing/valid/names-and-scopes.hd	type	accept	03-names-and-scopes.md#lexical-scopes
typing/valid/module-bindings.hd	type	accept	03-names-and-scopes.md#module-scope
typing/valid/prelude-surface.hd	type	accept	10-modules.md#prelude
typing/invalid/forward-module-binding.hd	type	reject:binding-not-yet-visible	03-names-and-scopes.md#module-scope
typing/valid/newtypes-and-widening.hd	type	accept	04-type-system.md#numeric-conversions
typing/valid/numeric-types.hd	type	accept	04-type-system.md#numeric-conversions
typing/valid/option-result.hd	type	accept	04-type-system.md#result-types
typing/valid/explicit-discard-and-void-result.hd	type	accept	04-type-system.md#result-types
typing/valid/generic-result-permission.hd	type	accept	04-type-system.md#result-types
typing/valid/data-types.hd	type	accept	08-data-and-enums.md#construction-and-access
typing/valid/copy-update-permissions.hd	type	accept	05-expressions.md#data-expressions
typing/valid/generic-field-permission.hd	type	accept	04-type-system.md#mutable-paths
typing/invalid/readonly-generic-field-init.hd	type	reject:mutable-upgrade	04-type-system.md#mutable-paths
typing/invalid/readonly-spread-mutable-field.hd	type	reject:mutable-upgrade	05-expressions.md#data-expressions
typing/invalid/copy-update-readonly-child.hd	type	reject:readonly-edge	04-type-system.md#mutable-paths
typing/valid/data-field-defaults.hd	type	accept	08-data-and-enums.md#data-declarations
typing/valid/data-default-calls-function-value.hd	type	accept	08-data-and-enums.md#data-declarations
typing/invalid/missing-required-data-field.hd	type	reject:missing-required-field	08-data-and-enums.md#construction-and-access
typing/valid/trait-features.hd	type	accept	09-traits.md
typing/valid/associated-type-bindings.hd	type	accept	09-traits.md#associated-type-bindings
typing/invalid/associated-binding-mismatch.hd	type	reject:unsatisfied-trait-bound	09-traits.md#associated-type-bindings
typing/invalid/unknown-associated-type.hd	type	reject:unknown-associated-type	09-traits.md#associated-type-bindings
typing/invalid/supertrait-associated-binding.hd	type	reject:unknown-associated-type	09-traits.md#associated-type-bindings
typing/invalid/duplicate-associated-binding.hd	type	reject:duplicate-associated-binding	09-traits.md#associated-type-bindings
runtime/valid/associated-type-bindings.hd	runtime	accept	09-traits.md#associated-type-bindings
typing/valid/traits.hd	type	accept	09-traits.md
typing/invalid/break-value-without-else.hd	type	reject:break-value-context	06-control-flow.md#break-continue-and-loop-else
typing/invalid/top-level-return.hd	type	reject:return-outside-function	06-control-flow.md#return
typing/invalid/reassign-short-binding.hd	type	reject:non-reassignable-binding	03-names-and-scopes.md#local-bindings
typing/invalid/possibly-uninitialized-binding.hd	type	reject:possibly-uninitialized-binding	03-names-and-scopes.md#binding-expressions
typing/invalid/readonly-mutation.hd	type	reject:readonly-root	04-type-system.md#mutable-paths
typing/invalid/readonly-function-result.hd	type	reject:readonly-argument-to-mutable-parameter	04-type-system.md#bindings-and-fresh-values
typing/invalid/mut-upgrade.hd	type	reject:mutable-upgrade	04-type-system.md#assignability-and-coercion
typing/invalid/integer-narrowing.hd	type	reject:implicit-narrowing	04-type-system.md#numeric-conversions
typing/invalid/integer-literal-range.hd	type	reject:integer-literal-range	04-type-system.md#literal-types
typing/invalid/float-literal-range.hd	type	reject:float-literal-range	04-type-system.md#literal-types
typing/invalid/heterogeneous-list.hd	type	reject:no-common-type	05-expressions.md#list-and-map-expressions
typing/invalid/invalid-map-key.hd	type	reject:invalid-map-key	04-type-system.md#map-key-types
typing/invalid/nominal-map-key.hd	type	reject:invalid-map-key	04-type-system.md#map-key-types
typing/invalid/tuple-map-key.hd	type	reject:invalid-map-key	04-type-system.md#map-key-types
typing/invalid/float-map-key.hd	type	reject:invalid-map-key	04-type-system.md#map-key-types
typing/valid/generic-map-key.hd	type	accept	04-type-system.md#map-key-types
typing/valid/pack-map.hd	type	accept	12-variadic-generics.md#pack-mapping
typing/invalid/pack-map-mapper-mismatch.hd	type	reject:pack-map-mapper-mismatch	12-variadic-generics.md#pack-mapping
typing/valid/mutable-suspension.hd	type	accept	11-requirements-and-suspension.md#suspending-functions
typing/valid/stored-suspension-driving.hd	type	accept	11-requirements-and-suspension.md#suspending-functions
typing/invalid/readonly-suspension-cancel.hd	type	reject:mutable-receiver-required	11-requirements-and-suspension.md#suspending-functions
typing/invalid/user-suspend-implementation.hd	type	reject:sealed-trait-implementation	11-requirements-and-suspension.md#suspendt-protocol
runtime/panic/invalidated-iterator.hd	runtime	panic:iterator-invalidated	06-control-flow.md#for-loops
typing/invalid/mixed-signedness.hd	type	reject:mixed-signedness	04-type-system.md#numeric-conversions
typing/invalid/unsigned-negation.hd	type	reject:unsigned-negation	05-expressions.md#unary-and-binary-operators
typing/invalid/nonnumeric-unary-plus.hd	type	reject:nonnumeric-unary-plus	05-expressions.md#unary-and-binary-operators
runtime/panic/integer-divide-by-zero.hd	runtime	panic:integer-division-by-zero	05-expressions.md#unary-and-binary-operators
typing/invalid/missing-mutable-edge.hd	type	reject:readonly-edge	04-type-system.md#mutable-paths
typing/invalid/none-to-any.hd	type	reject:missing-contextual-enum-type	04-type-system.md#optional-types
typing/invalid/nonexhaustive-match.hd	type	reject:nonexhaustive-match	06-control-flow.md#match-expressions
typing/invalid/discarded-result.hd	type	reject:discarded-must-use-value	06-control-flow.md#blocks-and-completion
typing/invalid/discarded-suspension.hd	type	reject:discarded-must-use-value	06-control-flow.md#blocks-and-completion
typing/invalid/guarded-match-not-exhaustive.hd	type	reject:nonexhaustive-match	06-control-flow.md#match-expressions
typing/invalid/duplicate-data-pattern-field.hd	type	reject:duplicate-data-pattern-field	06-control-flow.md#match-expressions
typing/invalid/contextual-variant-without-type.hd	type	reject:missing-contextual-enum-type	05-expressions.md#names
typing/invalid/nonexhaustive-bool-match.hd	type	reject:nonexhaustive-match	06-control-flow.md#match-expressions
typing/invalid/overload.hd	type	reject:duplicate-module-name	03-names-and-scopes.md#name-categories
typing/invalid/redeclare-core-type.hd	type	reject:prelude-name-shadow	03-names-and-scopes.md#name-categories
typing/invalid/prelude-shadow.hd	type	reject:prelude-name-shadow	10-modules.md#prelude
typing/invalid/function-equality.hd	type	reject:unsupported-equality	05-expressions.md#unary-and-binary-operators
typing/invalid/unsaturated-enum-constructor.hd	type	reject:unsaturated-enum-constructor	08-data-and-enums.md#enum-declarations
typing/invalid/ambiguous-trait-method.hd	type	reject:ambiguous-method	09-traits.md#method-resolution
typing/invalid/unsafe-dynamic-trait.hd	type	reject:trait-not-dynamically-safe	09-traits.md#dynamic-trait-values
typing/invalid/orphan-impl.hd	type	reject:orphan-impl	09-traits.md#trait-implementations
typing/invalid/local-impl-nonlocal-pair.hd	type	reject:local-impl-nonlocal-pair	09-traits.md#trait-implementations
typing/invalid/private-type-leak.hd	type	reject:private-type-leak	10-modules.md#public-uses-and-visibility
typing/invalid/private-type-embedded-in-public-data.hd	type	reject:private-type-leak	08-data-and-enums.md#data-declarations
typing/valid/private-data-embeds-private-type.hd	type	accept	08-data-and-enums.md#data-declarations
typing/invalid/variance-position.hd	type	reject:invalid-variance	04-type-system.md#variance
typing/warnings/unreachable-code.hd	type	warn:unreachable-code	06-control-flow.md#unreachable-code
typing/warnings/unused-local-binding.hd	type	warn:unused-local-binding	06-control-flow.md#blocks-and-completion
typing/invalid/duplicate-data-field.hd	type	reject:duplicate-field	08-data-and-enums.md#construction-and-access
typing/valid/requirements-and-suspension.hd	type	accept	11-requirements-and-suspension.md
typing/valid/variadic-generics.hd	type	accept	12-variadic-generics.md
typing/valid/gadts.hd	type	accept	13-gadts.md
typing/valid/annotations.hd	type	accept	14-annotations.md#member-metadata
typing/valid/data-decorator.hd	type	accept	14-annotations.md#prefix-decorators
typing/valid/embedded-field-decorator.hd	type	accept	14-annotations.md#prefix-decorators
typing/valid/derived-equality.hd	type	accept	09-traits.md#comparison-traits
typing/valid/derived-hash.hd	type	accept	09-traits.md#comparison-traits
typing/invalid/derived-hash-field-not-hash.hd	type	reject:derive-field-missing-trait	09-traits.md#r-trait.derive.field-missing-trait
typing/valid/derived-ordering.hd	type	accept	09-traits.md#comparison-traits
typing/invalid/derived-total-order-float.hd	type	reject:derive-field-missing-trait	09-traits.md#r-trait.derive.field-missing-trait
typing/valid/optional-some-pattern.hd	type	accept	06-control-flow.md#match-expressions
typing/invalid/some-pattern-nonoptional.hd	type	reject:missing-contextual-enum-type	06-control-flow.md#match-expressions
parse/valid/decorators.hd	parse	accept	02-grammar.md#annotations
typing/invalid/missing-requirement.hd	type	reject:missing-requirement	11-requirements-and-suspension.md#requirement-rows
typing/invalid/bang-call-outside-suspension.hd	type	reject:bang-call-outside-suspension	11-requirements-and-suspension.md#suspending-functions
typing/invalid/pack-length-mismatch.hd	type	reject:pack-length-mismatch	12-variadic-generics.md#lockstep-expansion
typing/invalid/impossible-gadt-pattern.hd	type	reject:impossible-gadt-pattern	13-gadts.md#pattern-refinement
typing/invalid/unknown-annotation-member.hd	type	reject:unknown-annotation-member	14-annotations.md#member-metadata
typing/invalid/partial-generic-arguments.hd	type	reject:partial-generic-arguments	07-functions.md#generic-functions
typing/valid/generic-argument-placeholder.hd	type	accept	07-functions.md#generic-functions
typing/invalid/unresolved-generic-placeholder.hd	type	reject:unresolved-generic-placeholder	07-functions.md#generic-functions
typing/valid/explicit-generic-method.hd	type	accept	07-functions.md#generic-functions
typing/invalid/partial-generic-method-arguments.hd	type	reject:partial-generic-arguments	07-functions.md#generic-functions
typing/invalid/reassign-parameter.hd	type	reject:non-reassignable-parameter-binding	07-functions.md#parameters
typing/valid/parameter-decorator.hd	type	accept	14-annotations.md#prefix-decorators
typing/valid/retention-metadata.hd	type	accept	14-annotations.md#member-metadata
typing/invalid/retention-missing-field.hd	type	reject:unknown-shape-target	14-annotations.md#common-shape-representation
parse/invalid/local-decorator.hd	parse	reject:decorator-not-top-level	14-annotations.md#r-annot.decorator.no-locals
typing/invalid/covariant-gadt-result.hd	type	reject:invalid-variance	04-type-system.md#variance
typing/valid/invariant-gadt-result.hd	type	accept	04-type-system.md#variance
typing/invalid/variance-representation-change.hd	type	reject:variance-representation-change	04-type-system.md#variance
typing/valid/variance-permission-weakening.hd	type	accept	04-type-system.md#variance
typing/invalid/transitive-uninitialized-binding.hd	type	reject:top-level-read-before-initialization	10-modules.md#module-initialization
typing/valid/transitive-initialized-binding.hd	type	accept	10-modules.md#module-initialization
runtime/valid/module-initialization-before-main.hd	runtime	accept	10-modules.md#module-initialization
runtime/valid/cancellation-unwinds-nested-frames.hd	runtime	accept	11-requirements-and-suspension.md#suspendt-protocol
runtime/valid/cancellation-unwinds-suspending-closure.hd	runtime	accept	11-requirements-and-suspension.md#cancellation
typing/valid/provider-capturing-closure.hd	type	accept	07-functions.md#captures
typing/invalid/row-extension-unsound.hd	type	reject:missing-requirement	11-requirements-and-suspension.md#requirement-rows
typing/valid/row-extension-entailment.hd	type	accept	11-requirements-and-suspension.md#requirement-rows
typing/invalid/mutable-impl-target.hd	type	reject:mutable-impl-target	09-traits.md#implementation-targets
typing/invalid/mutable-inherent-impl-target.hd	type	reject:mutable-impl-target	09-traits.md#implementation-targets
typing/valid/impl-serves-mutable-view.hd	type	accept	09-traits.md#implementation-targets
typing/invalid/bare-parameter-impl-target.hd	type	reject:bare-parameter-impl-target	09-traits.md#implementation-targets
typing/invalid/overlapping-impl-unifying-targets.hd	type	reject:overlapping-impl	09-traits.md#overlap
typing/invalid/overlapping-impl-despite-bounds.hd	type	reject:overlapping-impl	09-traits.md#overlap
typing/valid/impl-distinct-trait-arguments.hd	type	accept	09-traits.md#overlap
typing/invalid/iterator-for-iterable-bound.hd	type	reject:unsatisfied-trait-bound	06-control-flow.md#for-loops
runtime/valid/user-iterable-for-loop.hd	runtime	accept	06-control-flow.md#for-loops
typing/valid/trait-argument-owner-impl.hd	type	accept	09-traits.md#implementation-ownership
typing/invalid/orphan-impl-nested-trait-argument.hd	type	reject:orphan-impl	09-traits.md#implementation-ownership
typing/invalid/orphan-impl-foreign-trait-argument.hd	type	reject:orphan-impl	09-traits.md#implementation-ownership
runtime/valid/inherent-method-beats-trait-method.hd	runtime	accept	09-traits.md#method-resolution
typing/invalid/ambiguous-default-and-written-trait-method.hd	type	reject:ambiguous-method	09-traits.md#method-resolution
typing/invalid/child-trait-redeclares-supertrait-member.hd	type	reject:duplicate-trait-member	09-traits.md#trait-declarations
typing/invalid/child-trait-redeclares-transitive-supertrait-member.hd	type	reject:duplicate-trait-member	09-traits.md#trait-declarations
typing/valid/child-trait-distinct-member-names.hd	type	accept	09-traits.md#trait-declarations
typing/invalid/nonhost-entry-requirement.hd	type	reject:nonhost-entry-requirement	11-requirements-and-suspension.md#provider-access
typing/valid/host-entry-requirement.hd	type	accept	11-requirements-and-suspension.md#provider-access
typing/invalid/derived-generic-bound.hd	type	reject:missing-derived-bound	09-traits.md#r-trait.derive.bound-unmet
typing/valid/derived-generic-bound.hd	type	accept	09-traits.md#comparison-traits
typing/valid/row-kinded-arguments.hd	type	accept	02-grammar.md#types
typing/invalid/row-kind-mismatch.hd	type	reject:generic-kind-mismatch	02-grammar.md#types
typing/invalid/multiple-positional-value-packs.hd	type	reject:multiple-positional-value-packs	12-variadic-generics.md#pattern-expansion
typing/invalid/least-type-weakening-variance.hd	type	reject:no-least-common-type	04-type-system.md#least-common-type
typing/valid/mutable-closure-capture.hd	type	accept	07-functions.md#captures
typing/warnings/variant-binding-name-mismatch.hd	type	warn:variant-binding-name-mismatch	06-control-flow.md#match-expressions
typing/valid/named-variant-bindings.hd	type	accept	06-control-flow.md#match-expressions
typing/valid/blanket-impl-and-associated-function.hd	type	accept	09-traits.md#trait-implementations
typing/valid/numeric-widening-and-display-list.hd	type	accept	04-type-system.md#numeric-conversions
typing/valid/row-polymorphic-callback.hd	type	accept	11-requirements-and-suspension.md#requirement-polymorphism
typing/valid/string-semantics.hd	type	accept	04-type-system.md#strings
typing/invalid/string-indexing.hd	type	reject:unsupported-string-indexing	04-type-system.md#strings
typing/valid/numeric-corners.hd	type	accept	04-type-system.md#numeric-conversions
runtime/panic/signed-min-division-overflow.hd	runtime	panic:integer-overflow	04-type-system.md#numeric-conversions
typing/valid/composite-ordering.hd	type	accept	05-expressions.md#unary-and-binary-operators
runtime/valid/map-insertion-order.hd	runtime	accept	05-expressions.md#list-and-map-expressions
typing/invalid/unbounded-generic-identity.hd	type	reject:identity-needs-reference-bound	04-type-system.md#generics
typing/valid/reference-generic-identity.hd	type	accept	04-type-system.md#generics
typing/invalid/tuple-identity.hd	type	reject:identity-requires-references	05-expressions.md#unary-and-binary-operators
typing/invalid/private-requirement-row.hd	type	reject:private-type-leak	10-modules.md#public-uses-and-visibility
typing/valid/public-requirement-row.hd	type	accept	10-modules.md#public-uses-and-visibility
typing/valid/shape-api.hd	type	accept	14-annotations.md#common-shape-representation
typing/invalid/metadata-type-as-value.hd	type	reject:type-used-as-value	14-annotations.md#common-shape-representation
parse/invalid/doc-comment-without-target.hd	parse	reject:doc-comment-without-target	01-lexical-structure.md#comments
parse/valid/doc-comments.hd	parse	accept	01-lexical-structure.md#comments
parse/valid/consecutive-trailing-block-calls.hd	parse	accept	07-functions.md#trailing-callback-blocks
parse/invalid/two-trailing-blocks.hd	parse	reject:trailing-block-position	07-functions.md#trailing-callback-blocks
typing/invalid/contravariant-representation-change.hd	type	reject:variance-representation-change	04-type-system.md#variance
typing/invalid/generic-requirement-key-collision.hd	type	reject:generic-requirement-key-collision	11-requirements-and-suspension.md#provider-scopes
typing/valid/distinct-requirement-keys.hd	type	accept	11-requirements-and-suspension.md#provider-scopes
runtime/panic/nested-block-on.hd	runtime	panic:suspension-nested-driver	11-requirements-and-suspension.md#suspending-functions
typing/invalid/assert-equal-non-eq.hd	type	reject:missing-partial-eq	10-modules.md#standard-testing
typing/invalid/supertrait-cycle.hd	type	reject:supertrait-cycle	09-traits.md#trait-declarations
typing/invalid/missing-trait-method.hd	type	reject:missing-trait-method	09-traits.md#trait-implementations
typing/invalid/trait-method-signature.hd	type	reject:trait-method-signature	09-traits.md#trait-implementations
typing/invalid/duplicate-inherent-member.hd	type	reject:duplicate-inherent-member	09-traits.md#inherent-implementations
typing/invalid/variant-result-owner.hd	type	reject:variant-result-owner	13-gadts.md
typing/invalid/duplicate-trait-member.hd	type	reject:duplicate-trait-member	09-traits.md#trait-declarations
typing/valid/resource-disposed-result.hd	type	accept	10-modules.md#wasm-boundary
typing/invalid/prelude-shadow-shape-parameter.hd	type	reject:prelude-name-shadow	14-annotations.md#shape-intrinsics
typing/invalid/shape-of-local-binding.hd	type	reject:unknown-shape-target	14-annotations.md#shape-intrinsics
typing/invalid/shape-of-closure.hd	type	reject:unknown-shape-target	14-annotations.md#shape-intrinsics
typing/invalid/unknown-shape-variant.hd	type	reject:unknown-shape-target	14-annotations.md#shape-intrinsics
typing/invalid/suspension-forbidden-context.hd	type	reject:suspension-forbidden-context	11-requirements-and-suspension.md#suspending-functions
typing/invalid/reimport-prelude-name.hd	type	reject:prelude-name-shadow	10-modules.md#prelude
parse/invalid/multi-binding-needs-parentheses.hd	parse	reject:multi-binding-needs-parentheses	02-grammar.md#expressions
typing/invalid/mixed-numeric-power.hd	type	reject:mixed-numeric-types	05-expressions.md#unary-and-binary-operators
runtime/panic/second-suspension-drive.hd	runtime	panic:suspension-invalid-state	11-requirements-and-suspension.md#suspendt-protocol
runtime/panic/test-block-on.hd	runtime	panic:suspension-nested-driver	11-requirements-and-suspension.md#r-req.bang.test-driven
runtime/panic/reentrant-cancel.hd	runtime	panic:suspension-reentrant-poll	11-requirements-and-suspension.md#suspendt-protocol
runtime/valid/construction-provider-capture.hd	runtime	accept	11-requirements-and-suspension.md#construction-time-requirement-binding
runtime/valid/resource-disposed-result.hd	runtime	accept	10-modules.md#wasm-boundary
runtime/panic/competing-suspension-drivers.hd	runtime	panic:suspension-competing-driver	11-requirements-and-suspension.md#suspendt-protocol
runtime/panic/reentrant-suspension-poll.hd	runtime	panic:suspension-reentrant-poll	11-requirements-and-suspension.md#suspendt-protocol
typing/invalid/nonfinal-positional-value-pack.hd	type	reject:nonfinal-positional-value-pack	12-variadic-generics.md#pattern-expansion
typing/valid/console-error-entry.hd	type	accept	10-modules.md#executable-entry-point
typing/invalid/nondisplay-entry-error.hd	type	reject:unsatisfied-trait-bound	10-modules.md#r-module.entry.result-termination
typing/valid/defer-cleanup.hd	type	accept	06-control-flow.md#deferred-cleanup
typing/invalid/top-level-defer.hd	type	reject:defer-outside-cleanup-scope	06-control-flow.md#deferred-cleanup
typing/invalid/defer-suspends.hd	type	reject:suspending-defer	06-control-flow.md#deferred-cleanup
typing/invalid/defer-block-on.hd	type	reject:suspension-forbidden-context	06-control-flow.md#deferred-cleanup
runtime/valid/defer-order.hd	runtime	accept	06-control-flow.md#deferred-cleanup
runtime/valid/cancellation-runs-defer.hd	runtime	accept	11-requirements-and-suspension.md#cancellation
runtime/valid/generic-data-embedding.hd	runtime	accept	08-data-and-enums.md#data-embedding
parse/valid/unicode-escape.hd	parse	accept	01-lexical-structure.md#string-and-character-literals
parse/invalid/brace-escape.hd	parse	reject:invalid-escape	01-lexical-structure.md#string-and-character-literals
parse/valid/curried-function-type.hd	parse	accept	02-grammar.md#types
parse/valid/string-in-interpolation.hd	parse	accept	01-lexical-structure.md#string-and-character-literals
parse/valid/nested-named-arguments.hd	parse	accept	02-grammar.md#calls-and-arguments
parse/valid/context-spread-after-binding.hd	parse	accept	11-requirements-and-suspension.md#provider-scopes
parse/invalid/prefix-context-spread-in-scope.hd	parse	reject:syntax-error	11-requirements-and-suspension.md#provider-scopes
parse/invalid/prefix-context-spread-in-context.hd	parse	reject:syntax-error	11-requirements-and-suspension.md#provider-scopes
parse/invalid/stray-dollar.hd	parse	reject:syntax-error	01-lexical-structure.md#string-and-character-literals
parse/invalid/same-line-suite-comma.hd	parse	reject:syntax-error	02-grammar.md#statements
parse/invalid/same-line-let-comma.hd	parse	reject:syntax-error	02-grammar.md#statements
parse/invalid/discard-binding-ends-in-suite.hd	parse	reject:syntax-error	02-grammar.md#statements
parse/invalid/return-binding-ends-in-suite.hd	parse	reject:syntax-error	02-grammar.md#statements
parse/valid/raw-string-escaped-quote.hd	parse	accept	01-lexical-structure.md#r-lex.prefix.backslash
parse/invalid/repeated-numeric-separator.hd	parse	reject:invalid-token	01-lexical-structure.md#integer-literals
runtime/panic/assert-equal-bool-unequal.hd	runtime	panic:assertion-failed	10-modules.md#standard-testing
runtime/panic/assert-equal-char-unequal.hd	runtime	panic:assertion-failed	10-modules.md#standard-testing
runtime/panic/assert-equal-f64-unequal.hd	runtime	panic:assertion-failed	10-modules.md#standard-testing
runtime/panic/assert-equal-generic-nominal-unequal.hd	runtime	panic:assertion-failed	10-modules.md#standard-testing
runtime/panic/assert-equal-generic-primitive-unequal.hd	runtime	panic:assertion-failed	10-modules.md#standard-testing
runtime/panic/assert-equal-i32-unequal.hd	runtime	panic:assertion-failed	10-modules.md#standard-testing
runtime/panic/assert-equal-list-unequal.hd	runtime	panic:assertion-failed	10-modules.md#standard-testing
runtime/panic/assert-equal-map-unequal.hd	runtime	panic:assertion-failed	10-modules.md#standard-testing
runtime/panic/assert-equal-nominal-unequal.hd	runtime	panic:assertion-failed	10-modules.md#standard-testing
runtime/panic/assert-equal-optional-unequal.hd	runtime	panic:assertion-failed	10-modules.md#standard-testing
runtime/panic/assert-equal-result-unequal.hd	runtime	panic:assertion-failed	10-modules.md#standard-testing
runtime/panic/assert-equal-string-unequal.hd	runtime	panic:assertion-failed	10-modules.md#standard-testing
runtime/panic/assert-equal-tuple-unequal.hd	runtime	panic:assertion-failed	10-modules.md#standard-testing
runtime/valid/assert-equal-bool.hd	runtime	accept	10-modules.md#standard-testing
runtime/valid/assert-equal-char.hd	runtime	accept	10-modules.md#standard-testing
runtime/valid/assert-equal-cross-check.hd	runtime	accept	10-modules.md#standard-testing
runtime/valid/assert-equal-f64.hd	runtime	accept	10-modules.md#standard-testing
runtime/valid/assert-equal-float-edge-values.hd	runtime	accept	05-expressions.md#unary-and-binary-operators
runtime/valid/assert-equal-generic-nominal.hd	runtime	accept	10-modules.md#standard-testing
runtime/valid/assert-equal-generic-primitive.hd	runtime	accept	10-modules.md#standard-testing
runtime/valid/assert-equal-i32.hd	runtime	accept	10-modules.md#standard-testing
runtime/valid/assert-equal-list.hd	runtime	accept	10-modules.md#standard-testing
runtime/valid/assert-equal-map.hd	runtime	accept	10-modules.md#standard-testing
runtime/valid/assert-equal-nominal.hd	runtime	accept	10-modules.md#standard-testing
runtime/valid/assert-equal-optional.hd	runtime	accept	10-modules.md#standard-testing
runtime/valid/assert-equal-result.hd	runtime	accept	10-modules.md#standard-testing
runtime/valid/assert-equal-string.hd	runtime	accept	10-modules.md#standard-testing
runtime/valid/assert-equal-tuple.hd	runtime	accept	10-modules.md#standard-testing
runtime/valid/reference-bounded-dynamic-method.hd	runtime	accept	04-type-system.md#trait-values-and-any
typing/invalid/non-reference-bound-dynamic-method.hd	type	reject:trait-not-dynamically-safe	09-traits.md#dynamic-trait-values
typing/invalid/tuple-element-assignment.hd	type	reject:invalid-assignment-target	05-expressions.md#expression-categories
runtime/valid/tuple-rebuild.hd	runtime	accept	05-expressions.md#expression-categories
typing/invalid/init-read-through-generic-bound.hd	type	reject:top-level-read-before-initialization	10-modules.md#module-initialization
typing/invalid/init-read-through-trait-value.hd	type	reject:top-level-read-before-initialization	10-modules.md#module-initialization
runtime/valid/init-read-through-trait-dispatch.hd	runtime	accept	10-modules.md#module-initialization
runtime/valid/unsigned-exponent.hd	runtime	accept	05-expressions.md#unary-and-binary-operators
typing/invalid/signed-exponent.hd	type	reject:type-mismatch	05-expressions.md#unary-and-binary-operators
typing/valid/nonpublic-main-ordinary.hd	type	accept	10-modules.md#executable-entry-point
runtime/valid/shared-data-variant-identity.hd	runtime	accept	05-expressions.md#unary-and-binary-operators
typing/invalid/inferred-mutable-upgrade.hd	type	reject:mutable-upgrade	04-type-system.md#composite-values-and-access-permission
typing/valid/inferred-mutable-from-mutable.hd	type	accept	04-type-system.md#composite-values-and-access-permission
runtime/valid/identity-ignores-permissions.hd	runtime	accept	05-expressions.md#unary-and-binary-operators
runtime/valid/fieldless-data-canonical.hd	runtime	accept	08-data-and-enums.md#data-declarations
typing/invalid/indirect-supertrait-cycle.hd	type	reject:supertrait-cycle	09-traits.md#trait-declarations
typing/valid/supertrait-chain.hd	type	accept	09-traits.md#trait-declarations
typing/invalid/parameter-default-later-parameter.hd	type	reject:binding-not-yet-visible	07-functions.md#default-values
typing/valid/parameter-default-writes-state.hd	type	accept	07-functions.md#default-values
runtime/valid/parameter-default-earlier-parameter.hd	runtime	accept	07-functions.md#default-values
typing/invalid/nonfinal-vararg-declaration.hd	type	reject:nonfinal-vararg	07-functions.md#varargs
typing/invalid/nonfinal-vararg-function-type.hd	type	reject:nonfinal-vararg	07-functions.md#varargs
runtime/valid/final-vararg.hd	runtime	accept	07-functions.md#varargs
typing/invalid/method-without-requirement-clause.hd	type	reject:missing-requirement	11-requirements-and-suspension.md#requirement-rows
typing/valid/declaration-owns-requirement-clause.hd	type	accept	02-grammar.md#types
typing/invalid/declaration-requirement-not-on-result.hd	type	reject:missing-requirement	02-grammar.md#types
parse/invalid/unparenthesized-result-row.hd	parse	reject:syntax-error	02-grammar.md#types
typing/valid/local-fn-in-provider-scope.hd	type	accept	11-requirements-and-suspension.md#requirement-rows
runtime/valid/function-value-argument.hd	runtime	accept	07-functions.md#function-types-and-values
runtime/valid/function-field-returns-mutable-data.hd	runtime	accept	07-functions.md#function-types-and-values
runtime/valid/requirement-function-value.hd	runtime	accept	11-requirements-and-suspension.md#requirement-polymorphism
runtime/valid/trailing-callback-blocks.hd	runtime	accept	07-functions.md#trailing-callback-blocks
runtime/valid/closure-captures-local.hd	runtime	accept	07-functions.md#captures
runtime/valid/nested-closure-captures.hd	runtime	accept	07-functions.md#captures
runtime/valid/closure-captures-provider-scope.hd	runtime	accept	11-requirements-and-suspension.md#construction-time-requirement-binding
runtime/valid/closure-inferred-requirement-row.hd	runtime	accept	11-requirements-and-suspension.md#construction-time-requirement-binding
typing/invalid/closure-inferred-row-missing-requirement.hd	type	reject:missing-requirement	11-requirements-and-suspension.md#construction-time-requirement-binding
runtime/valid/closure-explicit-requirement-row.hd	runtime	accept	11-requirements-and-suspension.md#construction-time-requirement-binding
runtime/valid/generic-list-element.hd	runtime	accept	05-expressions.md#list-and-map-expressions
typing/invalid/heterogeneous-list-bool-int.hd	type	reject:no-common-type	05-expressions.md#list-and-map-expressions
typing/invalid/float-literal-map-key.hd	type	reject:invalid-map-key	04-type-system.md#map-key-types
typing/invalid/heterogeneous-map-values.hd	type	reject:no-common-type	05-expressions.md#list-and-map-expressions
runtime/valid/map-lookup-and-duplicate-keys.hd	runtime	accept	05-expressions.md#list-and-map-expressions
runtime/valid/list-of-trait-values.hd	runtime	accept	09-traits.md#dynamic-trait-values
runtime/valid/generic-data-fields.hd	runtime	accept	04-type-system.md#generics
typing/invalid/generic-data-field-type-mismatch.hd	type	reject:type-mismatch	04-type-system.md#generics
runtime/valid/generic-enum-payloads.hd	runtime	accept	08-data-and-enums.md#generic-and-recursive-enums
runtime/valid/generic-callable-adapter.hd	runtime	accept	07-functions.md#generic-functions
typing/invalid/generic-inference-conflict.hd	type	reject:type-mismatch	07-functions.md#generic-functions
runtime/valid/generic-inference-scalars-and-data.hd	runtime	accept	07-functions.md#generic-functions
typing/invalid/unresolved-generic-return-placeholder.hd	type	reject:unresolved-generic-placeholder	07-functions.md#generic-functions
runtime/valid/generic-optional-and-result.hd	runtime	accept	07-functions.md#generic-functions
runtime/valid/reference-identity.hd	runtime	accept	05-expressions.md#unary-and-binary-operators
runtime/valid/requirement-row-forwarded-through-calls.hd	runtime	accept	11-requirements-and-suspension.md#requirement-polymorphism
typing/invalid/provider-spread-of-non-context.hd	type	reject:type-mismatch	11-requirements-and-suspension.md#provider-scopes
typing/invalid/context-result-type-mismatch.hd	type	reject:type-mismatch	11-requirements-and-suspension.md#provider-scopes
typing/valid/context-spread-normalization.hd	type	accept	11-requirements-and-suspension.md#provider-scopes
runtime/valid/context-values-install-providers.hd	runtime	accept	11-requirements-and-suspension.md#provider-scopes
typing/invalid/generic-provider-key-collision-nested.hd	type	reject:generic-requirement-key-collision	11-requirements-and-suspension.md#requirement-polymorphism
typing/valid/generic-provider-keys-consistent-substitution.hd	type	accept	11-requirements-and-suspension.md#requirement-polymorphism
typing/valid/generic-provider-keys-distinct.hd	type	accept	11-requirements-and-suspension.md#requirement-polymorphism
typing/valid/generic-provider-keys-occurs-check.hd	type	accept	11-requirements-and-suspension.md#requirement-polymorphism
typing/invalid/generic-provider-key-collision-spread.hd	type	reject:generic-requirement-key-collision	11-requirements-and-suspension.md#requirement-polymorphism
typing/invalid/call-missing-requirement.hd	type	reject:missing-requirement	11-requirements-and-suspension.md#requirement-rows
typing/valid/requirement-row-plus-list.hd	type	accept	11-requirements-and-suspension.md#requirement-rows
typing/valid/requirement-row-duplicate-keys.hd	type	accept	11-requirements-and-suspension.md#requirement-rows
typing/invalid/use-without-provider.hd	type	reject:missing-requirement	11-requirements-and-suspension.md#provider-access
typing/invalid/provider-value-type-mismatch.hd	type	reject:type-mismatch	11-requirements-and-suspension.md#provider-access
runtime/valid/nested-provider-scope.hd	runtime	accept	11-requirements-and-suspension.md#provider-scopes
runtime/valid/row-polymorphic-forwarding.hd	runtime	accept	11-requirements-and-suspension.md#requirement-polymorphism
typing/invalid/row-inference-conflict.hd	type	reject:type-mismatch	11-requirements-and-suspension.md#requirement-polymorphism
runtime/valid/row-inference-empty-row.hd	runtime	accept	11-requirements-and-suspension.md#requirement-polymorphism
typing/invalid/row-inference-unavailable-provider.hd	type	reject:missing-requirement	11-requirements-and-suspension.md#requirement-polymorphism
runtime/valid/row-polymorphic-union-forwarding.hd	runtime	accept	11-requirements-and-suspension.md#requirement-polymorphism
runtime/valid/row-variable-binds-union.hd	runtime	accept	11-requirements-and-suspension.md#requirement-polymorphism
typing/invalid/row-extension-without-provider.hd	type	reject:missing-requirement	11-requirements-and-suspension.md#requirement-polymorphism
runtime/valid/row-extension-provider-restoration.hd	runtime	accept	11-requirements-and-suspension.md#requirement-polymorphism
runtime/valid/row-variable-plus-key.hd	runtime	accept	11-requirements-and-suspension.md#requirement-polymorphism
runtime/valid/trait-default-method-inherited.hd	runtime	accept	09-traits.md#trait-implementations
runtime/valid/trait-default-method-overridden.hd	runtime	accept	09-traits.md#trait-implementations
typing/invalid/ambiguous-method-two-traits.hd	type	reject:ambiguous-method	09-traits.md#trait-implementations
typing/invalid/trait-method-result-type-mismatch.hd	type	reject:trait-method-signature	09-traits.md#trait-implementations
typing/invalid/trait-impl-missing-method.hd	type	reject:missing-trait-method	09-traits.md#trait-implementations
runtime/valid/static-and-dynamic-trait-dispatch.hd	runtime	accept	09-traits.md#dynamic-trait-values
runtime/valid/embedded-field-satisfies-trait.hd	runtime	accept	09-traits.md#embedding-and-trait-satisfaction
runtime/valid/generic-bound-dispatch.hd	runtime	accept	09-traits.md#generic-bounds-and-static-dispatch
runtime/valid/inherent-methods.hd	runtime	accept	09-traits.md#inherent-implementations
runtime/valid/multiple-bounds-dispatch.hd	runtime	accept	09-traits.md#generic-bounds-and-static-dispatch
typing/invalid/readonly-trait-value-mutating-method.hd	type	reject:mutable-receiver-required	09-traits.md#trait-implementations
typing/invalid/readonly-data-mutating-trait-method.hd	type	reject:mutable-receiver-required	09-traits.md#trait-implementations
typing/invalid/trait-method-receiver-mismatch.hd	type	reject:trait-method-signature	09-traits.md#trait-implementations
runtime/valid/mutable-receivers.hd	runtime	accept	09-traits.md#dynamic-trait-values
runtime/valid/trait-value-as-provider.hd	runtime	accept	11-requirements-and-suspension.md#provider-scopes
runtime/valid/cancellation-runs-dynamic-method-defer.hd	runtime	accept	11-requirements-and-suspension.md#cancellation
runtime/valid/suspending-trait-default-method.hd	runtime	accept	11-requirements-and-suspension.md#suspending-functions
runtime/valid/suspending-trait-dispatch.hd	runtime	accept	11-requirements-and-suspension.md#suspending-functions
runtime/valid/heterogeneous-tuples.hd	runtime	accept	05-expressions.md#parenthesized-and-tuple-expressions
runtime/valid/conditional-call-program.hd	runtime	accept	06-control-flow.md#conditional-expressions
runtime/panic/i32-add-overflow-in-function.hd	runtime	panic:integer-overflow	04-type-system.md#numeric-conversions
typing/invalid/unary-plus-i32-literal-range.hd	type	reject:integer-literal-range	01-lexical-structure.md#integer-literals
runtime/panic/i32-min-divided-by-minus-one.hd	runtime	panic:integer-overflow	04-type-system.md#numeric-conversions
runtime/valid/i32-minimum-literal.hd	runtime	accept	05-expressions.md#unary-and-binary-operators
typing/invalid/signed-integer-exponent.hd	type	reject:type-mismatch	05-expressions.md#unary-and-binary-operators
runtime/panic/integer-power-overflow.hd	runtime	panic:integer-overflow	05-expressions.md#unary-and-binary-operators
runtime/valid/integer-power-associativity.hd	runtime	accept	05-expressions.md#unary-and-binary-operators
typing/invalid/power-mixed-numeric-types.hd	type	reject:mixed-numeric-types	05-expressions.md#unary-and-binary-operators
runtime/valid/floating-power.hd	runtime	accept	05-expressions.md#unary-and-binary-operators
typing/invalid/reassign-short-binding-in-function.hd	type	reject:non-reassignable-binding	03-names-and-scopes.md#local-bindings
typing/invalid/function-result-type-mismatch.hd	type	reject:type-mismatch	04-type-system.md#assignability-and-coercion
typing/invalid/nonfinal-vararg-then-parameter.hd	type	reject:nonfinal-vararg	07-functions.md#varargs
typing/invalid/unknown-value-name.hd	type	reject:unknown-name	03-names-and-scopes.md#lexical-scopes
runtime/valid/homogeneous-varargs.hd	runtime	accept	07-functions.md#varargs
typing/invalid/list-function-to-vararg-function-type.hd	type	reject:type-mismatch	07-functions.md#varargs
runtime/valid/vararg-function-values.hd	runtime	accept	07-functions.md#varargs
runtime/valid/parameter-defaults-after-explicit-arguments.hd	runtime	accept	07-functions.md#default-values
typing/invalid/parameter-default-type-mismatch.hd	type	reject:type-mismatch	07-functions.md#default-values
typing/invalid/suspending-parameter-default.hd	type	reject:suspension-forbidden-context	07-functions.md#default-values
runtime/valid/varargs-in-trait-and-suspending-methods.hd	runtime	accept	07-functions.md#varargs
runtime/valid/named-arguments-reordered.hd	runtime	accept	07-functions.md#positional-and-named-arguments
runtime/valid/named-arguments-source-evaluation-order.hd	runtime	accept	07-functions.md#positional-and-named-arguments
runtime/valid/named-enum-payload-evaluation-order.hd	runtime	accept	08-data-and-enums.md#enum-declarations
runtime/valid/named-enum-payload-patterns.hd	runtime	accept	08-data-and-enums.md#matching-enums
typing/invalid/literal-payload-pattern-nonexhaustive.hd	type	reject:nonexhaustive-match	08-data-and-enums.md#matching-enums
runtime/valid/literal-payload-patterns.hd	runtime	accept	08-data-and-enums.md#matching-enums
runtime/valid/shared-enum-data-defaults.hd	runtime	accept	08-data-and-enums.md#shared-enum-constructor-data
runtime/valid/named-arguments-trait-dispatch.hd	runtime	accept	07-functions.md#positional-and-named-arguments
typing/invalid/prelude-shadow-console-parameter.hd	type	reject:prelude-name-shadow	10-modules.md#prelude
typing/invalid/prelude-shadow-hash-local.hd	type	reject:prelude-name-shadow	10-modules.md#prelude
typing/invalid/prelude-shadow-println-function.hd	type	reject:prelude-name-shadow	10-modules.md#prelude
typing/invalid/prelude-shadow-result-generic.hd	type	reject:prelude-name-shadow	10-modules.md#prelude
typing/invalid/branch-binding-does-not-leak.hd	type	reject:unknown-name	03-names-and-scopes.md#control-flow-binding-scopes
runtime/valid/branch-scopes-shadow.hd	runtime	accept	03-names-and-scopes.md#control-flow-binding-scopes
runtime/valid/else-if-chain.hd	runtime	accept	06-control-flow.md#conditional-expressions
typing/invalid/break-outside-loop.hd	type	reject:break-outside-loop	06-control-flow.md#while-loops
runtime/valid/while-break-and-continue.hd	runtime	accept	06-control-flow.md#while-loops
runtime/valid/while-else-break-value.hd	runtime	accept	06-control-flow.md#break-continue-and-loop-else
typing/invalid/plain-break-in-value-loop.hd	type	reject:break-value-context	06-control-flow.md#break-continue-and-loop-else
typing/invalid/break-value-in-void-loop.hd	type	reject:break-value-context	06-control-flow.md#break-continue-and-loop-else
runtime/valid/while-else-exhaustion-value.hd	runtime	accept	06-control-flow.md#break-continue-and-loop-else
runtime/valid/for-loops-lists-and-maps.hd	runtime	accept	06-control-flow.md#for-loops
runtime/valid/data-fields-named-in-any-order.hd	runtime	accept	08-data-and-enums.md#data-declarations
runtime/valid/mutable-data-paths-share-identity.hd	runtime	accept	04-type-system.md#mutable-paths
runtime/valid/indexed-replacement-list-and-map.hd	runtime	accept	04-type-system.md#mutable-paths
typing/invalid/readonly-list-append.hd	type	reject:mutable-receiver-required	04-type-system.md#composite-values-and-access-permission
runtime/valid/list-append-grows.hd	runtime	accept	04-type-system.md#composite-values-and-access-permission
typing/invalid/readonly-map-remove.hd	type	reject:mutable-receiver-required	04-type-system.md#composite-values-and-access-permission
runtime/valid/map-grow-and-remove.hd	runtime	accept	04-type-system.md#composite-values-and-access-permission
runtime/valid/data-field-evaluation-order.hd	runtime	accept	08-data-and-enums.md#data-declarations
runtime/valid/data-field-defaults.hd	runtime	accept	08-data-and-enums.md#data-declarations
typing/invalid/suspending-data-field-default.hd	type	reject:suspension-forbidden-context	08-data-and-enums.md#data-declarations
typing/valid/generic-optional-field-default.hd	type	accept	08-data-and-enums.md#data-declarations
typing/invalid/data-field-default-type-mismatch.hd	type	reject:type-mismatch	08-data-and-enums.md#data-declarations
runtime/valid/copy-update-evaluation-order.hd	runtime	accept	08-data-and-enums.md#data-declarations
typing/invalid/copy-update-source-type-mismatch.hd	type	reject:type-mismatch	08-data-and-enums.md#data-declarations
runtime/valid/copy-update-skips-defaults.hd	runtime	accept	08-data-and-enums.md#data-declarations
runtime/valid/fieldless-data-argument.hd	runtime	accept	08-data-and-enums.md#data-declarations
typing/invalid/data-literal-missing-field.hd	type	reject:missing-required-field	08-data-and-enums.md#construction-and-access
typing/invalid/data-literal-unknown-field.hd	type	reject:unknown-data-field	08-data-and-enums.md#construction-and-access
typing/invalid/data-literal-field-type-mismatch.hd	type	reject:type-mismatch	08-data-and-enums.md#construction-and-access
typing/invalid/data-pattern-repeated-field.hd	type	reject:duplicate-data-pattern-field	06-control-flow.md#match-expressions
typing/invalid/data-pattern-nonexhaustive.hd	type	reject:nonexhaustive-match	06-control-flow.md#match-expressions
typing/invalid/data-pattern-unknown-field.hd	type	reject:unknown-data-field	06-control-flow.md#match-expressions
runtime/valid/data-patterns.hd	runtime	accept	06-control-flow.md#match-expressions
typing/valid/data-pattern-colon-labels.hd	type	accept	06-control-flow.md#match-expressions
parse/invalid/data-pattern-equals-label.hd	parse	reject:syntax-error	02-grammar.md#patterns
runtime/valid/string-length-counts-scalars.hd	runtime	accept	04-type-system.md#strings
runtime/valid/string-interpolation-built-ins.hd	runtime	accept	01-lexical-structure.md#string-and-character-literals
runtime/valid/string-ordering.hd	runtime	accept	04-type-system.md#strings
runtime/valid/string-concatenation-and-numeric-selectors.hd	runtime	accept	04-type-system.md#strings
runtime/valid/character-literals.hd	runtime	accept	01-lexical-structure.md#string-and-character-literals
runtime/valid/defer-after-return-value.hd	runtime	accept	06-control-flow.md#deferred-cleanup
runtime/valid/defer-lifo-and-loop-exits.hd	runtime	accept	06-control-flow.md#deferred-cleanup
runtime/panic/explicit-panic-skips-defer.hd	runtime	panic:explicit-panic	06-control-flow.md#runtime-panics
runtime/valid/enum-payload-match.hd	runtime	accept	08-data-and-enums.md#matching-enums
typing/invalid/bare-variant-pattern-in-match.hd	type	reject:bare-variant-pattern	06-control-flow.md#match-expressions
typing/invalid/enum-match-missing-variant.hd	type	reject:nonexhaustive-match	06-control-flow.md#match-expressions
typing/warnings/variant-binding-names-swapped.hd	type	warn:variant-binding-name-mismatch	08-data-and-enums.md#matching-enums
runtime/valid/contextual-variant-patterns.hd	runtime	accept	08-data-and-enums.md#matching-enums
typing/invalid/contextual-variant-binding-without-type.hd	type	reject:missing-contextual-enum-type	08-data-and-enums.md#matching-enums
runtime/valid/contextual-variant-expressions.hd	runtime	accept	08-data-and-enums.md#matching-enums
typing/invalid/bool-match-missing-false.hd	type	reject:nonexhaustive-match	06-control-flow.md#match-expressions
runtime/valid/bool-match.hd	runtime	accept	06-control-flow.md#match-expressions
typing/invalid/integer-literal-match-without-catch-all.hd	type	reject:nonexhaustive-match	06-control-flow.md#match-expressions
runtime/valid/literal-patterns.hd	runtime	accept	06-control-flow.md#match-expressions
typing/invalid/guarded-catch-all-not-exhaustive.hd	type	reject:nonexhaustive-match	06-control-flow.md#match-expressions
typing/invalid/match-guard-type-mismatch.hd	type	reject:type-mismatch	06-control-flow.md#match-expressions
typing/valid/match-guard-reads-binding.hd	type	accept	06-control-flow.md#match-expressions
runtime/valid/match-guards.hd	runtime	accept	06-control-flow.md#match-expressions
runtime/valid/optional-propagation.hd	runtime	accept	04-type-system.md#optional-types
runtime/valid/result-propagation.hd	runtime	accept	04-type-system.md#result-types
runtime/valid/resource-error-operation-payload.hd	runtime	accept	10-modules.md#use-forms
runtime/valid/result-pattern-nested-enum.hd	runtime	accept	10-modules.md#use-forms
typing/warnings/unused-nested-optional-binding.hd	type	warn:unused-local-binding	04-type-system.md#optional-types
typing/invalid/discarded-optional-result.hd	type	reject:discarded-must-use-value	06-control-flow.md#blocks-and-completion
typing/valid/optional-result-explicitly-discarded.hd	type	accept	06-control-flow.md#blocks-and-completion
runtime/valid/comprehensions.hd	runtime	accept	05-expressions.md#comprehensions
typing/invalid/bang-call-in-comprehension.hd	type	reject:suspension-forbidden-context	05-expressions.md#comprehensions
typing/invalid/closure-argument-type-mismatch.hd	type	reject:type-mismatch	07-functions.md#closures
runtime/valid/closure-as-function-argument.hd	runtime	accept	07-functions.md#closures
typing/invalid/binding-expression-redeclaration.hd	type	reject:duplicate-binding	03-names-and-scopes.md#binding-expressions
runtime/valid/binding-expressions.hd	runtime	accept	03-names-and-scopes.md#binding-expressions
runtime/valid/closure-parameter-inference.hd	runtime	accept	07-functions.md#closures
runtime/valid/closure-result-inference.hd	runtime	accept	07-functions.md#closures
runtime/valid/string-trim-and-lower.hd	runtime	accept	04-type-system.md#strings
runtime/valid/recursive-local-closure.hd	runtime	accept	07-functions.md#recursion
runtime/valid/iterator-trait-loops.hd	runtime	accept	06-control-flow.md#for-loops
typing/invalid/readonly-iterator-in-comprehension.hd	type	reject:mutable-receiver-required	06-control-flow.md#for-loops
runtime/valid/generic-methods.hd	runtime	accept	07-functions.md#generic-functions
runtime/valid/named-local-functions.hd	runtime	accept	07-functions.md#recursion
runtime/valid/string-split.hd	runtime	accept	04-type-system.md#strings
runtime/valid/blanket-impl-for-list.hd	runtime	accept	09-traits.md#trait-implementations
typing/invalid/overlapping-generic-impl-heads.hd	type	reject:overlapping-impl	09-traits.md#trait-implementations
runtime/valid/trait-qualified-calls.hd	runtime	accept	09-traits.md#method-resolution
runtime/valid/generic-trait-qualified-calls.hd	runtime	accept	09-traits.md#method-resolution
runtime/valid/trait-associated-functions.hd	runtime	accept	09-traits.md#trait-declarations
runtime/valid/associated-type-projections.hd	runtime	accept	09-traits.md#trait-declarations
runtime/valid/supertrait-methods.hd	runtime	accept	09-traits.md#trait-declarations
runtime/valid/mutable-trait-bound.hd	runtime	accept	09-traits.md#generic-bounds-and-static-dispatch
runtime/valid/blanket-impl-dynamic-and-bound.hd	runtime	accept	09-traits.md#trait-implementations
runtime/valid/bounded-blanket-impl.hd	runtime	accept	09-traits.md#trait-implementations
typing/invalid/generic-supertrait-upcast-mismatch.hd	type	reject:type-mismatch	09-traits.md#trait-declarations
runtime/valid/generic-supertraits.hd	runtime	accept	09-traits.md#trait-declarations
runtime/valid/bounded-blanket-supertraits.hd	runtime	accept	09-traits.md#trait-implementations
runtime/panic/assert-failure-in-main.hd	runtime	panic:assertion-failed	10-modules.md#standard-testing
parse/valid/while-else.hd	parse	accept	02-grammar.md#control-flow-expressions
parse/valid/for-tuple-binding-else.hd	parse	accept	02-grammar.md#control-flow-expressions
parse/valid/named-local-function.hd	parse	accept	02-grammar.md#declarations
parse/valid/mutable-list-parameter-index-assignment.hd	parse	accept	02-grammar.md#types
parse/valid/mutable-parameter-field-assignment.hd	parse	accept	02-grammar.md#types
parse/invalid/mut-non-self-parameter.hd	parse	reject:syntax-error	02-grammar.md#traits-and-implementations
parse/valid/mut-self-receiver.hd	parse	accept	02-grammar.md#traits-and-implementations
parse/valid/inherent-and-trait-impls.hd	parse	accept	02-grammar.md#traits-and-implementations
parse/invalid/associated-binding-outside-bound.hd	parse	reject:syntax-error	02-grammar.md#generic-parameters-and-bounds
parse/invalid/old-where-clause.hd	parse	reject:syntax-error	02-grammar.md#traits-and-implementations
parse/valid/embedded-data-member.hd	parse	accept	02-grammar.md#data-types
parse/valid/trailing-callback-statement.hd	parse	accept	02-grammar.md#declarations
parse/valid/explicit-generic-arguments-with-placeholder.hd	parse	accept	02-grammar.md#declarations
parse/valid/explicit-generic-data-arguments.hd	parse	accept	02-grammar.md#data-types
parse/invalid/dedent-to-unused-column.hd	parse	reject:invalid-dedent	01-lexical-structure.md#whitespace-and-indentation
parse/invalid/tab-in-function-body.hd	parse	reject:tab-whitespace	01-lexical-structure.md#whitespace-and-indentation
parse/invalid/double-numeric-separator.hd	parse	reject:invalid-token	01-lexical-structure.md#literals
parse/invalid/binary-literal-bad-digit.hd	parse	reject:syntax-error	01-lexical-structure.md#literals
parse/valid/identifier-interpolation.hd	parse	accept	01-lexical-structure.md#literals
parse/invalid/stray-dollar-in-string.hd	parse	reject:syntax-error	01-lexical-structure.md#literals
parse/valid/unicode-scalar-escape.hd	parse	accept	01-lexical-structure.md#literals
parse/invalid/semicolon-after-binding.hd	parse	reject:reserved-semicolon	01-lexical-structure.md#literals
parse/valid/raw-string-dollars.hd	parse	accept	01-lexical-structure.md#r-lex.prefix.interpolation
parse/valid/expression-interpolation.hd	parse	accept	01-lexical-structure.md#string-and-character-literals
parse/invalid/comparison-chaining-with-names.hd	parse	reject:comparison-chaining	02-grammar.md#expressions
parse/invalid/positional-after-named-argument.hd	parse	reject:argument-order	02-grammar.md#calls-and-arguments
parse/valid/named-call-arguments.hd	parse	accept	02-grammar.md#calls-and-arguments
parse/valid/spread-before-named-argument.hd	parse	accept	02-grammar.md#calls-and-arguments
typing/invalid/positional-after-spread.hd	type	reject:nonfinal-positional-spread	02-grammar.md#calls-and-arguments
parse/valid/vararg-and-spread.hd	parse	accept	02-grammar.md#calls-and-arguments
parse/invalid/vararg-with-default.hd	parse	reject:syntax-error	02-grammar.md#declarations
parse/valid/parameter-defaults.hd	parse	accept	02-grammar.md#declarations
parse/invalid/copy-update-spread-not-first.hd	parse	reject:syntax-error	02-grammar.md#data-types
parse/valid/copy-update-spread.hd	parse	accept	02-grammar.md#data-types
parse/valid/named-payload-pattern-labels.hd	parse	accept	02-grammar.md#patterns
parse/valid/nested-result-payload-pattern.hd	parse	accept	02-grammar.md#patterns
parse/valid/literal-payload-pattern.hd	parse	accept	02-grammar.md#patterns
parse/valid/shared-enum-fields.hd	parse	accept	02-grammar.md#enums
parse/valid/numeric-member-selectors.hd	parse	accept	02-grammar.md#expressions
parse/valid/tuples-and-groups.hd	parse	accept	02-grammar.md#expressions
parse/valid/documentation-comments.hd	parse	accept	01-lexical-structure.md#comments
parse/valid/public-declarations.hd	parse	accept	02-grammar.md#declarations
parse/valid/test-block-discard.hd	parse	accept	02-grammar.md#test-blocks
parse/valid/multi-provider-use.hd	parse	accept	02-grammar.md#requirements-and-provider-contexts
parse/valid/single-and-grouped-use.hd	parse	accept	02-grammar.md#use-declarations
runtime/valid/suspending-call-with-requirement.hd	runtime	accept	11-requirements-and-suspension.md#suspending-functions
runtime/valid/generic-suspending-function.hd	runtime	accept	11-requirements-and-suspension.md#suspending-functions
runtime/valid/generic-suspending-function-bound.hd	runtime	accept	11-requirements-and-suspension.md#suspending-functions
typing/invalid/bang-call-in-plain-function.hd	type	reject:bang-call-outside-suspension	11-requirements-and-suspension.md#suspending-functions
typing/invalid/drive-readonly-suspension.hd	type	reject:mutable-receiver-required	11-requirements-and-suspension.md#suspending-functions
typing/warnings/unused-cold-suspension.hd	type	warn:unused-local-binding	11-requirements-and-suspension.md#suspending-functions
runtime/panic/second-drive-of-completed-suspension.hd	runtime	panic:suspension-invalid-state	11-requirements-and-suspension.md#suspendt-protocol
runtime/valid/stored-suspension-single-drive.hd	runtime	accept	11-requirements-and-suspension.md#suspendt-protocol
runtime/valid/cold-suspension-cancel-idempotent.hd	runtime	accept	11-requirements-and-suspension.md#cancellation
runtime/panic/drive-cancelled-suspension.hd	runtime	panic:suspension-invalid-state	11-requirements-and-suspension.md#cancellation
typing/invalid/cancel-readonly-suspension.hd	type	reject:mutable-receiver-required	11-requirements-and-suspension.md#cancellation
typing/invalid/bang-call-in-defer.hd	type	reject:suspending-defer	06-control-flow.md#deferred-cleanup
runtime/valid/suspending-call-preserves-locals.hd	runtime	accept	11-requirements-and-suspension.md#suspending-functions
runtime/valid/nested-suspending-call.hd	runtime	accept	11-requirements-and-suspension.md#suspending-functions
runtime/valid/suspending-call-with-defer.hd	runtime	accept	11-requirements-and-suspension.md#cancellation
runtime/valid/cancellation-cleanup-order.hd	runtime	accept	11-requirements-and-suspension.md#cancellation
runtime/valid/sequential-suspending-calls.hd	runtime	accept	11-requirements-and-suspension.md#suspending-functions
runtime/valid/suspending-calls-in-binary-expression.hd	runtime	accept	11-requirements-and-suspension.md#suspending-functions
runtime/valid/suspending-calls-as-arguments.hd	runtime	accept	11-requirements-and-suspension.md#suspending-functions
runtime/valid/suspending-calls-in-branches.hd	runtime	accept	11-requirements-and-suspension.md#suspending-functions
runtime/valid/suspending-calls-in-loops.hd	runtime	accept	11-requirements-and-suspension.md#suspending-functions
runtime/valid/suspending-match-guards.hd	runtime	accept	11-requirements-and-suspension.md#suspending-functions
runtime/valid/suspending-result-propagation.hd	runtime	accept	11-requirements-and-suspension.md#suspending-functions
runtime/valid/suspending-call-in-scoped-defer.hd	runtime	accept	11-requirements-and-suspension.md#cancellation
runtime/valid/provider-from-suspending-call.hd	runtime	accept	11-requirements-and-suspension.md#provider-scopes
runtime/valid/dynamic-suspending-method.hd	runtime	accept	11-requirements-and-suspension.md#suspending-functions
typing/invalid/println-without-console.hd	type	reject:missing-requirement	10-modules.md#prelude
runtime/valid/multi-provider-use-order.hd	runtime	accept	11-requirements-and-suspension.md#provider-access
runtime/panic/block-on-inside-driver.hd	runtime	panic:suspension-nested-driver	11-requirements-and-suspension.md#suspendt-protocol
typing/invalid/block-on-in-defer.hd	type	reject:suspension-forbidden-context	11-requirements-and-suspension.md#suspendt-protocol
runtime/valid/block-on-stored-suspension.hd	runtime	accept	11-requirements-and-suspension.md#suspendt-protocol
runtime/panic/assert-equal-lists-in-main.hd	runtime	panic:assertion-failed	10-modules.md#standard-testing
typing/invalid/assert-equal-fieldless-data-without-partial-eq.hd	type	reject:missing-partial-eq	10-modules.md#standard-testing
runtime/valid/assert-equal-nested-tuple.hd	runtime	accept	10-modules.md#standard-testing
typing/invalid/reassign-short-module-binding.hd	type	reject:non-reassignable-binding	10-modules.md#module-initialization
runtime/valid/module-binding-shared-with-functions.hd	runtime	accept	10-modules.md#module-initialization
runtime/valid/stored-suspension-parameter.hd	runtime	accept	11-requirements-and-suspension.md#suspending-functions
runtime/valid/suspending-function-values.hd	runtime	accept	11-requirements-and-suspension.md#suspending-functions
runtime/valid/suspending-closure-captures.hd	runtime	accept	11-requirements-and-suspension.md#suspending-functions
runtime/valid/suspending-closure-requirement-row.hd	runtime	accept	11-requirements-and-suspension.md#suspending-functions
typing/invalid/suspension-constructor-to-bang-function.hd	type	reject:type-mismatch	11-requirements-and-suspension.md#suspending-functions
runtime/valid/suspending-generic-method.hd	runtime	accept	11-requirements-and-suspension.md#suspending-functions
runtime/valid/suspending-blanket-impls.hd	runtime	accept	11-requirements-and-suspension.md#suspending-functions
runtime/valid/named-local-suspending-function.hd	runtime	accept	11-requirements-and-suspension.md#suspending-functions
typing/invalid/parameter-default-requires-provider.hd	type	reject:requirement-in-default	07-functions.md#default-values
typing/invalid/data-default-requires-provider.hd	type	reject:requirement-in-default	08-data-and-enums.md#data-declarations
typing/invalid/enum-default-requires-provider.hd	type	reject:requirement-in-default	08-data-and-enums.md#shared-enum-constructor-data
typing/valid/default-calls-requirement-free-trait-method.hd	type	accept	07-functions.md#default-values
typing/invalid/result-ok-payload-type-mismatch.hd	type	reject:type-mismatch	04-type-system.md#result-types
runtime/valid/discard-propagated-void-result.hd	runtime	accept	05-expressions.md#propagation
runtime/valid/no-entry-point-no-tests.hd	runtime	accept	10-modules.md#executable-entry-point
runtime/valid/result-entry-point-ok.hd	runtime	accept	10-modules.md#executable-entry-point
parse/valid/binding-same-line-if-else.hd	parse	accept	02-grammar.md#statements
typing/invalid/top-level-let-annotation-type-mismatch.hd	type	reject:type-mismatch	04-type-system.md#assignability-and-coercion
typing/invalid/readonly-closure-capture-mutation.hd	type	reject:readonly-root	04-type-system.md#mutable-paths
typing/invalid/readonly-loop-element-mutation.hd	type	reject:readonly-root	06-control-flow.md#for-loops
typing/valid/mutable-loop-element-mutation.hd	type	accept	06-control-flow.md#for-loops
runtime/valid/callee-and-operand-evaluation-order.hd	runtime	accept	05-expressions.md#calls
runtime/panic/block-on-completed-suspension.hd	runtime	panic:suspension-invalid-state	11-requirements-and-suspension.md#suspendt-protocol
runtime/panic/block-on-cancelled-suspension.hd	runtime	panic:suspension-invalid-state	11-requirements-and-suspension.md#suspendt-protocol
typing/invalid/row-parameter-propagates-callback-requirement.hd	type	reject:missing-requirement	11-requirements-and-suspension.md#requirement-polymorphism
typing/invalid/row-extension-keeps-other-keys.hd	type	reject:missing-requirement	11-requirements-and-suspension.md#requirement-rows
runtime/valid/f64-nan-ordering.hd	runtime	accept	05-expressions.md#unary-and-binary-operators
runtime/valid/f64-ordering-operators.hd	runtime	accept	05-expressions.md#unary-and-binary-operators
runtime/valid/tuple-ordering-nan-unordered.hd	runtime	accept	05-expressions.md#unary-and-binary-operators
runtime/panic/for-iterator-invalidated-via-helper.hd	runtime	panic:iterator-invalidated	06-control-flow.md#for-loops
runtime/valid/cancellation-skips-unreached-defer.hd	runtime	accept	06-control-flow.md#deferred-cleanup
runtime/valid/generic-partial-eq-bound-primitives.hd	runtime	accept	05-expressions.md#unary-and-binary-operators
runtime/valid/named-arguments-evaluate-in-source-order.hd	runtime	accept	05-expressions.md#calls
runtime/valid/short-circuit-and-conditional-evaluation.hd	runtime	accept	05-expressions.md#evaluation-order
runtime/valid/logical-operators.hd	runtime	accept	05-expressions.md#unary-and-binary-operators
runtime/valid/bang-call-arguments-before-body.hd	runtime	accept	11-requirements-and-suspension.md#suspending-functions
runtime/valid/operands-across-suspension-order.hd	runtime	accept	05-expressions.md#evaluation-order
runtime/valid/assignment-place-before-value.hd	runtime	accept	05-expressions.md#expression-categories
runtime/valid/map-literal-and-comprehension-order.hd	runtime	accept	05-expressions.md#list-and-map-expressions
runtime/valid/propagation-before-cleanup.hd	runtime	accept	05-expressions.md#propagation
runtime/valid/cancellation-lifo-across-three-frames.hd	runtime	accept	11-requirements-and-suspension.md#cancellation
runtime/valid/cancellation-loop-and-branch-scopes.hd	runtime	accept	06-control-flow.md#deferred-cleanup
runtime/valid/cancellation-provider-scope-cleanup.hd	runtime	accept	06-control-flow.md#deferred-cleanup
runtime/valid/cancel-cold-and-completed-suspension.hd	runtime	accept	11-requirements-and-suspension.md#suspendt-protocol
runtime/panic/defer-cancels-active-ancestor.hd	runtime	panic:suspension-reentrant-poll	11-requirements-and-suspension.md#suspendt-protocol
typing/invalid/defer-transitive-block-on-plain-twin.hd	type	reject:suspension-forbidden-context	06-control-flow.md#deferred-cleanup
typing/invalid/defer-bang-call-cold-twin.hd	type	reject:suspending-defer	06-control-flow.md#deferred-cleanup
runtime/valid/nested-provider-restoration.hd	runtime	accept	11-requirements-and-suspension.md#provider-scopes
runtime/valid/row-extension-restores-provider.hd	runtime	accept	11-requirements-and-suspension.md#requirement-polymorphism
runtime/valid/requirement-row-union-and-order.hd	runtime	accept	11-requirements-and-suspension.md#requirement-rows
typing/invalid/missing-requirement-cold-construction.hd	type	reject:missing-requirement	11-requirements-and-suspension.md#construction-time-requirement-binding
runtime/valid/provider-capture-timing.hd	runtime	accept	07-functions.md#captures
typing/invalid/declared-generic-key-lexical-collision.hd	type	reject:generic-requirement-key-collision	11-requirements-and-suspension.md#provider-scopes
runtime/valid/nan-equality-through-generics.hd	runtime	accept	05-expressions.md#unary-and-binary-operators
runtime/valid/signed-zero-and-infinity-through-generics.hd	runtime	accept	04-type-system.md#numeric-conversions
runtime/valid/nan-ordering-composites.hd	runtime	accept	05-expressions.md#unary-and-binary-operators
runtime/valid/i32-extremes-through-generics.hd	runtime	accept	04-type-system.md#generics
runtime/panic/generic-i32-overflow.hd	runtime	panic:integer-overflow	04-type-system.md#numeric-conversions
runtime/valid/i64-u64-precision-through-generics.hd	runtime	accept	04-type-system.md#generics
runtime/valid/f32-display-width-through-generics.hd	runtime	accept	04-type-system.md#numeric-conversions
runtime/valid/i32-minimum-through-generic-optional.hd	runtime	accept	04-type-system.md#optional-types
runtime/valid/boxed-primitive-identity.hd	runtime	accept	05-expressions.md#unary-and-binary-operators
runtime/valid/composite-identity-and-views.hd	runtime	accept	05-expressions.md#unary-and-binary-operators
runtime/valid/payload-free-variant-canonical.hd	runtime	accept	05-expressions.md#unary-and-binary-operators
runtime/valid/variant-identity-through-any.hd	runtime	accept	05-expressions.md#unary-and-binary-operators
runtime/valid/optional-identity.hd	runtime	accept	05-expressions.md#unary-and-binary-operators
typing/invalid/string-identity.hd	type	reject:identity-requires-references	05-expressions.md#unary-and-binary-operators
runtime/valid/generic-mut-argument-preserved.hd	runtime	accept	04-type-system.md#mutable-paths
typing/invalid/short-binding-readonly-root.hd	type	reject:readonly-root	04-type-system.md#bindings-and-fresh-values
typing/invalid/readonly-parent-mut-field-argument.hd	type	reject:readonly-argument-to-mutable-parameter	04-type-system.md#mutable-paths
runtime/valid/closure-mutable-capture-runtime.hd	runtime	accept	07-functions.md#captures
runtime/valid/covariant-readonly-weakening.hd	runtime	accept	04-type-system.md#variance
runtime/panic/for-map-insert-invalidates.hd	runtime	panic:iterator-invalidated	06-control-flow.md#for-loops
runtime/panic/for-map-remove-invalidates.hd	runtime	panic:iterator-invalidated	06-control-flow.md#for-loops
runtime/panic/exhausted-iterator-invalidated-by-growth.hd	runtime	panic:iterator-invalidated	06-control-flow.md#for-loops
runtime/panic/alias-growth-invalidates-readonly-iterator.hd	runtime	panic:iterator-invalidated	06-control-flow.md#for-loops
runtime/valid/iterator-shape-versus-value-changes.hd	runtime	accept	06-control-flow.md#for-loops
runtime/valid/map-remove-absent-key.hd	runtime	accept	10-modules.md#prelude
runtime/valid/defaults-reference-earlier-parameters.hd	runtime	accept	07-functions.md#default-values
typing/invalid/default-later-parameter-earlier-twin.hd	type	reject:binding-not-yet-visible	07-functions.md#default-values
runtime/valid/copy-update-source-order-observed.hd	runtime	accept	05-expressions.md#data-expressions
runtime/valid/copy-update-shallow.hd	runtime	accept	08-data-and-enums.md#construction-and-access
typing/invalid/readonly-spread-mut-field-twins.hd	type	reject:mutable-upgrade	05-expressions.md#data-expressions
runtime/valid/empty-string-operations.hd	runtime	accept	10-modules.md#prelude
runtime/valid/split-empty-input-nonempty-separator.hd	runtime	accept	10-modules.md#prelude
runtime/valid/multibyte-scalar-strings.hd	runtime	accept	04-type-system.md#strings
runtime/valid/trim-unicode-white-space.hd	runtime	accept	10-modules.md#prelude
runtime/valid/replace-non-overlapping.hd	runtime	accept	10-modules.md#prelude
runtime/valid/interpolation-display-order.hd	runtime	accept	05-expressions.md#literals
parse/invalid/surrogate-unicode-escape.hd	parse	reject:invalid-escape	01-lexical-structure.md#string-and-character-literals
parse/invalid/out-of-range-unicode-escape.hd	parse	reject:invalid-escape	01-lexical-structure.md#string-and-character-literals
runtime/valid/evaluation-order-elements-and-indexing.hd	runtime	accept	05-expressions.md#evaluation-order
runtime/valid/propagation-in-closure-targets-closure.hd	runtime	accept	05-expressions.md#propagation
runtime/valid/result-propagation-evaluates-once.hd	runtime	accept	05-expressions.md#propagation
runtime/valid/abrupt-assignment-stores-nothing.hd	runtime	accept	05-expressions.md#expression-categories
runtime/valid/binding-expression-tuple-value.hd	runtime	accept	05-expressions.md#binding-expressions
runtime/valid/method-receiver-before-arguments.hd	runtime	accept	07-functions.md#methods-and-receivers
runtime/valid/associated-function-qualified-call.hd	runtime	accept	07-functions.md#methods-and-receivers
typing/invalid/self-receiver-is-readonly.hd	type	reject:readonly-root	07-functions.md#methods-and-receivers
runtime/valid/private-main-is-ordinary-function.hd	runtime	accept	10-modules.md#executable-entry-point
runtime/valid/multiple-inline-closures.hd	runtime	accept	07-functions.md#multiple-inline-closures
runtime/valid/generic-function-value-instantiation.hd	runtime	accept	07-functions.md#function-types-and-values
typing/invalid/function-value-no-default-arguments.hd	type	reject:argument-count	07-functions.md#function-types-and-values
runtime/valid/trailing-block-return-targets-callback.hd	runtime	accept	07-functions.md#trailing-callback-blocks
runtime/valid/loop-iteration-binding-capture.hd	runtime	accept	03-names-and-scopes.md#loops
typing/invalid/for-binding-not-visible-in-else.hd	type	reject:unknown-name	03-names-and-scopes.md#loops
runtime/valid/match-arm-binding-reuse.hd	runtime	accept	03-names-and-scopes.md#matches
typing/invalid/duplicate-binding-in-one-pattern.hd	type	reject:duplicate-binding	03-names-and-scopes.md#matches
typing/invalid/comprehension-binding-does-not-leak.hd	type	reject:unknown-name	03-names-and-scopes.md#comprehensions
runtime/valid/direct-member-hides-promoted.hd	runtime	accept	03-names-and-scopes.md#member-resolution
runtime/valid/use-declaration-position-independent.hd	runtime	accept	03-names-and-scopes.md#use-declarations
parse/invalid/wildcard-use.hd	parse	reject:syntax-error	10-modules.md#use-forms
parse/invalid/pub-path-only-use.hd	parse	reject:syntax-error	10-modules.md#use-forms
parse/invalid/pub-top-level-binding.hd	parse	reject:syntax-error	10-modules.md#name-resolution-across-packages
runtime/valid/default-method-conflict-inherent-resolves.hd	runtime	accept	09-traits.md#default-method-conflicts
typing/invalid/any-exposes-no-methods.hd	type	reject:unknown-method	09-traits.md#any
runtime/valid/any-accepts-non-optional-values.hd	runtime	accept	09-traits.md#any
typing/invalid/public-function-missing-result-type.hd	type	reject:missing-result-type	07-functions.md#declarations
typing/invalid/trait-impl-method-missing-result-type.hd	type	reject:missing-result-type	07-functions.md#declarations
typing/invalid/mutual-recursion-omitted-results.hd	type	reject:recursive-function-needs-result-type	07-functions.md#declarations
typing/invalid/inferred-row-reaches-public-caller.hd	type	reject:missing-requirement	11-requirements-and-suspension.md#requirement-rows
typing/valid/private-function-inferred-void.hd	type	accept	07-functions.md#declarations
typing/valid/mutual-recursion-one-annotated.hd	type	accept	07-functions.md#declarations
typing/valid/inferred-row-through-private-callers.hd	type	accept	11-requirements-and-suspension.md#requirement-rows
runtime/valid/private-function-inferred-result.hd	runtime	accept	07-functions.md#declarations
runtime/valid/private-function-inferred-row.hd	runtime	accept	11-requirements-and-suspension.md#requirement-rows
runtime/valid/recursive-private-functions-least-row.hd	runtime	accept	11-requirements-and-suspension.md#requirement-rows
typing/invalid/generic-enum-variant-without-context.hd	type	reject:unresolved-generic-placeholder	04-type-system.md#type-inference-boundaries
typing/invalid/generic-function-value-without-arguments.hd	type	reject:unresolved-generic-placeholder	07-functions.md#function-types-and-values
typing/invalid/result-constructor-without-context.hd	type	reject:unresolved-generic-placeholder	04-type-system.md#type-inference-boundaries
typing/invalid/none-without-expected-type.hd	type	reject:missing-contextual-enum-type	04-type-system.md#optional-types
typing/invalid/nil-is-unknown-name.hd	type	reject:unknown-name	01-lexical-structure.md#boolean-literals
typing/invalid/float-remainder.hd	type	reject:type-mismatch	05-expressions.md#unary-and-binary-operators
typing/invalid/bool-ordering.hd	type	reject:missing-partial-ord	05-expressions.md#unary-and-binary-operators
typing/invalid/tuple-index-out-of-range.hd	type	reject:unknown-method	05-expressions.md#member-access
typing/valid/explicit-empty-row.hd	type	accept	02-grammar.md#types
parse/valid/defer-same-line-nested-suite.hd	parse	accept	02-grammar.md#statements
parse/valid/header-resumes-after-nested-suite.hd	parse	accept	01-lexical-structure.md#physical-and-logical-lines
parse/valid/bracketed-for-multi-name-binding.hd	parse	accept	01-lexical-structure.md#physical-and-logical-lines
parse/invalid/header-after-indented-suite.hd	parse	reject:syntax-error	02-grammar.md#statements
runtime/valid/generic-associated-function-qualified-call.hd	runtime	accept	07-functions.md#generic-functions
runtime/valid/generic-trait-method-qualified-call.hd	runtime	accept	09-traits.md#method-resolution
runtime/valid/generic-suspending-associated-function-qualified-call.hd	runtime	accept	07-functions.md#generic-functions
runtime/valid/readonly-root-generic-mutable-path.hd	runtime	accept	04-type-system.md#mutable-paths
typing/invalid/empty-list-without-context.hd	type	reject:unresolved-generic-placeholder	05-expressions.md#list-and-map-expressions
typing/invalid/empty-map-without-context.hd	type	reject:unresolved-generic-placeholder	05-expressions.md#list-and-map-expressions
typing/invalid/reference-bound-unsatisfied.hd	type	reject:unsatisfied-trait-bound	09-traits.md#generic-bounds-and-static-dispatch
typing/invalid/generic-bound-unsatisfied.hd	type	reject:unsatisfied-trait-bound	09-traits.md#generic-bounds-and-static-dispatch
typing/valid/duplicate-trait-bound.hd	type	accept	09-traits.md#generic-bounds-and-static-dispatch
typing/invalid/positional-spread-without-vararg.hd	type	reject:positional-spread-needs-vararg	05-expressions.md#calls
typing/invalid/parameter-default-order.hd	type	reject:default-order	07-functions.md#default-values
typing/invalid/variant-duplicate-argument.hd	type	reject:duplicate-argument	08-data-and-enums.md#enum-declarations
typing/invalid/duplicate-argument.hd	type	reject:duplicate-argument	05-expressions.md#calls
typing/invalid/unknown-named-argument.hd	type	reject:unknown-named-argument	05-expressions.md#calls
typing/invalid/variant-unknown-payload-field.hd	type	reject:unknown-data-field	08-data-and-enums.md#enum-declarations
typing/invalid/variant-pattern-unknown-field.hd	type	reject:unknown-data-field	06-control-flow.md#match-expressions
typing/invalid/for-binding-arity.hd	type	reject:type-mismatch	06-control-flow.md#for-loops
typing/invalid/for-over-non-iterable.hd	type	reject:unsatisfied-trait-bound	06-control-flow.md#for-loops
typing/invalid/defer-return.hd	type	reject:defer-control-flow	06-control-flow.md#deferred-cleanup
typing/invalid/variant-pattern-missing-payload.hd	type	reject:pattern-arity	06-control-flow.md#match-expressions
typing/valid/variant-pattern-lists-payload.hd	type	accept	06-control-flow.md#match-expressions
typing/invalid/match-arm-after-catch-all.hd	type	reject:unreachable-match-arm	06-control-flow.md#match-expressions
typing/invalid/duplicate-bool-match-arm.hd	type	reject:unreachable-match-arm	06-control-flow.md#match-expressions
typing/invalid/duplicate-literal-match-arm.hd	type	reject:unreachable-match-arm	06-control-flow.md#match-expressions
typing/invalid/propagation-operand-not-optional.hd	type	reject:invalid-result-propagation	05-expressions.md#propagation
typing/invalid/propagation-without-target.hd	type	reject:invalid-result-propagation	05-expressions.md#propagation
typing/invalid/closure-parameter-without-type.hd	type	reject:closure-parameter-needs-annotation	07-functions.md#closures
typing/invalid/closure-returns-without-common-type.hd	type	reject:no-common-type	07-functions.md#closures
typing/invalid/missing-supertrait-implementation.hd	type	reject:missing-supertrait-implementation	09-traits.md#trait-declarations
typing/invalid/readonly-argument-for-mut-bound.hd	type	reject:unsatisfied-trait-bound	09-traits.md#generic-bounds-and-static-dispatch
typing/invalid/interpolation-without-display.hd	type	reject:unsatisfied-trait-bound	05-expressions.md#literals
typing/invalid/bang-call-non-suspending.hd	type	reject:not-suspending	11-requirements-and-suspension.md#suspending-functions
typing/invalid/incompatible-identity-operands.hd	type	reject:incompatible-identity-operands	05-expressions.md#unary-and-binary-operators
typing/valid/identity-trait-value-operand.hd	type	accept	05-expressions.md#unary-and-binary-operators
typing/invalid/tuple-binding-non-tuple.hd	type	reject:type-mismatch	05-expressions.md#binding-expressions
typing/invalid/tuple-binding-arity.hd	type	reject:type-mismatch	05-expressions.md#binding-expressions
runtime/valid/println-console-stdout.hd	runtime	accept	10-modules.md#prelude
typing/valid/default-reads-top-level-binding.hd	type	accept	07-functions.md#default-values
runtime/valid/primitive-display-bound-and-trait-values.hd	runtime	accept	09-traits.md#dynamic-trait-values
runtime/valid/write-line-suspending-call-argument.hd	runtime	accept	05-expressions.md#literals
runtime/valid/write-line-around-suspending-provider-scope.hd	runtime	accept	11-requirements-and-suspension.md#provider-scopes
parse/valid/closing-delimiter-ends-nested-suite.hd	parse	accept	01-lexical-structure.md#physical-and-logical-lines
parse/valid/closure-body-ends-at-comma-line.hd	parse	accept	01-lexical-structure.md#physical-and-logical-lines
parse/invalid/closure-body-absorbs-next-argument.hd	parse	reject:syntax-error	01-lexical-structure.md#physical-and-logical-lines
parse/invalid/closure-body-followed-by-argument-line.hd	parse	reject:syntax-error	01-lexical-structure.md#physical-and-logical-lines
parse/invalid/closure-body-line-ends-in-closer.hd	parse	reject:syntax-error	01-lexical-structure.md#physical-and-logical-lines
parse/valid/leading-dot-continuation.hd	parse	accept	01-lexical-structure.md#physical-and-logical-lines
runtime/valid/leading-dot-chain.hd	runtime	accept	01-lexical-structure.md#physical-and-logical-lines
parse/invalid/leading-operator-does-not-continue.hd	parse	reject:syntax-error	01-lexical-structure.md#physical-and-logical-lines
parse/invalid/leading-tuple-index-does-not-continue.hd	parse	reject:syntax-error	01-lexical-structure.md#physical-and-logical-lines
parse/valid/bracketed-suite-header-line.hd	parse	accept	01-lexical-structure.md#physical-and-logical-lines
parse/valid/literal-field-comparison-value.hd	parse	accept	02-grammar.md#primary-expressions
parse/valid/same-line-loop-else.hd	parse	accept	01-lexical-structure.md#physical-and-logical-lines
parse/invalid/keyword-type-as-parameter-type.hd	parse	reject:syntax-error	01-lexical-structure.md#keywords-and-reserved-words
parse/invalid/type-in-place-of-type-keyword.hd	parse	reject:syntax-error	02-grammar.md#type-declarations
parse/invalid/raw-character-literal.hd	parse	reject:syntax-error	01-lexical-structure.md#string-and-character-literals
parse/invalid/vararg-default-before-ellipsis.hd	parse	reject:syntax-error	02-grammar.md#functions
parse/invalid/colon-generic-bound.hd	parse	reject:syntax-error	02-grammar.md#generic-parameters-and-bounds
parse/invalid/colon-supertrait.hd	parse	reject:syntax-error	02-grammar.md#traits-and-implementations
runtime/valid/qualified-calls-beside-promoted-method.hd	runtime	accept	03-names-and-scopes.md#member-resolution
typing/invalid/trait-method-beside-promoted-method.hd	type	reject:ambiguous-method	03-names-and-scopes.md#member-resolution
typing/valid/own-trait-method-beside-part-trait.hd	type	accept	03-names-and-scopes.md#member-resolution
runtime/valid/outer-field-beside-embedded-method.hd	runtime	accept	03-names-and-scopes.md#member-resolution
runtime/valid/unavailable-trait-method-invisible.hd	runtime	accept	03-names-and-scopes.md#member-resolution
typing/invalid/unavailable-trait-method-not-found.hd	type	reject:unknown-method	09-traits.md#method-resolution
typing/invalid/available-trait-method-beside-promoted.hd	type	reject:ambiguous-method	09-traits.md#method-resolution
runtime/valid/available-trait-method-across-packages.hd	runtime	accept	03-names-and-scopes.md#member-resolution
runtime/valid/depth-two-promotion.hd	runtime	accept	03-names-and-scopes.md#member-resolution
typing/invalid/same-depth-promotion-conflict.hd	type	reject:ambiguous-promoted-member	03-names-and-scopes.md#member-resolution
runtime/valid/shorter-promotion-path-wins.hd	runtime	accept	03-names-and-scopes.md#member-resolution
typing/invalid/part-trait-method-not-promoted.hd	type	reject:unknown-method	09-traits.md#embedding-and-trait-satisfaction
typing/invalid/bodyless-impl-via-promotion.hd	type	reject:missing-trait-method	09-traits.md#embedding-and-trait-satisfaction
typing/invalid/promoted-mut-self-method.hd	type	reject:mutable-receiver-required	03-names-and-scopes.md#member-resolution
runtime/valid/function-typed-field-call.hd	runtime	accept	05-expressions.md#member-access
runtime/valid/field-read-beside-trait-method.hd	runtime	accept	03-names-and-scopes.md#member-resolution
runtime/valid/mutable-provider-state.hd	runtime	accept	11-requirements-and-suspension.md#mutable-providers
typing/valid/mutable-provider-rows.hd	type	accept	11-requirements-and-suspension.md#mutable-providers
typing/invalid/mutable-provider-install-readonly-value.hd	type	reject:mutable-upgrade	11-requirements-and-suspension.md#mutable-providers
typing/invalid/readonly-provider-mut-method.hd	type	reject:mutable-receiver-required	11-requirements-and-suspension.md#mutable-providers
runtime/valid/field-and-inherent-method-share-name.hd	runtime	accept	03-names-and-scopes.md#member-resolution
runtime/valid/field-and-trait-method-share-name.hd	runtime	accept	03-names-and-scopes.md#member-resolution
typing/invalid/function-typed-field-method-call.hd	type	reject:unknown-method	05-expressions.md#member-access
typing/invalid/embedded-field-not-called.hd	type	reject:unknown-method	03-names-and-scopes.md#member-resolution
typing/valid/part-trait-method-ignored-by-lookup.hd	type	accept	03-names-and-scopes.md#member-resolution
typing/valid/part-trait-method-beside-promoted-inherent.hd	type	accept	03-names-and-scopes.md#member-resolution
runtime/valid/embedded-trait-method-via-part.hd	runtime	accept	03-names-and-scopes.md#member-resolution
runtime/valid/promoted-method-no-override.hd	runtime	accept	03-names-and-scopes.md#member-resolution
runtime/valid/generic-trait-instantiation-by-argument.hd	runtime	accept	09-traits.md#method-resolution
typing/invalid/generic-trait-instantiations-ambiguous.hd	type	reject:ambiguous-method	09-traits.md#method-resolution
typing/invalid/generic-trait-instantiation-no-fit.hd	type	reject:type-mismatch	09-traits.md#method-resolution
runtime/valid/impl-distinct-target-arguments.hd	runtime	accept	09-traits.md#overlap
runtime/valid/tuple-impl-target.hd	runtime	accept	09-traits.md#implementation-targets
typing/invalid/overlapping-tuple-impl.hd	type	reject:overlapping-impl	09-traits.md#overlap
runtime/valid/iterable-and-iterator-for-loop.hd	runtime	accept	06-control-flow.md#for-loops
parse/valid/nested-suite-body-deeper-than-statement.hd	parse	accept	01-lexical-structure.md#physical-and-logical-lines
parse/invalid/nested-suite-body-level-with-statement.hd	parse	reject:unexpected-indentation	01-lexical-structure.md#physical-and-logical-lines
typing/valid/pack-map-with-local-named-pack.hd	type	accept	12-variadic-generics.md#pack-mapping
parse/invalid/pack-map-local-method-call.hd	parse	reject:syntax-error	01-lexical-structure.md#keywords-and-reserved-words
typing/valid/raw-identifiers.hd	type	accept	01-lexical-structure.md#raw-identifiers
runtime/valid/raw-identifiers.hd	runtime	accept	01-lexical-structure.md#raw-identifiers
parse/invalid/reserved-word-member-name.hd	parse	reject:syntax-error	01-lexical-structure.md#raw-identifiers
parse/invalid/empty-raw-identifier.hd	parse	reject:invalid-token	01-lexical-structure.md#raw-identifiers
parse/invalid/leading-dot-after-open-same-line-suite.hd	parse	reject:syntax-error	01-lexical-structure.md#physical-and-logical-lines
parse/invalid/index-suffix-on-next-line.hd	parse	reject:syntax-error	01-lexical-structure.md#physical-and-logical-lines
parse/invalid/call-suffix-on-next-line.hd	parse	reject:syntax-error	01-lexical-structure.md#physical-and-logical-lines
parse/valid/operator-and-member-lines-continue-in-brackets.hd	parse	accept	01-lexical-structure.md#physical-and-logical-lines
parse/invalid/nested-same-line-if.hd	parse	reject:syntax-error	02-grammar.md#statements
parse/invalid/same-line-if-in-function-body.hd	parse	reject:syntax-error	02-grammar.md#statements
parse/invalid/same-line-if-in-defer-suite.hd	parse	reject:syntax-error	02-grammar.md#statements
runtime/valid/parenthesized-nested-same-line-if.hd	runtime	accept	06-control-flow.md#conditional-expressions
runtime/valid/trailing-block-right-hand-sides.hd	runtime	accept	07-functions.md#trailing-callback-blocks
parse/invalid/chained-multi-name-binding.hd	parse	reject:syntax-error	02-grammar.md#statements
runtime/valid/bang-call-explicit-type-arguments.hd	runtime	accept	07-functions.md#generic-functions
parse/invalid/qualified-bang-call-type-arguments-before-bang.hd	parse	reject:syntax-error	02-grammar.md#primary-expressions
runtime/valid/list-suffix-spread.hd	runtime	accept	05-expressions.md#list-and-map-expressions
typing/invalid/list-spread-non-list.hd	type	reject:type-mismatch	05-expressions.md#list-and-map-expressions
runtime/valid/self-interpolation.hd	runtime	accept	05-expressions.md#literals
parse/invalid/reserved-word-interpolation.hd	parse	reject:syntax-error	01-lexical-structure.md#string-and-character-literals
runtime/valid/contextual-words-as-names.hd	runtime	accept	01-lexical-structure.md#keywords-and-reserved-words
parse/valid/contextual-reified.hd	parse	accept	01-lexical-structure.md#keywords-and-reserved-words
parse/invalid/use-declaration-needs-root.hd	parse	reject:syntax-error	02-grammar.md#use-declarations
runtime/valid/option-enum-spellings.hd	runtime	accept	04-type-system.md#optional-types
runtime/valid/option-match-patterns.hd	runtime	accept	06-control-flow.md#match-expressions
runtime/valid/nested-optional-layers.hd	runtime	accept	04-type-system.md#optional-types
typing/invalid/nested-optional-needs-some.hd	type	reject:type-mismatch	04-type-system.md#optional-types
typing/invalid/optional-match-missing-none.hd	type	reject:nonexhaustive-match	06-control-flow.md#match-expressions
typing/invalid/bare-none-pattern.hd	type	reject:bare-variant-pattern	06-control-flow.md#match-expressions
runtime/valid/option-impl-target.hd	runtime	accept	09-traits.md#implementation-targets
typing/invalid/overlapping-option-impl.hd	type	reject:overlapping-impl	09-traits.md#overlap
parse/invalid/optional-question-pattern.hd	parse	reject:syntax-error	02-grammar.md#patterns
parse/invalid/unbound-method-value.hd	parse	reject:deferred-method-value	07-functions.md#unsupported-function-extensions
parse/invalid/bound-method-value.hd	parse	reject:deferred-method-value	07-functions.md#unsupported-function-extensions
typing/invalid/bound-method-value-call.hd	type	reject:deferred-method-value	07-functions.md#unsupported-function-extensions
runtime/valid/generic-trait-literal-default-instantiation.hd	runtime	accept	09-traits.md#method-resolution
typing/invalid/generic-trait-literal-without-default.hd	type	reject:ambiguous-method	09-traits.md#method-resolution
typing/invalid/trait-value-impl-target.hd	type	reject:trait-value-impl-target	09-traits.md#implementation-targets
typing/valid/trait-value-as-target-argument.hd	type	accept	09-traits.md#implementation-targets
typing/invalid/private-field-nothing-visible.hd	type	reject:private-member	03-names-and-scopes.md#member-resolution
typing/invalid/private-promoted-method-nothing-visible.hd	type	reject:unknown-method	03-names-and-scopes.md#member-resolution
typing/invalid/private-own-method-nothing-visible.hd	type	reject:private-member	03-names-and-scopes.md#member-resolution
typing/invalid/private-embedded-field-nothing-visible.hd	type	reject:unknown-data-field	03-names-and-scopes.md#member-resolution
runtime/valid/embedded-part-follows-container.hd	runtime	accept	08-data-and-enums.md#data-embedding
typing/invalid/promoted-mut-method-on-readonly-receiver.hd	type	reject:mutable-receiver-required	08-data-and-enums.md#data-embedding
typing/invalid/promoted-field-assignment-readonly.hd	type	reject:readonly-root	04-type-system.md#mutable-paths
runtime/valid/embedded-construction-copies.hd	runtime	accept	08-data-and-enums.md#data-embedding
typing/valid/readonly-embedded-source-mutable-result.hd	type	accept	08-data-and-enums.md#data-embedding
typing/invalid/readonly-embedded-source-with-mutable-edge.hd	type	reject:mutable-upgrade	08-data-and-enums.md#data-embedding
typing/valid/readonly-embedded-source-with-mutable-edge-readonly-result.hd	type	accept	08-data-and-enums.md#data-embedding
runtime/valid/copy-update-copies-embedded-part.hd	runtime	accept	08-data-and-enums.md#data-embedding
typing/invalid/copy-update-readonly-embedded-mutable-edge.hd	type	reject:mutable-upgrade	08-data-and-enums.md#data-embedding
runtime/valid/embedded-store-copies.hd	runtime	accept	08-data-and-enums.md#data-embedding
runtime/valid/embedded-part-mut-alias.hd	runtime	accept	08-data-and-enums.md#data-embedding
typing/invalid/embedded-part-readonly-alias.hd	type	reject:mutable-upgrade	08-data-and-enums.md#data-embedding
runtime/valid/embedded-copy-at-field-position.hd	runtime	accept	08-data-and-enums.md#data-embedding
typing/invalid/covariant-embedded-field.hd	type	reject:invalid-variance	04-type-system.md#variance
typing/invalid/embedded-copy-required.hd	type	reject:embedded-copy-required	08-data-and-enums.md#data-embedding
typing/invalid/embedded-copy-required-fresh-literal.hd	type	reject:embedded-copy-required	08-data-and-enums.md#data-embedding
typing/invalid/embedded-assignment-copy-required.hd	type	reject:embedded-copy-required	08-data-and-enums.md#data-embedding
typing/invalid/copy-into-ordinary-field.hd	type	reject:copy-into-ordinary-field	08-data-and-enums.md#data-embedding
typing/invalid/copy-assignment-ordinary-field.hd	type	reject:copy-into-ordinary-field	08-data-and-enums.md#data-embedding
parse/valid/embedded-copy-syntax.hd	parse	accept	02-grammar.md#primary-expressions
typing/invalid/promoted-field-conflict-at-declaration.hd	type	reject:ambiguous-promoted-member	03-names-and-scopes.md#member-resolution
typing/invalid/promoted-method-conflict-at-declaration.hd	type	reject:ambiguous-promoted-member	03-names-and-scopes.md#member-resolution
typing/invalid/diamond-same-depth-conflict.hd	type	reject:ambiguous-promoted-member	03-names-and-scopes.md#member-resolution
typing/valid/diamond-different-depths.hd	type	accept	03-names-and-scopes.md#member-resolution
runtime/valid/diamond-shallower-copy-wins.hd	runtime	accept	03-names-and-scopes.md#member-resolution
typing/valid/own-member-hides-promoted-conflict.hd	type	accept	03-names-and-scopes.md#member-resolution
typing/valid/trait-delegation.hd	type	accept	09-traits.md#trait-delegation
runtime/valid/trait-delegation-forwards.hd	runtime	accept	09-traits.md#trait-delegation
typing/valid/trait-delegation-mut-self.hd	type	accept	09-traits.md#trait-delegation
typing/valid/trait-delegation-associated-type.hd	type	accept	09-traits.md#trait-delegation
typing/invalid/delegation-to-ordinary-field.hd	type	reject:invalid-delegation	09-traits.md#trait-delegation
typing/invalid/delegation-part-lacks-trait.hd	type	reject:invalid-delegation	09-traits.md#trait-delegation
typing/invalid/delegation-associated-function-missing.hd	type	reject:missing-trait-method	09-traits.md#trait-delegation
typing/invalid/delegation-binds-associated-type.hd	type	reject:invalid-delegation	09-traits.md#trait-delegation
typing/valid/embedding-depth-three.hd	type	accept	08-data-and-enums.md#data-embedding
typing/invalid/embedding-depth-four.hd	type	reject:embedding-too-deep	08-data-and-enums.md#data-embedding
typing/invalid/embedding-depth-four-generic.hd	type	reject:embedding-too-deep	08-data-and-enums.md#data-embedding
typing/valid/three-embedded-fields.hd	type	accept	08-data-and-enums.md#data-embedding
typing/invalid/four-embedded-fields.hd	type	reject:too-many-embedded-fields	08-data-and-enums.md#data-embedding
typing/invalid/private-own-field-beside-promoted.hd	type	reject:ambiguous-promoted-member	03-names-and-scopes.md#member-resolution
typing/invalid/private-own-field-beside-conflicting-promoted.hd	type	reject:ambiguous-promoted-member	03-names-and-scopes.md#member-resolution
typing/invalid/private-own-method-beside-promoted.hd	type	reject:ambiguous-promoted-member	03-names-and-scopes.md#member-resolution
typing/invalid/same-module-private-field-not-promoted.hd	type	reject:unknown-data-field	03-names-and-scopes.md#member-resolution
typing/invalid/same-module-private-method-not-promoted.hd	type	reject:unknown-method	03-names-and-scopes.md#member-resolution
typing/valid/same-module-private-member-explicit-path.hd	type	accept	03-names-and-scopes.md#member-resolution
typing/valid/pub-own-member-shadows-promoted.hd	type	accept	03-names-and-scopes.md#member-resolution
typing/valid/private-own-member-beside-private-part-member.hd	type	accept	03-names-and-scopes.md#member-resolution
typing/invalid/part-trait-method-beside-method-promoted-into-part.hd	type	reject:ambiguous-method	03-names-and-scopes.md#member-resolution
parse/invalid/nested-suite-body-level-with-header.hd	parse	reject:unexpected-indentation	01-lexical-structure.md#physical-and-logical-lines
parse/invalid/nested-suite-body-left-of-header-line.hd	parse	reject:unexpected-indentation	01-lexical-structure.md#physical-and-logical-lines
parse/invalid/float-separator-before-point.hd	parse	reject:invalid-token	01-lexical-structure.md#floating-point-literals
parse/invalid/float-separator-after-exponent-marker.hd	parse	reject:invalid-token	01-lexical-structure.md#floating-point-literals
parse/invalid/float-trailing-separator.hd	parse	reject:invalid-token	01-lexical-structure.md#floating-point-literals
parse/invalid/binary-literal-letter-suffix.hd	parse	reject:syntax-error	01-lexical-structure.md#integer-literals
parse/invalid/bare-hex-prefix.hd	parse	reject:syntax-error	01-lexical-structure.md#integer-literals
typing/invalid/bitwise-and-bool.hd	type	reject:type-mismatch	05-expressions.md#unary-and-binary-operators
typing/invalid/bitwise-or-float.hd	type	reject:type-mismatch	05-expressions.md#unary-and-binary-operators
typing/invalid/bitwise-xor-string.hd	type	reject:type-mismatch	05-expressions.md#unary-and-binary-operators
typing/invalid/arithmetic-on-bool.hd	type	reject:type-mismatch	05-expressions.md#unary-and-binary-operators
typing/invalid/arithmetic-on-list.hd	type	reject:type-mismatch	05-expressions.md#unary-and-binary-operators
typing/invalid/negative-literal-exponent.hd	type	reject:type-mismatch	05-expressions.md#unary-and-binary-operators
runtime/valid/impl-method-generics-renamed.hd	runtime	accept	09-traits.md#implementation-declarations
typing/invalid/impl-method-generic-bound-dropped.hd	type	reject:trait-method-signature	09-traits.md#implementation-declarations
typing/invalid/impl-method-generic-bound-added.hd	type	reject:trait-method-signature	09-traits.md#implementation-declarations
typing/invalid/impl-method-generic-bound-changed.hd	type	reject:trait-method-signature	09-traits.md#implementation-declarations
typing/invalid/impl-method-generic-bounds-reordered.hd	type	reject:trait-method-signature	09-traits.md#implementation-declarations
typing/invalid/impl-method-generic-count.hd	type	reject:trait-method-signature	09-traits.md#implementation-declarations
parse/invalid/lone-reified-generic-parameter.hd	parse	reject:syntax-error	01-lexical-structure.md#keywords-and-reserved-words
parse/invalid/lone-reified-before-bound.hd	parse	reject:syntax-error	01-lexical-structure.md#keywords-and-reserved-words
typing/invalid/none-beside-values-needs-expected-type.hd	type	reject:missing-contextual-enum-type	04-type-system.md#least-common-type
typing/invalid/none-branch-needs-expected-type.hd	type	reject:missing-contextual-enum-type	04-type-system.md#least-common-type
runtime/valid/none-with-expected-list-type.hd	runtime	accept	04-type-system.md#least-common-type
runtime/valid/optional-erased-to-any.hd	runtime	accept	09-traits.md#any
typing/invalid/lowercase-list-type.hd	type	reject:unknown-type	10-modules.md#prelude
runtime/valid/propagation-into-erased-error.hd	runtime	accept	05-expressions.md#propagation
runtime/valid/propagation-from-two-domains.hd	runtime	accept	05-expressions.md#propagation
runtime/valid/propagation-prefers-assignability.hd	runtime	accept	05-expressions.md#propagation
typing/invalid/propagation-no-chained-conversion.hd	type	reject:invalid-result-propagation	05-expressions.md#propagation
typing/invalid/propagation-conversion-then-injection.hd	type	reject:invalid-result-propagation	05-expressions.md#propagation
typing/invalid/propagation-error-without-conversion.hd	type	reject:invalid-result-propagation	05-expressions.md#propagation
runtime/valid/from-direct-call.hd	runtime	accept	09-traits.md#conversion-trait
typing/invalid/from-implementation-with-requirement.hd	type	reject:trait-method-signature	09-traits.md#conversion-trait
typing/invalid/from-implementation-suspending.hd	type	reject:trait-method-signature	09-traits.md#conversion-trait
runtime/valid/single-payload-variant-function-value.hd	runtime	accept	08-data-and-enums.md#enum-declarations
typing/invalid/two-payload-variant-as-function-value.hd	type	reject:unsaturated-enum-constructor	08-data-and-enums.md#enum-declarations
runtime/valid/dynamic-trait-value-satisfies-own-bound.hd	runtime	accept	09-traits.md#dynamic-trait-values
typing/valid/anyval-bound-accepts-values.hd	type	accept	04-type-system.md#trait-values-and-any
typing/invalid/anyval-bound-rejects-data.hd	type	reject:unsatisfied-trait-bound	04-type-system.md#trait-values-and-any
typing/valid/anyref-bound-accepts-references.hd	type	accept	04-type-system.md#trait-values-and-any
typing/invalid/user-anyref-implementation.hd	type	reject:sealed-trait-implementation	04-type-system.md#trait-values-and-any
typing/invalid/user-anyval-implementation.hd	type	reject:sealed-trait-implementation	04-type-system.md#trait-values-and-any
typing/invalid/reference-trait-name-unknown.hd	type	reject:unknown-trait	10-modules.md#prelude
runtime/valid/inspectable-erasure-example.hd	runtime	accept	09-traits.md#erasure-to-inspectable
runtime/valid/inspectable-downcast-success-and-failure.hd	runtime	accept	09-traits.md#recovering-a-concrete-type
runtime/valid/inspectable-generic-arguments-exact.hd	runtime	accept	09-traits.md#inspectable-and-typeid
runtime/valid/inspectable-downcast-mut.hd	runtime	accept	09-traits.md#recovering-a-concrete-type
runtime/valid/inspectable-alias-and-newtype-identity.hd	runtime	accept	09-traits.md#inspectable-and-typeid
runtime/valid/typeid-of-equality.hd	runtime	accept	09-traits.md#inspectable-and-typeid
runtime/valid/inspectable-inner-mut-identity.hd	runtime	accept	09-traits.md#inspectable-and-typeid
runtime/valid/inspectable-generic-inner-mut-argument.hd	runtime	accept	09-traits.md#erasure-to-inspectable
runtime/valid/inspectable-generic-target-helper.hd	runtime	accept	09-traits.md#recovering-a-concrete-type
runtime/valid/error-downcast-through-inspectable.hd	runtime	accept	09-traits.md#error-trait
runtime/valid/inspectable-function-fields-and-trait-arguments.hd	runtime	accept	09-traits.md#inspectable-types
typing/invalid/downcast-mut-readonly-value.hd	type	reject:mutable-receiver-required	09-traits.md#recovering-a-concrete-type
typing/invalid/erase-readonly-to-mut-inspectable.hd	type	reject:mutable-upgrade	09-traits.md#erasure-to-inspectable
typing/invalid/generic-erasure-reified-without-bound.hd	type	reject:type-mismatch	09-traits.md#erasure-to-inspectable
typing/invalid/closure-not-inspectable.hd	type	reject:type-mismatch	09-traits.md#inspectable-types
typing/invalid/inspectable-requirement-key.hd	type	reject:inspectable-requirement	11-requirements-and-suspension.md#requirement-rows
typing/invalid/inspectable-user-implementation.hd	type	reject:sealed-trait-implementation	09-traits.md#sealed-traits
typing/invalid/inspectable-member-redeclared.hd	type	reject:sealed-trait-implementation	09-traits.md#sealed-traits
typing/invalid/downcast-target-not-inspectable.hd	type	reject:unsatisfied-trait-bound	09-traits.md#recovering-a-concrete-type
typing/invalid/downcast-value-type-target.hd	type	reject:unsatisfied-trait-bound	09-traits.md#recovering-a-concrete-type
typing/invalid/error-implementation-local-type.hd	type	reject:missing-supertrait-implementation	09-traits.md#error-trait
typing/invalid/bare-none-is-unknown-name.hd	type	reject:unknown-name	04-type-system.md#optional-types
typing/invalid/bare-some-is-unknown-name.hd	type	reject:unknown-name	04-type-system.md#optional-types
typing/valid/contextual-some-constructor.hd	type	accept	04-type-system.md#optional-types
typing/invalid/bare-some-call-pattern.hd	type	reject:bare-variant-pattern	06-control-flow.md#match-expressions
typing/invalid/bare-ok-is-unknown-name.hd	type	reject:unknown-name	04-type-system.md#result-types
typing/invalid/bare-err-is-unknown-name.hd	type	reject:unknown-name	04-type-system.md#result-types
typing/invalid/bare-ok-call-pattern.hd	type	reject:bare-variant-pattern	06-control-flow.md#match-expressions
runtime/valid/result-enum-spellings.hd	runtime	accept	04-type-system.md#result-types
typing/valid/ok-err-are-not-prelude-names.hd	type	accept	10-modules.md#prelude
runtime/valid/replace-empty-old.hd	runtime	accept	10-modules.md#prelude
typing/invalid/embedded-non-data.hd	type	reject:embedded-non-data	08-data-and-enums.md#r-data.embed.data-only
typing/invalid/embedded-collection-type.hd	type	reject:embedded-non-data	08-data-and-enums.md#r-data.embed.data-only
typing/invalid/embedded-type-parameter.hd	type	reject:embedded-non-data	08-data-and-enums.md#r-data.embed.data-only
runtime/valid/closure-captured-let-shared.hd	runtime	accept	07-functions.md#captures
parse/valid/requirement-row-lists.hd	parse	accept	02-grammar.md#types
parse/invalid/old-row-separator-header.hd	parse	reject:old-row-separator	02-grammar.md#r-grammar.type.row.old-separator
parse/invalid/row-subtraction.hd	parse	reject:syntax-error	02-grammar.md#r-grammar.type.row.no-subtraction
parse/invalid/old-row-separator-in-type.hd	parse	reject:old-row-separator	02-grammar.md#r-grammar.type.row.old-separator
parse/invalid/old-row-separator-in-context.hd	parse	reject:old-row-separator	02-grammar.md#r-grammar.type.row.old-separator
parse/invalid/bare-row-list-in-type.hd	parse	reject:syntax-error	02-grammar.md#types
typing/valid/row-extension-absent-key.hd	type	accept	11-requirements-and-suspension.md#r-req.poly.absent-matches
parse/invalid/old-row-separator-type-argument.hd	parse	reject:old-row-separator	02-grammar.md#r-grammar.type.row.old-separator
parse/invalid/numeric-member-access.hd	parse	reject:syntax-error	02-grammar.md#r-grammar.expr.no-numeric-member
parse/invalid/numeric-member-access-float.hd	parse	reject:syntax-error	02-grammar.md#r-grammar.expr.no-numeric-member
runtime/valid/underscore-tuple-members.hd	runtime	accept	05-expressions.md#r-expr.tuple.select-underscore
typing/invalid/mixed-derived-law.hd	type	reject:mixed-derived-law	09-traits.md#r-trait.derive.partners.no-mix
typing/invalid/derived-hash-without-eq.hd	type	reject:mixed-derived-law	09-traits.md#r-trait.derive.partners.same-list
typing/invalid/hand-written-hash-beside-derived-eq.hd	type	reject:mixed-derived-law	09-traits.md#r-trait.derive.partners.no-mix
runtime/valid/derived-newtype.hd	runtime	accept	09-traits.md#r-trait.derive.newtype
parse/invalid/derive-before-alias.hd	parse	reject:syntax-error	02-grammar.md#r-grammar.annot.alias-no-decorator
typing/invalid/default-body-inherent-method.hd	type	reject:unknown-method	09-traits.md#r-trait.default.no-self-members.error
runtime/valid/default-body-supertrait-member.hd	runtime	accept	09-traits.md#r-trait.default.visible
typing/invalid/trait-variance-marker.hd	type	reject:invalid-variance	09-traits.md#r-trait.decl.generic.no-variance
typing/valid/inner-mut-trait-instantiations.hd	type	accept	09-traits.md#r-trait.target.inner-mut.distinct
typing/invalid/inherent-member-unifying-targets.hd	type	reject:duplicate-inherent-member	09-traits.md#r-trait.inherent.unique-unifying
runtime/valid/inherent-members-disjoint-targets.hd	runtime	accept	09-traits.md#r-trait.inherent.unique-unifying.disjoint
runtime/valid/associated-function-calls.hd	runtime	accept	09-traits.md#associated-function-calls
typing/invalid/associated-function-ambiguous-traits.hd	type	reject:ambiguous-method	09-traits.md#r-trait.assoc-call.type.ambiguous
typing/valid/dynamic-safety-row-parameter.hd	type	accept	09-traits.md#r-trait.dyn.safe.row-parameter
typing/invalid/dynamic-safety-reified-parameter.hd	type	reject:trait-not-dynamically-safe	09-traits.md#r-trait.dyn.safe.reified-or-pack
typing/invalid/dynamic-safety-pack-parameter.hd	type	reject:trait-not-dynamically-safe	09-traits.md#r-trait.dyn.safe.reified-or-pack
typing/invalid/least-common-type-supertrait-widening.hd	type	reject:no-common-type	04-type-system.md#r-types.lct.no-supertrait-widening
typing/invalid/trait-resolution-depth.hd	type	reject:trait-resolution-depth	09-traits.md#r-trait.bound.depth.limit
typing/valid/trait-resolution-depth-limit.hd	type	accept	09-traits.md#r-trait.bound.depth.limit
typing/invalid/partial-eq-removed.hd	type	reject:unknown-trait	09-traits.md#r-trait.cmp.one-eq
typing/invalid/float-ord-bound.hd	type	reject:unsatisfied-trait-bound	09-traits.md#r-trait.cmp.float-ord
typing/invalid/partial-ord-requires-eq.hd	type	reject:missing-supertrait-implementation	09-traits.md#r-trait.cmp.partial-ordering
runtime/valid/float-eq-bound.hd	runtime	accept	09-traits.md#r-trait.cmp.float-eq
typing/valid/type-shape-mutable-field.hd	type	accept	14-annotations.md#common-shape-representation
typing/invalid/enum-shared-field-assignment.hd	type	reject:invalid-assignment-target	08-data-and-enums.md#r-data.shared.read-only
typing/invalid/enum-shared-constructor-payload.hd	type	reject:unknown-name	08-data-and-enums.md#r-data.shared.no-payload
typing/invalid/payload-free-enum-equality.hd	type	reject:missing-partial-eq	09-traits.md#r-trait.hash.not-inferred
runtime/valid/enum-shared-data-per-variant.hd	runtime	accept	08-data-and-enums.md#r-data.shared.per-variant
typing/valid/dynamic-trait-suspending-method.hd	type	accept	09-traits.md#r-trait.dyn.safe.suspending
typing/valid/newtype-value-category.hd	type	accept	04-type-system.md#r-types.sealed.newtype
typing/invalid/newtype-value-category.hd	type	reject:unsatisfied-trait-bound	04-type-system.md#r-types.sealed.newtype
typing/valid/closure-assigns-captured-let.hd	type	accept	07-functions.md#r-fn.capture.mutate
typing/valid/closure-mutable-capture.hd	type	accept	07-functions.md#r-fn.capture.mutate.forms
typing/valid/closure-mutable-capture-argument.hd	type	accept	07-functions.md#r-fn.capture.mutate.forms
runtime/valid/closure-captures-per-iteration.hd	runtime	accept	07-functions.md#captures
parse/invalid/mut-function-type.hd	parse	reject:syntax-error	02-grammar.md#r-grammar.type.mut.no-function
parse/invalid/mut-closure-literal.hd	parse	reject:syntax-error	02-grammar.md#r-grammar.type.mut.no-function
typing/valid/function-type-constructors.hd	type	accept	07-functions.md#function-type-constructors
runtime/valid/spelled-function-type-values.hd	runtime	accept	07-functions.md#r-fn.type.ctor.sugar
typing/invalid/function-type-non-tuple-inputs.hd	type	reject:generic-kind-mismatch	07-functions.md#r-fn.type.ctor.kind-mismatch
typing/invalid/function-type-rest-nonfinal.hd	type	reject:nonfinal-vararg	07-functions.md#r-fn.type.rest.nonfinal
typing/valid/function-type-variance.hd	type	accept	07-functions.md#r-fn.type.declared-variance
typing/invalid/function-result-representation-change.hd	type	reject:variance-representation-change	07-functions.md#r-fn.type.variance-repr.excluded
typing/invalid/closure-identity.hd	type	reject:unsupported-function-identity	05-expressions.md#r-expr.is.function
typing/invalid/named-function-identity.hd	type	reject:unsupported-function-identity	05-expressions.md#r-expr.is.function
typing/invalid/function-identity-against-any.hd	type	reject:unsupported-function-identity	05-expressions.md#r-expr.is.function
typing/valid/generic-function-identity.hd	type	accept	05-expressions.md#r-expr.is.function.generic
typing/valid/function-type-impl-target.hd	type	accept	09-traits.md#r-trait.target.function-type.valid
typing/valid/function-type-pack-impl.hd	type	accept	09-traits.md#implementation-targets
typing/invalid/function-type-overlapping-impl.hd	type	reject:overlapping-impl	09-traits.md#overlap
typing/invalid/function-type-orphan-impl.hd	type	reject:orphan-impl	09-traits.md#r-trait.own.std.function
runtime/valid/function-type-impl-method.hd	runtime	accept	09-traits.md#r-trait.target.function-type.valid
typing/invalid/spelled-function-type-not-inspectable.hd	type	reject:type-mismatch	09-traits.md#r-trait.inspectable.not.function
runtime/valid/test-block-propagation.hd	runtime	accept	05-expressions.md#r-expr.try.test.with-try
typing/invalid/test-body-error-not-display.hd	type	reject:unsatisfied-trait-bound	05-expressions.md#r-expr.try.test.explicit-closure
typing/invalid/test-body-optional-result.hd	type	reject:unsatisfied-trait-bound	05-expressions.md#r-expr.try.test.explicit-closure
typing/valid/entry-exit-code.hd	type	accept	10-modules.md#exit-status
typing/invalid/entry-result-not-termination.hd	type	reject:unsatisfied-trait-bound	10-modules.md#r-module.entry.result-termination
runtime/valid/termination-report.hd	runtime	accept	10-modules.md#r-module.entry.termination
runtime/valid/generic-function-value-argument-inference.hd	runtime	accept	07-functions.md#generic-function-values
typing/invalid/generic-function-value-argument-unsolved.hd	type	reject:unresolved-generic-placeholder	07-functions.md#generic-function-values
runtime/valid/generic-variant-constructor-argument.hd	runtime	accept	08-data-and-enums.md#variant-constructors-as-function-values
typing/invalid/generic-variant-constructor-argument-unsolved.hd	type	reject:unresolved-generic-placeholder	08-data-and-enums.md#variant-constructors-as-function-values
typing/valid/typed-derivation.hd	type	accept	14-annotations.md#typed-derivation
typing/valid/typed-derivation-build.hd	type	accept	14-annotations.md#handles
runtime/valid/typed-derivation-walk.hd	runtime	accept	14-annotations.md#walk-describe-and-build
typing/invalid/derive-error-trait.hd	type	reject:underivable-trait	14-annotations.md#r-annot.derive.error-trait
typing/invalid/derive-and-block-overlap.hd	type	reject:overlapping-impl	14-annotations.md#r-annot.derive.overlap
typing/invalid/structure-implementation.hd	type	reject:sealed-trait-implementation	14-annotations.md#r-annot.structure.sealed
typing/invalid/structure-outside-template.hd	type	reject:structure-outside-template	14-annotations.md#r-annot.structure.named-positions.error
typing/invalid/marker-template.hd	type	reject:marker-template	14-annotations.md#r-annot.template.body.error
typing/invalid/duplicate-fact.hd	type	reject:duplicate-fact	14-annotations.md#r-annot.line.duplicate
typing/invalid/member-line-payload-member.hd	type	reject:unknown-annotation-member	14-annotations.md#r-annot.line.enum
typing/invalid/invalid-member-line.hd	type	reject:invalid-member-line	14-annotations.md#r-annot.line.right.error
typing/invalid/member-line-outside-block.hd	type	reject:misplaced-derivation	14-annotations.md#r-annot.line.placement-blocks
typing/invalid/omitted-member-without-default.hd	type	reject:omitted-member-without-default	14-annotations.md#r-annot.omit.no-default
typing/invalid/derive-member-not-derivable.hd	type	reject:member-not-derivable	14-annotations.md#r-annot.walker.obligation.error
typing/invalid/generic-member-call.hd	type	reject:generic-member-call	14-annotations.md#r-annot.walker.generic-member-call
typing/invalid/newtype-derivation-self.hd	type	reject:newtype-derivation-self	09-traits.md#r-trait.derive.newtype.self-error
typing/invalid/gadt-derivation.hd	type	reject:gadt-derivation	14-annotations.md#r-annot.block.gadt
typing/warnings/derivation-line-drift.hd	type	warn:derivation-line-drift	14-annotations.md#r-annot.line.drift
typing/warnings/unused-derivation-fact.hd	type	warn:unused-derivation-fact	14-annotations.md#r-annot.fact.unused-non-std
runtime/panic/structure-variant-mismatch.hd	runtime	panic:structure-variant-mismatch	14-annotations.md#r-annot.handle.get.variant
parse/valid/derivation-member-lines.hd	parse	accept	02-grammar.md#r-grammar.impl.derivation-line
parse/invalid/mutable-requirement-key.hd	parse	reject:syntax-error	11-requirements-and-suspension.md#r-req.mut.no-spelling
parse/invalid/mutable-provider-use.hd	parse	reject:syntax-error	11-requirements-and-suspension.md#r-req.mut.no-spelling
parse/invalid/mutable-provider-binding.hd	parse	reject:syntax-error	11-requirements-and-suspension.md#r-req.mut.no-spelling
typing/invalid/structure-without-use.hd	type	reject:unknown-trait	14-annotations.md#r-annot.block.structure-use
typing/invalid/newtype-derivation-block.hd	type	reject:misplaced-derivation	14-annotations.md#r-annot.block.newtype.error
typing/valid/generic-missing-call.hd	type	accept	14-annotations.md#r-annot.walker.generic-missing
typing/valid/console-recording-provider.hd	type	accept	10-modules.md#r-module.console.write-line-mut
typing/valid/console-host-provider-mutable.hd	type	accept	10-modules.md#r-module.console.write-line-mut
typing/invalid/console-readonly-binding-write-line.hd	type	reject:mutable-receiver-required	10-modules.md#r-module.console.write-line-mut
runtime/valid/println-recording-provider.hd	runtime	accept	10-modules.md#r-module.console.println-write
runtime/valid/println-provider-suspending-body.hd	runtime	accept	10-modules.md#r-module.console.println-drive.block-on
typing/invalid/root-orphan-impl.hd	type	reject:orphan-impl	09-traits.md#r-trait.own.no-orphan-exception
typing/valid/inherited-mut-method-requirement.hd	type	accept	11-requirements-and-suspension.md#r-req.mut.trait
typing/invalid/mutable-provider-install-readonly-field.hd	type	reject:mutable-upgrade	11-requirements-and-suspension.md#r-req.mut.install-mutable
typing/invalid/readonly-requirement-trait-mut-use.hd	type	reject:mutable-upgrade	11-requirements-and-suspension.md#r-req.mut.use-readonly-trait
parse/invalid/tests-block-in-function.hd	parse	reject:syntax-error	02-grammar.md#r-grammar.tests.top-level
parse/invalid/nested-tests-block.hd	parse	reject:syntax-error	02-grammar.md#r-grammar.tests.top-level
parse/invalid/tests-as-identifier.hd	parse	reject:syntax-error	02-grammar.md#r-grammar.tests.keyword
typing/invalid/duplicate-tests-block.hd	type	reject:duplicate-tests-block	02-grammar.md#r-grammar.tests.once
runtime/valid/tests-block-items.hd	runtime	accept	02-grammar.md#test-blocks
typing/invalid/tests-block-item-outside.hd	type	reject:unknown-name	03-names-and-scopes.md#r-names.tests.inside-only
typing/invalid/tests-block-name-collision.hd	type	reject:duplicate-module-name	03-names-and-scopes.md#r-names.tests.unique
runtime/valid/suspending-trailing-block.hd	runtime	accept	07-functions.md#r-fn.trailing.suspending
runtime/valid/test-case-options.hd	runtime	accept	10-modules.md#test-cases
runtime/valid/test-expect-panic.hd	runtime	accept	10-modules.md#r-module.testing.option.expect-panic
typing/invalid/tests-block-binding.hd	type	reject:invalid-test-statement	10-modules.md#r-module.testing.position-statements
typing/invalid/duplicate-test-name.hd	type	reject:duplicate-test-name	10-modules.md#r-module.testing.it.unique
typing/invalid/non-literal-test-name.hd	type	reject:non-literal-test-argument	10-modules.md#r-module.testing.it.name
typing/invalid/misplaced-test-case.hd	type	reject:misplaced-test-case	10-modules.md#r-module.testing.direct-call
typing/invalid/test-option-not-literal.hd	type	reject:non-literal-test-argument	10-modules.md#r-module.testing.it.options-strings
typing/invalid/unknown-test-option.hd	type	reject:unknown-named-argument	10-modules.md#r-module.testing.it.unknown-option
typing/invalid/it-shadowed.hd	type	reject:prelude-name-shadow	10-modules.md#r-module.prelude.no-shadow
runtime/valid/suspending-test-body.hd	runtime	accept	10-modules.md#r-module.testing.it.body
runtime/valid/test-body-return.hd	runtime	accept	06-control-flow.md#r-flow.return.callback
runtime/valid/test-body-explicit-closure.hd	runtime	accept	05-expressions.md#r-expr.try.test.explicit-closure
typing/invalid/test-body-string-error.hd	type	reject:invalid-result-propagation	05-expressions.md#r-expr.try.test.converts
runtime/valid/it-each-rows.hd	runtime	accept	10-modules.md#r-module.testing.it-each
typing/invalid/unit-test-missing-requirement.hd	type	reject:missing-requirement	10-modules.md#r-module.testing.unit-row
typing/valid/default-before-final-function.hd	type	accept	07-functions.md#r-fn.default.final-function
runtime/valid/it-body-by-name.hd	runtime	accept	10-modules.md#r-module.testing.it-function
typing/invalid/public-test-item.hd	type	reject:public-test-item	03-names-and-scopes.md#r-names.tests.no-pub
typing/invalid/unknown-panic-category.hd	type	reject:unknown-panic-category	10-modules.md#r-module.testing.option.expect-panic.known
typing/invalid/test-case-as-value.hd	type	reject:misplaced-test-case	10-modules.md#r-module.testing.direct-call
typing/invalid/it-each-outside-test-position.hd	type	reject:misplaced-test-case	10-modules.md#r-module.testing.direct-call
typing/invalid/it-each-name-clash.hd	type	reject:duplicate-test-name	10-modules.md#r-module.testing.it-each.name-clash
typing/invalid/it-each-non-literal-name.hd	type	reject:non-literal-test-argument	10-modules.md#r-module.testing.variants.name
runtime/valid/it-each-options.hd	runtime	accept	10-modules.md#r-module.testing.variants.options
runtime/valid/it-each-propagation.hd	runtime	accept	05-expressions.md#r-expr.try.test.row-body
typing/valid/snapshot-inline.hd	type	accept	10-modules.md#snapshots
typing/invalid/snapshot-non-literal-expect.hd	type	reject:non-literal-test-argument	10-modules.md#r-module.testing.snapshot.literal
typing/valid/derive-debug.hd	type	accept	09-traits.md#r-trait.debug.derive
typing/valid/debug-standard-types.hd	type	accept	09-traits.md#r-trait.debug.std
typing/invalid/assert-equal-without-debug.hd	type	reject:unsatisfied-trait-bound	10-modules.md#r-module.testing.assert-equal-debug
parse/valid/suffixed-literals.hd	parse	accept	01-lexical-structure.md#literal-suffixes
parse/invalid/suffix-after-separator.hd	parse	reject:invalid-token	01-lexical-structure.md#r-lex.suffix.separator
parse/invalid/radix-literal-suffix-without-separator.hd	parse	reject:syntax-error	01-lexical-structure.md#r-lex.suffix.radix-letters
parse/invalid/radix-literal-quote-suffix.hd	parse	reject:unterminated-string	01-lexical-structure.md#r-lex.suffix.no-quote
parse/invalid/reserved-word-suffix.hd	parse	reject:invalid-token	01-lexical-structure.md#r-lex.suffix.reserved
parse/invalid/string-literal-suffix.hd	parse	reject:syntax-error	01-lexical-structure.md#r-lex.suffix.no-string
parse/invalid/suffixed-literal-pattern.hd	parse	reject:syntax-error	02-grammar.md#r-grammar.pattern.no-suffixed-literal
typing/valid/literal-suffix-duration.hd	type	accept	05-expressions.md#literal-suffixes
typing/valid/literal-suffix-user.hd	type	accept	05-expressions.md#r-expr.suffix.marker
typing/valid/literal-suffix-local-shadow.hd	type	accept	03-names-and-scopes.md#r-names.suffix.no-local
typing/valid/literal-suffix-compile-time.hd	type	accept	05-expressions.md#r-expr.suffix.position-rules
typing/valid/literal-suffix-negative-minimum.hd	type	accept	04-type-system.md#r-types.literal.suffixed.negation.check
typing/valid/test-timeout-duration.hd	type	accept	10-modules.md#r-module.testing.option.timeout-any-duration
typing/valid/test-timeout-call.hd	type	accept	10-modules.md#r-module.testing.option.timeout-any-duration
typing/invalid/unknown-literal-suffix.hd	type	reject:unknown-name	03-names-and-scopes.md#r-names.suffix.unknown-name
typing/invalid/literal-suffix-float-into-integer.hd	type	reject:type-mismatch	04-type-system.md#r-types.literal.suffixed.kind
typing/invalid/literal-suffix-unmarked.hd	type	reject:invalid-literal-suffix	05-expressions.md#r-expr.suffix.not-marked
typing/invalid/literal-suffix-negative-range.hd	type	reject:integer-literal-range	04-type-system.md#r-types.literal.suffixed.negation.check
typing/invalid/literal-suffix-requirement.hd	type	reject:missing-requirement	05-expressions.md#r-expr.suffix.ordinary-rules
typing/invalid/test-timeout-string.hd	type	reject:type-mismatch	10-modules.md#r-module.testing.option.timeout-any-duration
typing/invalid/tests-root-outside-tests.hd	type	reject:test-only-use	10-modules.md#r-module.test.tests-root-elsewhere
runtime/valid/literal-suffix-call.hd	runtime	accept	05-expressions.md#r-expr.suffix.fn-call
typing/valid/decorator-targets.hd	type	accept	14-annotations.md#r-annot.decorator.targets
typing/invalid/block-on-in-fact.hd	type	reject:suspension-forbidden-context	14-annotations.md#r-annot.fact.no-block-on
typing/invalid/block-on-in-metadata.hd	type	reject:suspension-forbidden-context	14-annotations.md#r-annot.metadata.eval
typing/invalid/strengthened-missing-bound.hd	type	reject:trait-method-signature	14-annotations.md#r-annot.walker.missing-fixed
typing/valid/derive-without-structure-use.hd	type	accept	14-annotations.md#r-annot.derive.no-use
typing/invalid/derive-before-function.hd	type	reject:decorator-not-annotator	14-annotations.md#r-annot.decorator.function-derive
typing/invalid/duplicate-declaration-fact.hd	type	reject:duplicate-fact	14-annotations.md#r-annot.metadata.duplicate
runtime/valid/data-variant-facts-empty.hd	runtime	accept	14-annotations.md#r-annot.variant.data-facts
parse/valid/trait-less-derivation-block.hd	parse	accept	02-grammar.md#r-grammar.impl.traitless-by
typing/valid/annotate-identifier.hd	type	accept	01-lexical-structure.md#r-lex.keyword.reserved-words
typing/valid/trait-less-derivation-block.hd	type	accept	14-annotations.md#r-annot.traitless.form
runtime/valid/trait-less-block-facts.hd	runtime	accept	14-annotations.md#r-annot.traitless.after-decorators
typing/invalid/trait-less-block-omit.hd	type	reject:invalid-member-line	14-annotations.md#r-annot.traitless.no-omit
typing/invalid/trait-less-block-method.hd	type	reject:misplaced-derivation	14-annotations.md#r-annot.traitless.lines-only
typing/invalid/trait-less-block-newtype.hd	type	reject:misplaced-derivation	14-annotations.md#r-annot.traitless.target
typing/invalid/trait-less-block-local.hd	type	reject:misplaced-derivation	14-annotations.md#r-annot.traitless.local
typing/invalid/trait-less-block-duplicate-fact.hd	type	reject:duplicate-fact	14-annotations.md#r-annot.traitless.after-decorators
typing/invalid/trait-less-delegation.hd	type	reject:invalid-delegation	09-traits.md#r-trait.by.trait-less.error
typing/invalid/omitted-embedded-part.hd	type	reject:omitted-member-without-default	14-annotations.md#r-annot.omit.no-default
typing/invalid/duplicate-type-level-fact.hd	type	reject:duplicate-fact	14-annotations.md#r-annot.fact.duplicate-decorator
typing/valid/trait-less-block-generic.hd	type	accept	14-annotations.md#r-annot.traitless.generic
typing/invalid/trait-less-block-generic-argument.hd	type	reject:misplaced-derivation	14-annotations.md#r-annot.traitless.generic.error
typing/invalid/trait-less-block-generic-bound.hd	type	reject:misplaced-derivation	14-annotations.md#r-annot.traitless.generic.error
typing/invalid/trait-less-block-second.hd	type	reject:overlapping-impl	14-annotations.md#r-annot.traitless.unique
typing/warnings/trait-less-self-line-unused-fact.hd	type	warn:unused-derivation-fact	14-annotations.md#r-annot.fact.unused-self-line
runtime/valid/member-line-list-expression.hd	runtime	accept	14-annotations.md#r-annot.line.right-typed
typing/valid/trait-less-block-generic-rename.hd	type	accept	14-annotations.md#r-annot.traitless.generic.rename
typing/invalid/member-line-not-list.hd	type	reject:invalid-member-line	14-annotations.md#r-annot.line.right.not-list
typing/warnings/per-trait-self-line-unused-fact.hd	type	warn:unused-derivation-fact	14-annotations.md#r-annot.fact.unused-self-line.per-trait
runtime/panic/println-under-main-driver.hd	runtime	panic:suspension-nested-driver	10-modules.md#r-module.console.println-block-on
runtime/panic/println-in-test-body.hd	runtime	panic:suspension-nested-driver	10-modules.md#r-module.console.println-block-on
typing/invalid/println-in-defer.hd	type	reject:suspension-forbidden-context	10-modules.md#r-module.console.println-block-on
typing/invalid/println-in-default.hd	type	reject:suspension-forbidden-context	10-modules.md#r-module.console.println-block-on
typing/invalid/test-module-tests-block.hd	type	reject:misplaced-tests-block	10-modules.md#r-module.test.no-tests-block
typing/invalid/integration-test-tests-block.hd	type	reject:misplaced-tests-block	10-modules.md#r-module.test.no-tests-block
typing/invalid/test-module-tests-root.hd	type	reject:test-only-use	10-modules.md#r-module.test.tests-root-elsewhere
runtime/valid/test-module-top-level-cases.hd	runtime	accept	10-modules.md#r-module.test.module
typing/valid/debug-writer-builders.hd	type	accept	09-traits.md#r-trait.debug.builder.struct
typing/valid/choices-arbitrary.hd	type	accept	10-modules.md#r-module.testing.choices.declare
runtime/panic/duration-suffix-overflow.hd	runtime	panic:integer-overflow	05-expressions.md#r-expr.suffix.std.overflow
runtime/valid/duration-api.hd	runtime	accept	05-expressions.md#r-expr.suffix.std.duration-api
typing/valid/println-top-level-script.hd	type	accept	10-modules.md#r-module.console.println-script
runtime/panic/snapshot-mismatch.hd	runtime	panic:assertion-failed	10-modules.md#r-module.testing.snapshot.mismatch
runtime/panic/snapshot-file-missing.hd	runtime	panic:assertion-failed	10-modules.md#r-module.testing.snapshot-file.missing-panic
typing/valid/derive-debug-shapes.hd	type	accept	09-traits.md#r-trait.debug.derive-builders.mapping
typing/invalid/derive-before-trait.hd	type	reject:decorator-not-annotator	14-annotations.md#r-annot.decorator.derive-targets
typing/invalid/duplicate-function-fact.hd	type	reject:duplicate-fact	14-annotations.md#r-annot.decorator.duplicate
runtime/valid/bare-marker-decorator.hd	runtime	accept	14-annotations.md#r-annot.decorator.bare-call
runtime/valid/function-fact-read.hd	runtime	accept	14-annotations.md#r-annot.decorator.fn-read
typing/valid/decorator-target-kinds.hd	type	accept	14-annotations.md#r-annot.target.limit
typing/invalid/decorator-target-kind.hd	type	reject:decorator-not-annotator	14-annotations.md#r-annot.target.limit.error
typing/invalid/decorator-target-newtype.hd	type	reject:decorator-not-annotator	14-annotations.md#r-annot.target.newtype
typing/invalid/annotate-before-function.hd	type	reject:decorator-not-annotator	14-annotations.md#r-annot.target.bootstrap
typing/invalid/decorator-target-member-line.hd	type	reject:decorator-not-annotator	14-annotations.md#r-annot.target.limit.error
typing/invalid/literal-suffix-parameter-type.hd	type	reject:type-mismatch	05-expressions.md#r-expr.suffix.fn-shape.definition
typing/valid/literal-suffix-generic.hd	type	accept	05-expressions.md#r-expr.suffix.ordinary-rules
typing/valid/literal-suffix-extra-parameter.hd	type	accept	05-expressions.md#r-expr.suffix.fn-shape-required
typing/invalid/literal-suffix-suspending.hd	type	reject:type-mismatch	05-expressions.md#r-expr.suffix.fn-shape.definition
typing/invalid/num-suffix-before-data.hd	type	reject:decorator-not-annotator	05-expressions.md#r-expr.suffix.marker.module
parse/invalid/old-row-separator-callback.hd	parse	reject:old-row-separator	02-grammar.md#r-grammar.type.row.old-separator
parse/invalid/parenthesized-row.hd	parse	reject:syntax-error	02-grammar.md#r-grammar.type.row.no-parentheses
parse/invalid/old-bound-operator-generic.hd	parse	reject:old-bound-operator	02-grammar.md#r-grammar.generic.bound.old-plus
parse/invalid/old-bound-operator-supertrait.hd	parse	reject:old-bound-operator	02-grammar.md#r-grammar.generic.bound.old-plus
parse/invalid/old-bound-operator-impl.hd	parse	reject:old-bound-operator	02-grammar.md#r-grammar.generic.bound.old-plus
parse/valid/bound-and-lists.hd	parse	accept	02-grammar.md#r-grammar.generic.bound.and
runtime/valid/row-extension-absent-key-runs.hd	runtime	accept	11-requirements-and-suspension.md#r-req.row.least.absent-key
parse/valid/prefixed-strings.hd	parse	accept	01-lexical-structure.md#prefixed-strings
parse/invalid/prefixed-string-reserved-dollar.hd	parse	reject:syntax-error	01-lexical-structure.md#r-lex.prefix.reserved-dollar
parse/invalid/prefixed-string-pattern.hd	parse	reject:syntax-error	02-grammar.md#r-grammar.pattern.no-prefixed-string
typing/valid/string-prefix-user.hd	type	accept	05-expressions.md#r-expr.prefix.marker
typing/valid/string-prefix-local-shadow.hd	type	accept	03-names-and-scopes.md#r-names.prefix.no-local
typing/valid/string-prefix-std-r.hd	type	accept	05-expressions.md#r-expr.prefix.std.r
typing/invalid/unknown-string-prefix.hd	type	reject:unknown-name	03-names-and-scopes.md#r-names.prefix.unknown-name
typing/invalid/bytes-prefix-unknown.hd	type	reject:unknown-name	05-expressions.md#r-expr.prefix.std.only-r
typing/invalid/string-prefix-unmarked.hd	type	reject:invalid-string-prefix	05-expressions.md#r-expr.prefix.not-marked
typing/invalid/string-prefix-parameter-type.hd	type	reject:type-mismatch	05-expressions.md#r-expr.prefix.fn-shape.definition
typing/invalid/string-prefix-requirement.hd	type	reject:missing-requirement	05-expressions.md#r-expr.prefix.ordinary-rules
typing/valid/string-prefix-generic.hd	type	accept	05-expressions.md#r-expr.prefix.ordinary-rules
typing/valid/string-prefix-extra-parameter.hd	type	accept	05-expressions.md#r-expr.prefix.fn-shape-required
typing/invalid/string-prefix-suspending.hd	type	reject:type-mismatch	05-expressions.md#r-expr.prefix.fn-shape.definition
typing/invalid/str-prefix-before-data.hd	type	reject:decorator-not-annotator	05-expressions.md#r-expr.prefix.marker.module
typing/invalid/string-prefix-value-mismatch.hd	type	reject:type-mismatch	04-type-system.md#r-types.literal.prefixed.value-errors
typing/invalid/string-prefix-value-narrowing.hd	type	reject:implicit-narrowing	04-type-system.md#r-types.literal.prefixed.value-errors
runtime/valid/string-prefix-template.hd	runtime	accept	05-expressions.md#r-expr.prefix.parts
runtime/valid/string-prefix-std.hd	runtime	accept	05-expressions.md#r-expr.prefix.std.r
parse/invalid/row-alias-and-operator.hd	parse	reject:syntax-error	02-grammar.md#r-grammar.type-decl.row-alias.no-and
typing/invalid/alias-cycle.hd	type	reject:alias-cycle	04-type-system.md#r-types.alias.cycle
typing/invalid/row-alias-cycle.hd	type	reject:alias-cycle	11-requirements-and-suspension.md#r-req.row.alias.cycle
typing/invalid/ambiguous-row-pattern.hd	type	reject:ambiguous-row-pattern	11-requirements-and-suspension.md#r-req.row.least.ambiguous
typing/valid/row-pattern-fixed-by-parameter.hd	type	accept	11-requirements-and-suspension.md#r-req.row.least.fixed
typing/valid/row-subsumption-list.hd	type	accept	11-requirements-and-suspension.md#r-req.row.subsume
typing/valid/row-subsumption-sites.hd	type	accept	11-requirements-and-suspension.md#r-req.row.subsume.sites
typing/invalid/row-subsumption-missing-key.hd	type	reject:type-mismatch	11-requirements-and-suspension.md#r-req.row.subsume.missing
runtime/valid/row-subsumption-runs.hd	runtime	accept	11-requirements-and-suspension.md#r-req.row.subsume.adapt
typing/invalid/row-parameter-on-data.hd	type	reject:generic-kind-mismatch	11-requirements-and-suspension.md#r-req.row.param.no-data.error
typing/invalid/row-parameter-on-trait.hd	type	reject:generic-kind-mismatch	11-requirements-and-suspension.md#r-req.row.param.no-data
typing/invalid/row-parameter-in-context.hd	type	reject:row-parameter-in-context	11-requirements-and-suspension.md#r-req.row.param.context
typing/valid/row-alias.hd	type	accept	11-requirements-and-suspension.md#r-req.row.alias.expand
runtime/valid/row-alias-runs.hd	runtime	accept	11-requirements-and-suspension.md#r-req.row.alias.slots
typing/valid/row-alias-nested.hd	type	accept	11-requirements-and-suspension.md#r-req.row.alias.nested
typing/valid/row-alias-generic.hd	type	accept	11-requirements-and-suspension.md#r-req.row.alias.generic.use
runtime/valid/row-alias-mutable-key.hd	runtime	accept	11-requirements-and-suspension.md#r-req.row.alias.access
typing/valid/row-alias-one-key.hd	type	accept	11-requirements-and-suspension.md#r-req.row.alias.one-key
typing/valid/row-alias-empty.hd	type	accept	11-requirements-and-suspension.md#r-req.row.alias.empty
typing/invalid/row-alias-as-type.hd	type	reject:generic-kind-mismatch	11-requirements-and-suspension.md#r-req.row.alias.type-or-key
typing/invalid/row-alias-in-use.hd	type	reject:generic-kind-mismatch	11-requirements-and-suspension.md#r-req.row.alias.type-or-key
typing/invalid/row-alias-binding.hd	type	reject:generic-kind-mismatch	11-requirements-and-suspension.md#r-req.row.alias.type-or-key
typing/valid/row-alias-bare-context.hd	type	accept	11-requirements-and-suspension.md#r-req.row.alias.bare
typing/invalid/row-alias-mut-key.hd	type	reject:syntax-error	11-requirements-and-suspension.md#r-req.row.alias.no-mut
typing/invalid/row-alias-generic-kind.hd	type	reject:generic-kind-mismatch	11-requirements-and-suspension.md#r-req.row.alias.generic.kind
runtime/valid/installer-function-runs.hd	runtime	accept	11-requirements-and-suspension.md#r-req.poly.extension
typing/invalid/cast-literal-out-of-range.hd	type	reject:integer-literal-range	04-type-system.md#r-types.cast.literal-range
runtime/valid/narrowing-cast-wraps.hd	runtime	accept	04-type-system.md#r-types.cast.wrap
typing/invalid/property-input-not-debug.hd	type	reject:unsatisfied-trait-bound	10-modules.md#r-module.testing.prop.debug
runtime/valid/property-assume-discards.hd	runtime	accept	10-modules.md#r-module.testing.prop.discard
typing/invalid/type-name-as-value.hd	type	reject:type-used-as-value	03-names-and-scopes.md#r-names.type-as-value
typing/valid/literal-suffix-requirement.hd	type	accept	05-expressions.md#r-expr.suffix.ordinary-rules
typing/invalid/literal-suffix-no-parameter.hd	type	reject:type-mismatch	05-expressions.md#r-expr.suffix.fn-shape.definition
typing/valid/string-prefix-requirement.hd	type	accept	05-expressions.md#r-expr.prefix.ordinary-rules
typing/valid/row-union-list.hd	type	accept	11-requirements-and-suspension.md#r-req.row.union.literal
typing/valid/row-union-map.hd	type	accept	11-requirements-and-suspension.md#r-req.row.union.literal.map
typing/invalid/row-union-list-no-convert.hd	type	reject:type-mismatch	11-requirements-and-suspension.md#r-req.row.union.literal.invariant
typing/invalid/row-union-other-parts.hd	type	reject:no-common-type	11-requirements-and-suspension.md#r-req.row.union.literal.other-parts
typing/invalid/row-union-nested-lists.hd	type	reject:no-common-type	11-requirements-and-suspension.md#r-req.row.union.literal.direct
typing/invalid/row-union-missing-requirement.hd	type	reject:missing-requirement	11-requirements-and-suspension.md#r-req.row.union.literal.type
typing/valid/row-union-spread.hd	type	accept	11-requirements-and-suspension.md#r-req.row.union.literal.spread
runtime/valid/row-union-list-runs.hd	runtime	accept	11-requirements-and-suspension.md#r-req.row.union.literal.fit
typing/valid/row-list-copy-wider.hd	type	accept	11-requirements-and-suspension.md#row-subsumption
typing/valid/row-alias-bare-slots.hd	type	accept	11-requirements-and-suspension.md#r-req.row.alias.one-key-slot.list
runtime/valid/row-alias-bare-runs.hd	runtime	accept	11-requirements-and-suspension.md#r-req.context.bare-alias
typing/valid/row-alias-bare-impl-head.hd	type	accept	11-requirements-and-suspension.md#r-req.row.alias.bare
typing/invalid/row-alias-type-argument.hd	type	reject:generic-kind-mismatch	11-requirements-and-suspension.md#r-req.row.alias.type-or-key
typing/invalid/row-alias-explicit-type-argument.hd	type	reject:generic-kind-mismatch	11-requirements-and-suspension.md#r-req.row.alias.type-or-key
runtime/valid/row-forced-overlap-nearest.hd	runtime	accept	11-requirements-and-suspension.md#r-req.with.nearest.row-parameter
typing/invalid/public-method-missing-result-type.hd	type	reject:missing-result-type	07-functions.md#r-fn.decl.result-required-pub
typing/valid/private-method-infers-result-and-row.hd	type	accept	07-functions.md#r-fn.decl.result-omitted-private
typing/invalid/public-method-without-requirement-clause.hd	type	reject:missing-requirement	11-requirements-and-suspension.md#r-req.row.omitted.empty-pub
