rule_id	path	line	tier	status	evidence
lex.process.decode	spec/lang/01-lexical-structure.md	15	language	pending	Not yet reconciled
lex.process.lines	spec/lang/01-lexical-structure.md	16	language	pending	Not yet reconciled
lex.process.tokens	spec/lang/01-lexical-structure.md	17	language	pending	Not yet reconciled
lex.process.join	spec/lang/01-lexical-structure.md	18	language	pending	Not yet reconciled
lex.process.layout	spec/lang/01-lexical-structure.md	19	language	pending	Not yet reconciled
lex.process.parse	spec/lang/01-lexical-structure.md	20	language	pending	Not yet reconciled
lex.process.trivia	spec/lang/01-lexical-structure.md	22	language	pending	Not yet reconciled
lex.encoding.utf8	spec/lang/01-lexical-structure.md	27	language	pending	Not yet reconciled
lex.encoding.invalid	spec/lang/01-lexical-structure.md	28	language	pending	Not yet reconciled
lex.encoding.bom	spec/lang/01-lexical-structure.md	29	language	pending	Not yet reconciled
lex.encoding.other-bom	spec/lang/01-lexical-structure.md	30	language	pending	Not yet reconciled
lex.encoding.stray-bom	spec/lang/01-lexical-structure.md	31	language	pending	Not yet reconciled
lex.encoding.scalars	spec/lang/01-lexical-structure.md	32	language	pending	Not yet reconciled
lex.line.physical	spec/lang/01-lexical-structure.md	43	language	pending	Not yet reconciled
lex.line.crlf	spec/lang/01-lexical-structure.md	44	language	pending	Not yet reconciled
lex.line.bare-cr	spec/lang/01-lexical-structure.md	45	language	pending	Not yet reconciled
lex.line.no-backslash	spec/lang/01-lexical-structure.md	46	language	pending	Not yet reconciled
lex.line.logical	spec/lang/01-lexical-structure.md	64	language	pending	Not yet reconciled
lex.continue.delimiters	spec/lang/01-lexical-structure.md	65	language	pending	Not yet reconciled
lex.continue.no-suffix	spec/lang/01-lexical-structure.md	66	language	pending	Not yet reconciled
lex.continue.suffix-line	spec/lang/01-lexical-structure.md	67	language	pending	Not yet reconciled
lex.continue.new-operand	spec/lang/01-lexical-structure.md	68	language	pending	Not yet reconciled
lex.continue.missing-separator	spec/lang/01-lexical-structure.md	69	language	pending	Not yet reconciled
lex.dot.continue	spec/lang/01-lexical-structure.md	96	language	pending	Not yet reconciled
lex.dot.first-token	spec/lang/01-lexical-structure.md	97	language	pending	Not yet reconciled
lex.dot.deeper	spec/lang/01-lexical-structure.md	98	language	pending	Not yet reconciled
lex.dot.no-opener	spec/lang/01-lexical-structure.md	99	language	pending	Not yet reconciled
lex.dot.no-layout	spec/lang/01-lexical-structure.md	100	language	pending	Not yet reconciled
lex.dot.blank-lines	spec/lang/01-lexical-structure.md	101	language	pending	Not yet reconciled
lex.dot.joined	spec/lang/01-lexical-structure.md	102	language	pending	Not yet reconciled
lex.dot.open-suite	spec/lang/01-lexical-structure.md	103	language	pending	Not yet reconciled
lex.dot.closed-suite	spec/lang/01-lexical-structure.md	104	language	pending	Not yet reconciled
lex.dot.same-indent	spec/lang/01-lexical-structure.md	105	language	pending	Not yet reconciled
lex.dot.suite-line	spec/lang/01-lexical-structure.md	106	language	pending	Not yet reconciled
lex.dot.where	spec/lang/01-lexical-structure.md	107	language	pending	Not yet reconciled
lex.continue.no-other-operator	spec/lang/01-lexical-structure.md	108	language	pending	Not yet reconciled
lex.continue.paren-line	spec/lang/01-lexical-structure.md	109	language	pending	Not yet reconciled
lex.pipe.continue	spec/lang/01-lexical-structure.md	143	language	pending	Not yet reconciled
lex.pipe.conditions	spec/lang/01-lexical-structure.md	144	language	pending	Not yet reconciled
lex.pipe.layout	spec/lang/01-lexical-structure.md	145	language	pending	Not yet reconciled
lex.pipe.open-suite	spec/lang/01-lexical-structure.md	146	language	pending	Not yet reconciled
lex.pipe.no-dot-line	spec/lang/01-lexical-structure.md	147	language	pending	Not yet reconciled
lex.pipe.dot-before	spec/lang/01-lexical-structure.md	148	language	pending	Not yet reconciled
lex.nested.no-layout	spec/lang/01-lexical-structure.md	164	language	pending	Not yet reconciled
lex.nested.suite	spec/lang/01-lexical-structure.md	165	language	pending	Not yet reconciled
lex.nested.layout	spec/lang/01-lexical-structure.md	166	language	pending	Not yet reconciled
lex.nested.resume	spec/lang/01-lexical-structure.md	167	language	pending	Not yet reconciled
lex.nested.reference	spec/lang/01-lexical-structure.md	168	language	pending	Not yet reconciled
lex.nested.body-depth	spec/lang/01-lexical-structure.md	169	language	pending	Not yet reconciled
lex.nested.body-left	spec/lang/01-lexical-structure.md	170	language	pending	Not yet reconciled
lex.nested.closer	spec/lang/01-lexical-structure.md	171	language	pending	Not yet reconciled
lex.closure.end	spec/lang/01-lexical-structure.md	196	language	pending	Not yet reconciled
lex.closure.end-line	spec/lang/01-lexical-structure.md	197	language	pending	Not yet reconciled
lex.closure.end-token	spec/lang/01-lexical-structure.md	198	language	pending	Not yet reconciled
lex.closure.other-token	spec/lang/01-lexical-structure.md	199	language	pending	Not yet reconciled
lex.closure.between	spec/lang/01-lexical-structure.md	200	language	pending	Not yet reconciled
lex.closure.closer-on-body	spec/lang/01-lexical-structure.md	201	language	pending	Not yet reconciled
lex.closure.body-line	spec/lang/01-lexical-structure.md	202	language	pending	Not yet reconciled
lex.closure.statement	spec/lang/01-lexical-structure.md	232	language	pending	Not yet reconciled
lex.header.resume	spec/lang/01-lexical-structure.md	233	language	pending	Not yet reconciled
lex.header.resume-closure	spec/lang/01-lexical-structure.md	234	language	pending	Not yet reconciled
lex.header.no-indented-end	spec/lang/01-lexical-structure.md	235	language	pending	Not yet reconciled
lex.colon.cooperate	spec/lang/01-lexical-structure.md	241	language	pending	Not yet reconciled
lex.colon.implementation	spec/lang/01-lexical-structure.md	242	language	pending	Not yet reconciled
lex.colon.ordinary	spec/lang/01-lexical-structure.md	243	language	pending	Not yet reconciled
lex.colon.trailing-block	spec/lang/01-lexical-structure.md	244	language	pending	Not yet reconciled
lex.colon.trailing-block.not-headers	spec/lang/01-lexical-structure.md	245	language	pending	Not yet reconciled
lex.suite-end.token	spec/lang/01-lexical-structure.md	251	language	pending	Not yet reconciled
lex.suite-end.line	spec/lang/01-lexical-structure.md	252	language	pending	Not yet reconciled
lex.suite-end.newline	spec/lang/01-lexical-structure.md	253	language	pending	Not yet reconciled
lex.suite-end.continuation	spec/lang/01-lexical-structure.md	254	language	pending	Not yet reconciled
lex.suite-end.comma	spec/lang/01-lexical-structure.md	255	language	pending	Not yet reconciled
lex.suite-end.example	spec/lang/01-lexical-structure.md	256	language	pending	Not yet reconciled
lex.suite-end.else	spec/lang/01-lexical-structure.md	257	language	pending	Not yet reconciled
lex.suite-end.else-example	spec/lang/01-lexical-structure.md	258	language	pending	Not yet reconciled
lex.suite-end.no-spelling	spec/lang/01-lexical-structure.md	259	language	pending	Not yet reconciled
lex.delim.match	spec/lang/01-lexical-structure.md	263	language	pending	Not yet reconciled
lex.delim.unmatched	spec/lang/01-lexical-structure.md	264	language	pending	Not yet reconciled
lex.space.meaning	spec/lang/01-lexical-structure.md	268	language	pending	Not yet reconciled
lex.indent.structure	spec/lang/01-lexical-structure.md	269	language	pending	Not yet reconciled
lex.indent.compare	spec/lang/01-lexical-structure.md	273	language	pending	Not yet reconciled
lex.indent.equal	spec/lang/01-lexical-structure.md	274	language	pending	Not yet reconciled
lex.indent.greater	spec/lang/01-lexical-structure.md	275	language	pending	Not yet reconciled
lex.indent.lesser	spec/lang/01-lexical-structure.md	276	language	pending	Not yet reconciled
lex.indent.unknown-column	spec/lang/01-lexical-structure.md	277	language	pending	Not yet reconciled
lex.indent.first	spec/lang/01-lexical-structure.md	278	language	pending	Not yet reconciled
lex.indent.eof	spec/lang/01-lexical-structure.md	279	language	pending	Not yet reconciled
lex.indent.eof-newline	spec/lang/01-lexical-structure.md	280	language	pending	Not yet reconciled
lex.indent.blank	spec/lang/01-lexical-structure.md	281	language	pending	Not yet reconciled
lex.block.header	spec/lang/01-lexical-structure.md	294	language	pending	Not yet reconciled
lex.block.body	spec/lang/01-lexical-structure.md	295	language	pending	Not yet reconciled
lex.tab.invalid	spec/lang/01-lexical-structure.md	299	language	pending	Not yet reconciled
lex.tab.content	spec/lang/01-lexical-structure.md	300	language	pending	Not yet reconciled
lex.tab.spaces	spec/lang/01-lexical-structure.md	301	language	pending	Not yet reconciled
lex.comment.line	spec/lang/01-lexical-structure.md	315	language	pending	Not yet reconciled
lex.comment.extent	spec/lang/01-lexical-structure.md	316	language	pending	Not yet reconciled
lex.comment.no-block	spec/lang/01-lexical-structure.md	317	language	pending	Not yet reconciled
lex.doc.form	spec/lang/01-lexical-structure.md	321	language	pending	Not yet reconciled
lex.doc.attach	spec/lang/01-lexical-structure.md	322	language	pending	Not yet reconciled
lex.doc.members	spec/lang/01-lexical-structure.md	323	language	pending	Not yet reconciled
lex.doc.text	spec/lang/01-lexical-structure.md	324	language	pending	Not yet reconciled
lex.doc.field	spec/lang/01-lexical-structure.md	325	language	pending	Not yet reconciled
lex.doc.trailing	spec/lang/01-lexical-structure.md	326	language	pending	Not yet reconciled
lex.doc.unattached	spec/lang/01-lexical-structure.md	327	language	pending	Not yet reconciled
lex.comment.character	spec/lang/01-lexical-structure.md	345	language	pending	Not yet reconciled
lex.ident.form	spec/lang/01-lexical-structure.md	359	language	source-reconciled-validation-pending	REPORT.md A04; subsystem and challenge evidence
lex.ident.case	spec/lang/01-lexical-structure.md	360	language	source-reconciled-validation-pending	REPORT.md A04; subsystem and challenge evidence
lex.ident.nfc	spec/lang/01-lexical-structure.md	361	language	pending	Not yet reconciled
lex.ident.non-nfc	spec/lang/01-lexical-structure.md	362	language	pending	Not yet reconciled
lex.ident.placeholder	spec/lang/01-lexical-structure.md	363	language	pending	Not yet reconciled
lex.ident.underscore	spec/lang/01-lexical-structure.md	364	language	pending	Not yet reconciled
lex.ident.xid	spec/lang/01-lexical-structure.md	365	language	pending	Not yet reconciled
lex.ident.unicode-version	spec/lang/01-lexical-structure.md	366	language	pending	Not yet reconciled
lex.ident.confusable.warning	spec/lang/01-lexical-structure.md	377	language	pending	Not yet reconciled
lex.ident.mixed-script.warning	spec/lang/01-lexical-structure.md	378	language	pending	Not yet reconciled
lex.ident.identity	spec/lang/01-lexical-structure.md	379	language	pending	Not yet reconciled
lex.ident.ascii	spec/lang/01-lexical-structure.md	380	language	pending	Not yet reconciled
lex.ident.reserved	spec/lang/01-lexical-structure.md	384	language	pending	Not yet reconciled
lex.ident.builtin-types	spec/lang/01-lexical-structure.md	385	language	pending	Not yet reconciled
lex.raw.form	spec/lang/01-lexical-structure.md	409	language	pending	Not yet reconciled
lex.raw.reserved	spec/lang/01-lexical-structure.md	410	language	pending	Not yet reconciled
lex.raw.token	spec/lang/01-lexical-structure.md	411	language	pending	Not yet reconciled
lex.raw.name	spec/lang/01-lexical-structure.md	412	language	pending	Not yet reconciled
lex.raw.text	spec/lang/01-lexical-structure.md	413	language	pending	Not yet reconciled
lex.raw.invalid	spec/lang/01-lexical-structure.md	414	language	pending	Not yet reconciled
lex.raw.not-reserved	spec/lang/01-lexical-structure.md	415	language	pending	Not yet reconciled
lex.raw.interpolation	spec/lang/01-lexical-structure.md	416	language	pending	Not yet reconciled
lex.keyword.reserved-words	spec/lang/01-lexical-structure.md	432	language	pending	Not yet reconciled
lex.keyword.tests	spec/lang/01-lexical-structure.md	442	language	pending	Not yet reconciled
lex.contextual.fixed	spec/lang/01-lexical-structure.md	446	language	pending	Not yet reconciled
lex.contextual.use-root	spec/lang/01-lexical-structure.md	451	language	pending	Not yet reconciled
lex.contextual.as	spec/lang/01-lexical-structure.md	452	language	pending	Not yet reconciled
lex.contextual.use	spec/lang/01-lexical-structure.md	453	language	pending	Not yet reconciled
lex.contextual.context	spec/lang/01-lexical-structure.md	454	language	pending	Not yet reconciled
lex.contextual.derive	spec/lang/01-lexical-structure.md	455	language	pending	Not yet reconciled
lex.contextual.by-header	spec/lang/01-lexical-structure.md	456	language	pending	Not yet reconciled
lex.contextual.elsewhere	spec/lang/01-lexical-structure.md	458	language	pending	Not yet reconciled
lex.contextual.shadowing	spec/lang/01-lexical-structure.md	459	language	pending	Not yet reconciled
lex.bool.literals	spec/lang/01-lexical-structure.md	479	language	pending	Not yet reconciled
lex.bool.no-nil	spec/lang/01-lexical-structure.md	480	language	pending	Not yet reconciled
lex.bool.none	spec/lang/01-lexical-structure.md	481	language	pending	Not yet reconciled
lex.int.forms	spec/lang/01-lexical-structure.md	514	language	pending	Not yet reconciled
lex.int.sign	spec/lang/01-lexical-structure.md	515	language	pending	Not yet reconciled
lex.int.radix-type	spec/lang/01-lexical-structure.md	516	language	pending	Not yet reconciled
lex.int.hex-case	spec/lang/01-lexical-structure.md	517	language	pending	Not yet reconciled
lex.int.leading-zero	spec/lang/01-lexical-structure.md	518	language	pending	Not yet reconciled
lex.sep.digits	spec/lang/01-lexical-structure.md	525	language	pending	Not yet reconciled
lex.sep.prefix	spec/lang/01-lexical-structure.md	526	language	pending	Not yet reconciled
lex.sep.placement	spec/lang/01-lexical-structure.md	527	language	pending	Not yet reconciled
lex.sep.value	spec/lang/01-lexical-structure.md	528	language	pending	Not yet reconciled
lex.sep.misplaced	spec/lang/01-lexical-structure.md	529	language	pending	Not yet reconciled
lex.int.bare-prefix	spec/lang/01-lexical-structure.md	530	language	pending	Not yet reconciled
lex.int.outside-radix	spec/lang/01-lexical-structure.md	531	language	pending	Not yet reconciled
lex.float.forms	spec/lang/01-lexical-structure.md	554	language	pending	Not yet reconciled
lex.float.point	spec/lang/01-lexical-structure.md	555	language	pending	Not yet reconciled
lex.float.no-bare-point	spec/lang/01-lexical-structure.md	556	language	pending	Not yet reconciled
lex.float.sep	spec/lang/01-lexical-structure.md	557	language	pending	Not yet reconciled
lex.float.sep-misplaced	spec/lang/01-lexical-structure.md	558	language	pending	Not yet reconciled
lex.float.no-hex	spec/lang/01-lexical-structure.md	559	language	pending	Not yet reconciled
lex.suffix.form	spec/lang/01-lexical-structure.md	590	language	pending	Not yet reconciled
lex.suffix.name	spec/lang/01-lexical-structure.md	591	language	pending	Not yet reconciled
lex.suffix.decimal	spec/lang/01-lexical-structure.md	592	language	pending	Not yet reconciled
lex.suffix.exponent	spec/lang/01-lexical-structure.md	593	language	pending	Not yet reconciled
lex.literal-fn.reserved-glued	spec/lang/01-lexical-structure.md	594	language	pending	Not yet reconciled
lex.literal-fn.meaning	spec/lang/01-lexical-structure.md	595	language	pending	Not yet reconciled
lex.string.quotes	spec/lang/01-lexical-structure.md	671	language	pending	Not yet reconciled
lex.char.quotes	spec/lang/01-lexical-structure.md	672	language	pending	Not yet reconciled
lex.string.classes	spec/lang/01-lexical-structure.md	673	language	pending	Not yet reconciled
lex.string.text-runs	spec/lang/01-lexical-structure.md	684	language	pending	Not yet reconciled
lex.char.one-scalar	spec/lang/01-lexical-structure.md	685	language	pending	Not yet reconciled
lex.string.scalars	spec/lang/01-lexical-structure.md	686	language	pending	Not yet reconciled
lex.string.single-line	spec/lang/01-lexical-structure.md	687	language	pending	Not yet reconciled
lex.multiline.form	spec/lang/01-lexical-structure.md	691	language	pending	Not yet reconciled
lex.multiline.escapes	spec/lang/01-lexical-structure.md	692	language	pending	Not yet reconciled
lex.multiline.verbatim	spec/lang/01-lexical-structure.md	693	language	pending	Not yet reconciled
lex.multiline.line-feed	spec/lang/01-lexical-structure.md	694	language	pending	Not yet reconciled
lex.multiline.end	spec/lang/01-lexical-structure.md	695	language	pending	Not yet reconciled
lex.interp.forms	spec/lang/01-lexical-structure.md	699	language	pending	Not yet reconciled
lex.interp.name	spec/lang/01-lexical-structure.md	704	language	pending	Not yet reconciled
lex.interp.self	spec/lang/01-lexical-structure.md	705	language	pending	Not yet reconciled
lex.interp.expression	spec/lang/01-lexical-structure.md	706	language	pending	Not yet reconciled
lex.interp.name-extent	spec/lang/01-lexical-structure.md	708	language	pending	Not yet reconciled
lex.interp.dollar-text	spec/lang/01-lexical-structure.md	709	language	pending	Not yet reconciled
lex.interp.reserved-dollar	spec/lang/01-lexical-structure.md	710	language	pending	Not yet reconciled
lex.interp.escaped-dollar	spec/lang/01-lexical-structure.md	711	language	pending	Not yet reconciled
lex.interp.braces	spec/lang/01-lexical-structure.md	712	language	pending	Not yet reconciled
lex.interp.scanning	spec/lang/01-lexical-structure.md	713	language	pending	Not yet reconciled
lex.prefix.form	spec/lang/01-lexical-structure.md	749	language	pending	Not yet reconciled
lex.prefix.name	spec/lang/01-lexical-structure.md	750	language	pending	Not yet reconciled
lex.prefix.raw-text	spec/lang/01-lexical-structure.md	751	language	pending	Not yet reconciled
lex.prefix.backslash	spec/lang/01-lexical-structure.md	752	language	pending	Not yet reconciled
lex.prefix.lines	spec/lang/01-lexical-structure.md	753	language	pending	Not yet reconciled
lex.prefix.interpolation	spec/lang/01-lexical-structure.md	754	language	pending	Not yet reconciled
lex.escape.simple	spec/lang/01-lexical-structure.md	777	language	pending	Not yet reconciled
lex.escape.unicode	spec/lang/01-lexical-structure.md	790	language	pending	Not yet reconciled
lex.escape.other	spec/lang/01-lexical-structure.md	791	language	pending	Not yet reconciled
lex.bytes.none	spec/lang/01-lexical-structure.md	792	language	pending	Not yet reconciled
lex.punct.tokens	spec/lang/01-lexical-structure.md	803	language	pending	Not yet reconciled
lex.punct.semicolon	spec/lang/01-lexical-structure.md	809	language	pending	Not yet reconciled
lex.punct.semicolon-reserved	spec/lang/01-lexical-structure.md	810	language	pending	Not yet reconciled
lex.op.token-list-assign	spec/lang/01-lexical-structure.md	816	language	pending	Not yet reconciled
lex.op.longest	spec/lang/01-lexical-structure.md	828	language	pending	Not yet reconciled
lex.op.longest.examples	spec/lang/01-lexical-structure.md	829	language	pending	Not yet reconciled
lex.op.pipe	spec/lang/01-lexical-structure.md	830	language	pending	Not yet reconciled
lex.op.inequality	spec/lang/01-lexical-structure.md	831	language	pending	Not yet reconciled
lex.op.bang-call	spec/lang/01-lexical-structure.md	832	language	pending	Not yet reconciled
lex.op.compound-assign	spec/lang/01-lexical-structure.md	833	language	pending	Not yet reconciled
lex.op.compound-assign.examples	spec/lang/01-lexical-structure.md	834	language	pending	Not yet reconciled
lex.op.no-power-assign	spec/lang/01-lexical-structure.md	835	language	pending	Not yet reconciled
lex.op.range	spec/lang/01-lexical-structure.md	836	language	pending	Not yet reconciled
lex.op.range.longest	spec/lang/01-lexical-structure.md	837	language	pending	Not yet reconciled
lex.op.range.integer	spec/lang/01-lexical-structure.md	838	language	pending	Not yet reconciled
lex.op.range.examples	spec/lang/01-lexical-structure.md	839	language	pending	Not yet reconciled
lex.op.range.not-dot	spec/lang/01-lexical-structure.md	840	language	pending	Not yet reconciled
lex.grammar.keyword	spec/lang/01-lexical-structure.md	887	language	pending	Not yet reconciled
lex.grammar.abstract-tokens	spec/lang/01-lexical-structure.md	888	language	pending	Not yet reconciled
lex.unsupported.hex-float	spec/lang/01-lexical-structure.md	892	language	pending	Not yet reconciled
lex.unsupported.diagnose	spec/lang/01-lexical-structure.md	893	language	pending	Not yet reconciled
grammar.scope.syntax	spec/lang/02-grammar.md	7	language	pending	Not yet reconciled
grammar.scope.tokens	spec/lang/02-grammar.md	8	language	pending	Not yet reconciled
grammar.scope.layout-tokens	spec/lang/02-grammar.md	9	language	pending	Not yet reconciled
grammar.scope.comments	spec/lang/02-grammar.md	10	language	pending	Not yet reconciled
grammar.scope.consolidated	spec/lang/02-grammar.md	11	language	pending	Not yet reconciled
grammar.suite.same-line	spec/lang/02-grammar.md	32	language	pending	Not yet reconciled
grammar.suite.indented	spec/lang/02-grammar.md	33	language	pending	Not yet reconciled
grammar.suite.nonempty	spec/lang/02-grammar.md	34	language	pending	Not yet reconciled
grammar.suite.local-declarations	spec/lang/02-grammar.md	35	language	pending	Not yet reconciled
grammar.suite.use-top-level	spec/lang/02-grammar.md	36	language	pending	Not yet reconciled
grammar.suite.methods	spec/lang/02-grammar.md	37	language	pending	Not yet reconciled
grammar.tests.block	spec/lang/02-grammar.md	67	language	pending	Not yet reconciled
grammar.tests.item-forms	spec/lang/02-grammar.md	68	language	pending	Not yet reconciled
grammar.tests.top-level	spec/lang/02-grammar.md	69	language	pending	Not yet reconciled
grammar.tests.once	spec/lang/02-grammar.md	70	language	pending	Not yet reconciled
grammar.tests.statements	spec/lang/02-grammar.md	71	language	spec-conflict-inspected	REPORT.md S01; subsystem and challenge evidence
grammar.tests.keyword	spec/lang/02-grammar.md	72	language	pending	Not yet reconciled
grammar.stmt.let-pattern	spec/lang/02-grammar.md	186	language	pending	Not yet reconciled
grammar.stmt.let-pattern.tuple	spec/lang/02-grammar.md	187	language	pending	Not yet reconciled
grammar.stmt.let-list.bare	spec/lang/02-grammar.md	188	language	pending	Not yet reconciled
grammar.stmt.let-pattern.parenthesized	spec/lang/02-grammar.md	189	language	pending	Not yet reconciled
grammar.stmt.let-pattern.mut	spec/lang/02-grammar.md	190	language	pending	Not yet reconciled
grammar.stmt.let-mut.per-name	spec/lang/02-grammar.md	191	language	pending	Not yet reconciled
grammar.stmt.let-mut.only-let	spec/lang/02-grammar.md	192	language	pending	Not yet reconciled
grammar.stmt.let-pattern.semantic	spec/lang/02-grammar.md	193	language	pending	Not yet reconciled
grammar.stmt.let-else	spec/lang/02-grammar.md	227	language	pending	Not yet reconciled
grammar.stmt.let-else.same-line	spec/lang/02-grammar.md	228	language	pending	Not yet reconciled
grammar.stmt.let-else.closed	spec/lang/02-grammar.md	229	language	pending	Not yet reconciled
grammar.stmt.let-else.not-inline	spec/lang/02-grammar.md	230	language	pending	Not yet reconciled
grammar.stmt.let-else.semantic	spec/lang/02-grammar.md	231	language	pending	Not yet reconciled
grammar.stmt.short-binding.one-name	spec/lang/02-grammar.md	250	language	pending	Not yet reconciled
grammar.stmt.short-binding.let-only	spec/lang/02-grammar.md	251	language	pending	Not yet reconciled
grammar.stmt.short-binding.bare-list	spec/lang/02-grammar.md	252	language	pending	Not yet reconciled
grammar.stmt.discard	spec/lang/02-grammar.md	272	language	pending	Not yet reconciled
grammar.stmt.discard.suite	spec/lang/02-grammar.md	273	language	pending	Not yet reconciled
grammar.stmt.defer	spec/lang/02-grammar.md	274	language	pending	Not yet reconciled
grammar.stmt.suite	spec/lang/02-grammar.md	278	language	pending	Not yet reconciled
grammar.stmt.suite.end	spec/lang/02-grammar.md	279	language	pending	Not yet reconciled
grammar.stmt.suite.right-side	spec/lang/02-grammar.md	280	language	pending	Not yet reconciled
grammar.stmt.suite.trailing-block	spec/lang/02-grammar.md	281	language	pending	Not yet reconciled
grammar.stmt.chain	spec/lang/02-grammar.md	282	language	pending	Not yet reconciled
grammar.stmt.suite.in-delimiters	spec/lang/02-grammar.md	283	language	pending	Not yet reconciled
grammar.stmt.closed	spec/lang/02-grammar.md	287	language	pending	Not yet reconciled
grammar.stmt.closed.suite-alternatives	spec/lang/02-grammar.md	288	language	pending	Not yet reconciled
grammar.stmt.closed.examples	spec/lang/02-grammar.md	289	language	pending	Not yet reconciled
grammar.stmt.closed.parenthesized	spec/lang/02-grammar.md	290	language	pending	Not yet reconciled
grammar.inline.statement	spec/lang/02-grammar.md	300	language	pending	Not yet reconciled
grammar.inline.closed-by-layout	spec/lang/02-grammar.md	301	language	pending	Not yet reconciled
grammar.inline.no-comma	spec/lang/02-grammar.md	302	language	pending	Not yet reconciled
grammar.inline.no-if	spec/lang/02-grammar.md	303	language	pending	Not yet reconciled
grammar.inline.nested-if	spec/lang/02-grammar.md	304	language	pending	Not yet reconciled
grammar.inline.else-if	spec/lang/02-grammar.md	305	language	pending	Not yet reconciled
grammar.inline.loops	spec/lang/02-grammar.md	306	language	pending	Not yet reconciled
grammar.inline.let-pattern	spec/lang/02-grammar.md	307	language	pending	Not yet reconciled
grammar.inline.bare-comma	spec/lang/02-grammar.md	308	language	pending	Not yet reconciled
grammar.continued.positions	spec/lang/02-grammar.md	339	language	pending	Not yet reconciled
grammar.continued.position-list	spec/lang/02-grammar.md	340	language	pending	Not yet reconciled
grammar.continued.no-same-line-suite	spec/lang/02-grammar.md	341	language	pending	Not yet reconciled
grammar.continued.layout	spec/lang/02-grammar.md	342	language	pending	Not yet reconciled
grammar.continued.indented-suite	spec/lang/02-grammar.md	343	language	pending	Not yet reconciled
grammar.continued.no-closure	spec/lang/02-grammar.md	344	language	pending	Not yet reconciled
grammar.closed.outside-brackets	spec/lang/02-grammar.md	345	language	pending	Not yet reconciled
grammar.closed.header-positions	spec/lang/02-grammar.md	346	language	pending	Not yet reconciled
grammar.closed.bracketed-suite	spec/lang/02-grammar.md	347	language	pending	Not yet reconciled
grammar.closed.indented-header	spec/lang/02-grammar.md	348	language	pending	Not yet reconciled
grammar.closed.nested-statements	spec/lang/02-grammar.md	349	language	pending	Not yet reconciled
grammar.stmt.semantic	spec/lang/02-grammar.md	362	language	pending	Not yet reconciled
grammar.stmt.break	spec/lang/02-grammar.md	363	language	pending	Not yet reconciled
grammar.stmt.assign-place	spec/lang/02-grammar.md	364	language	pending	Not yet reconciled
grammar.stmt.copy-assign	spec/lang/02-grammar.md	365	language	pending	Not yet reconciled
grammar.stmt.compound-assign	spec/lang/02-grammar.md	366	language	pending	Not yet reconciled
grammar.decl.impl-no-pub	spec/lang/02-grammar.md	385	language	pending	Not yet reconciled
grammar.fn.receiver	spec/lang/02-grammar.md	419	language	pending	Not yet reconciled
grammar.fn.decorator-param-targets	spec/lang/02-grammar.md	420	language	pending	Not yet reconciled
grammar.fn.decorator.lines	spec/lang/02-grammar.md	421	language	pending	Not yet reconciled
grammar.fn.vararg-name	spec/lang/02-grammar.md	422	language	pending	Not yet reconciled
grammar.fn.semantic	spec/lang/02-grammar.md	423	language	pending	Not yet reconciled
grammar.data.no-mut-modifier	spec/lang/02-grammar.md	447	language	pending	Not yet reconciled
grammar.data.mut-type	spec/lang/02-grammar.md	448	language	pending	Not yet reconciled
grammar.data.embedded	spec/lang/02-grammar.md	449	language	pending	Not yet reconciled
grammar.data.embedded.no-pub	spec/lang/02-grammar.md	450	language	pending	Not yet reconciled
grammar.data.default	spec/lang/02-grammar.md	451	language	pending	Not yet reconciled
grammar.enum.variant-result	spec/lang/02-grammar.md	486	language	pending	Not yet reconciled
grammar.enum.variant-result.refine	spec/lang/02-grammar.md	487	language	pending	Not yet reconciled
grammar.enum.defaults	spec/lang/02-grammar.md	488	language	pending	Not yet reconciled
grammar.enum.defaults.rules	spec/lang/02-grammar.md	489	language	pending	Not yet reconciled
grammar.enum.payload-decorator	spec/lang/02-grammar.md	490	language	pending	Not yet reconciled
grammar.impl.inherent	spec/lang/02-grammar.md	542	language	pending	Not yet reconciled
grammar.impl.trait	spec/lang/02-grammar.md	543	language	pending	Not yet reconciled
grammar.impl.delegation-field	spec/lang/02-grammar.md	544	language	pending	Not yet reconciled
grammar.trait.marker	spec/lang/02-grammar.md	545	language	pending	Not yet reconciled
grammar.impl.bodyless	spec/lang/02-grammar.md	546	language	pending	Not yet reconciled
grammar.impl.pub-method	spec/lang/02-grammar.md	547	language	pending	Not yet reconciled
grammar.trait.method-end	spec/lang/02-grammar.md	548	language	pending	Not yet reconciled
grammar.trait.supertrait	spec/lang/02-grammar.md	549	language	pending	Not yet reconciled
grammar.decl.bound-vs-colon	spec/lang/02-grammar.md	550	language	pending	Not yet reconciled
grammar.trait.method-kind	spec/lang/02-grammar.md	551	language	pending	Not yet reconciled
grammar.trait.associated-type	spec/lang/02-grammar.md	552	language	pending	Not yet reconciled
grammar.impl.inline-bounds	spec/lang/02-grammar.md	553	language	pending	Not yet reconciled
grammar.impl.by-structure	spec/lang/02-grammar.md	554	language	pending	Not yet reconciled
grammar.impl.traitless-by	spec/lang/02-grammar.md	555	language	pending	Not yet reconciled
grammar.impl.traitless-by.other	spec/lang/02-grammar.md	556	language	pending	Not yet reconciled
grammar.impl.derivation-line	spec/lang/02-grammar.md	557	language	pending	Not yet reconciled
grammar.impl.derivation-line.forms	spec/lang/02-grammar.md	558	language	pending	Not yet reconciled
grammar.impl.intrinsic-method	spec/lang/02-grammar.md	559	language	pending	Not yet reconciled
grammar.type-decl.alias	spec/lang/02-grammar.md	581	language	pending	Not yet reconciled
grammar.type-decl.newtype	spec/lang/02-grammar.md	582	language	pending	Not yet reconciled
grammar.type-decl.row-alias.dollar	spec/lang/02-grammar.md	583	language	pending	Not yet reconciled
grammar.type-decl.row-alias.bare	spec/lang/02-grammar.md	584	language	pending	Not yet reconciled
grammar.type-decl.row-alias.one-key	spec/lang/02-grammar.md	585	language	pending	Not yet reconciled
grammar.type-decl.row-alias.no-and	spec/lang/02-grammar.md	586	language	pending	Not yet reconciled
grammar.generic.bound.and	spec/lang/02-grammar.md	633	language	pending	Not yet reconciled
grammar.generic.bound.and.positions	spec/lang/02-grammar.md	634	language	pending	Not yet reconciled
grammar.generic.bound.and.examples	spec/lang/02-grammar.md	635	language	pending	Not yet reconciled
grammar.generic.bound.and.types-only	spec/lang/02-grammar.md	636	language	pending	Not yet reconciled
grammar.generic.bound.old-plus	spec/lang/02-grammar.md	637	language	pending	Not yet reconciled
grammar.generic.binding	spec/lang/02-grammar.md	655	language	pending	Not yet reconciled
grammar.generic.binding.order	spec/lang/02-grammar.md	656	language	pending	Not yet reconciled
grammar.generic.binding.positions-key	spec/lang/02-grammar.md	657	language	pending	Not yet reconciled
grammar.generic.binding.trait-type-only	spec/lang/02-grammar.md	658	language	pending	Not yet reconciled
grammar.generic.binding.named-type	spec/lang/02-grammar.md	659	language	pending	Not yet reconciled
grammar.generic.default	spec/lang/02-grammar.md	695	language	pending	Not yet reconciled
grammar.generic.default.binding	spec/lang/02-grammar.md	696	language	pending	Not yet reconciled
grammar.generic.default.positions	spec/lang/02-grammar.md	697	language	pending	Not yet reconciled
grammar.generic.default.semantic	spec/lang/02-grammar.md	698	language	pending	Not yet reconciled
grammar.generic.variance	spec/lang/02-grammar.md	710	language	pending	Not yet reconciled
grammar.generic.row-marker	spec/lang/02-grammar.md	711	language	pending	Not yet reconciled
grammar.generic.row-marker.no-bound	spec/lang/02-grammar.md	712	language	pending	Not yet reconciled
grammar.generic.row-marker.default	spec/lang/02-grammar.md	713	language	pending	Not yet reconciled
grammar.type.row.plus-keys	spec/lang/02-grammar.md	783	language	pending	Not yet reconciled
grammar.type.row.single	spec/lang/02-grammar.md	784	language	pending	Not yet reconciled
grammar.type.row.empty	spec/lang/02-grammar.md	785	language	pending	Not yet reconciled
grammar.type.row.one-form	spec/lang/02-grammar.md	786	language	pending	Not yet reconciled
grammar.type.row.one-form.examples	spec/lang/02-grammar.md	787	language	pending	Not yet reconciled
grammar.type.row.no-mut-key	spec/lang/02-grammar.md	788	language	pending	Not yet reconciled
grammar.type.row.no-parentheses	spec/lang/02-grammar.md	789	language	pending	Not yet reconciled
grammar.type.row.in-type.comma	spec/lang/02-grammar.md	790	language	pending	Not yet reconciled
grammar.type.row.key-binding	spec/lang/02-grammar.md	791	language	pending	Not yet reconciled
grammar.type.row.key-binding.everywhere	spec/lang/02-grammar.md	792	language	pending	Not yet reconciled
grammar.type.row.plus-only	spec/lang/02-grammar.md	806	language	pending	Not yet reconciled
grammar.type.row.plus-rows-only	spec/lang/02-grammar.md	807	language	pending	Not yet reconciled
grammar.type.row.old-separator	spec/lang/02-grammar.md	808	language	pending	Not yet reconciled
grammar.type.row.no-subtraction	spec/lang/02-grammar.md	809	language	pending	Not yet reconciled
grammar.type.row.extension	spec/lang/02-grammar.md	810	language	pending	Not yet reconciled
grammar.type.row-argument	spec/lang/02-grammar.md	826	language	pending	Not yet reconciled
grammar.type.row-argument.dollar	spec/lang/02-grammar.md	827	language	pending	Not yet reconciled
grammar.type.row-argument.bare	spec/lang/02-grammar.md	828	language	pending	Not yet reconciled
grammar.type.row-argument.kind	spec/lang/02-grammar.md	829	language	pending	Not yet reconciled
grammar.type.mut	spec/lang/02-grammar.md	840	language	pending	Not yet reconciled
grammar.type.mut.semantic	spec/lang/02-grammar.md	841	language	pending	Not yet reconciled
grammar.type.mut.no-function	spec/lang/02-grammar.md	842	language	pending	Not yet reconciled
grammar.type.optional	spec/lang/02-grammar.md	843	language	pending	Not yet reconciled
grammar.type.optional.function	spec/lang/02-grammar.md	844	language	pending	Not yet reconciled
grammar.type.group	spec/lang/02-grammar.md	845	language	pending	Not yet reconciled
grammar.type.row-owner	spec/lang/02-grammar.md	846	language	pending	Not yet reconciled
grammar.type.row-owner.grouped	spec/lang/02-grammar.md	847	language	pending	Not yet reconciled
grammar.type.rest	spec/lang/02-grammar.md	861	language	pending	Not yet reconciled
grammar.type.rest.elsewhere	spec/lang/02-grammar.md	862	language	pending	Not yet reconciled
grammar.type.header.owner	spec/lang/02-grammar.md	886	language	pending	Not yet reconciled
grammar.type.header.trait-method	spec/lang/02-grammar.md	887	language	pending	Not yet reconciled
grammar.type.header.result	spec/lang/02-grammar.md	888	language	pending	Not yet reconciled
grammar.type.header.parenthesized-result	spec/lang/02-grammar.md	889	language	pending	Not yet reconciled
grammar.type.header.applies	spec/lang/02-grammar.md	890	language	pending	Not yet reconciled
grammar.type.header.two-clauses	spec/lang/02-grammar.md	891	language	pending	Not yet reconciled
grammar.use.no-import-export	spec/lang/02-grammar.md	923	language	pending	Not yet reconciled
grammar.use.old-import	spec/lang/02-grammar.md	924	language	pending	Not yet reconciled
grammar.use.old-export	spec/lang/02-grammar.md	925	language	pending	Not yet reconciled
grammar.use.contextual-words	spec/lang/02-grammar.md	926	language	pending	Not yet reconciled
grammar.use.needs-root	spec/lang/02-grammar.md	927	language	pending	Not yet reconciled
grammar.use.self-root	spec/lang/02-grammar.md	928	language	pending	Not yet reconciled
grammar.expr.binding	spec/lang/02-grammar.md	1046	language	pending	Not yet reconciled
grammar.expr.no-comparison-chain	spec/lang/02-grammar.md	1047	language	pending	Not yet reconciled
grammar.expr.power	spec/lang/02-grammar.md	1048	language	pending	Not yet reconciled
grammar.expr.power.unary	spec/lang/02-grammar.md	1049	language	pending	Not yet reconciled
grammar.expr.pipe	spec/lang/02-grammar.md	1050	language	pending	Not yet reconciled
grammar.expr.pipe.step	spec/lang/02-grammar.md	1051	language	pending	Not yet reconciled
grammar.expr.range.precedence	spec/lang/02-grammar.md	1070	language	pending	Not yet reconciled
grammar.expr.range.non-assoc	spec/lang/02-grammar.md	1071	language	pending	Not yet reconciled
grammar.expr.range.open-end	spec/lang/02-grammar.md	1072	language	pending	Not yet reconciled
grammar.expr.range.open-start	spec/lang/02-grammar.md	1073	language	pending	Not yet reconciled
grammar.expr.range.full	spec/lang/02-grammar.md	1074	language	pending	Not yet reconciled
grammar.expr.range.inclusive-to	spec/lang/02-grammar.md	1075	language	pending	Not yet reconciled
grammar.expr.range.inclusive-needs-end	spec/lang/02-grammar.md	1076	language	pending	Not yet reconciled
grammar.expr.range.pipe-step	spec/lang/02-grammar.md	1077	language	pending	Not yet reconciled
grammar.expr.multi-binding.element	spec/lang/02-grammar.md	1102	language	pending	Not yet reconciled
grammar.expr.multi-binding.let-only	spec/lang/02-grammar.md	1103	language	pending	Not yet reconciled
grammar.expr.bang-suffix	spec/lang/02-grammar.md	1118	language	pending	Not yet reconciled
grammar.expr.prefix-not	spec/lang/02-grammar.md	1119	language	pending	Not yet reconciled
grammar.expr.not-equal	spec/lang/02-grammar.md	1120	language	pending	Not yet reconciled
grammar.expr.member-identifier	spec/lang/02-grammar.md	1121	language	pending	Not yet reconciled
grammar.expr.no-numeric-member	spec/lang/02-grammar.md	1122	language	pending	Not yet reconciled
grammar.expr.type-arguments.marker	spec/lang/02-grammar.md	1145	language	pending	Not yet reconciled
grammar.expr.type-arguments.type-name	spec/lang/02-grammar.md	1146	language	pending	Not yet reconciled
grammar.expr.type-arguments.in-types	spec/lang/02-grammar.md	1147	language	pending	Not yet reconciled
grammar.expr.index-only	spec/lang/02-grammar.md	1148	language	pending	Not yet reconciled
grammar.expr.type-arguments.unmarked	spec/lang/02-grammar.md	1149	language	pending	Not yet reconciled
grammar.expr.method-type-arguments.valid	spec/lang/02-grammar.md	1167	language	pending	Not yet reconciled
grammar.expr.method-type-arguments.bang	spec/lang/02-grammar.md	1168	language	pending	Not yet reconciled
grammar.primary.pipe-placeholder	spec/lang/02-grammar.md	1300	language	pending	Not yet reconciled
grammar.primary.pipe-placeholder.semantic	spec/lang/02-grammar.md	1301	language	pending	Not yet reconciled
grammar.primary.field-copy	spec/lang/02-grammar.md	1305	language	pending	Not yet reconciled
grammar.primary.prefix-copy-meaning	spec/lang/02-grammar.md	1306	language	pending	Not yet reconciled
grammar.primary.field-shorthand	spec/lang/02-grammar.md	1312	language	pending	Not yet reconciled
grammar.primary.field-shorthand.mixed	spec/lang/02-grammar.md	1313	language	pending	Not yet reconciled
grammar.primary.no-reflection-syntax	spec/lang/02-grammar.md	1331	language	pending	Not yet reconciled
grammar.primary.literal-call	spec/lang/02-grammar.md	1335	language	pending	Not yet reconciled
grammar.pattern.no-literal-call	spec/lang/02-grammar.md	1336	language	pending	Not yet reconciled
grammar.primary.resolution	spec/lang/02-grammar.md	1363	language	pending	Not yet reconciled
grammar.primary.function-type-argument	spec/lang/02-grammar.md	1364	language	pending	Not yet reconciled
grammar.primary.placeholder	spec/lang/02-grammar.md	1365	language	pending	Not yet reconciled
grammar.primary.qualified-type-arguments	spec/lang/02-grammar.md	1366	language	pending	Not yet reconciled
grammar.primary.member-type-arguments	spec/lang/02-grammar.md	1367	language	pending	Not yet reconciled
grammar.primary.member-type-arguments.rules	spec/lang/02-grammar.md	1368	language	pending	Not yet reconciled
grammar.primary.list-spread	spec/lang/02-grammar.md	1372	language	pending	Not yet reconciled
grammar.primary.ellipsis-positions	spec/lang/02-grammar.md	1373	language	pending	Not yet reconciled
grammar.primary.prefix-copies	spec/lang/02-grammar.md	1374	language	pending	Not yet reconciled
grammar.primary.suffix-spreads	spec/lang/02-grammar.md	1375	language	pending	Not yet reconciled
grammar.primary.tuple-spread	spec/lang/02-grammar.md	1376	language	pending	Not yet reconciled
grammar.primary.prefix-elsewhere	spec/lang/02-grammar.md	1377	language	pending	Not yet reconciled
grammar.primary.method-reference	spec/lang/02-grammar.md	1391	language	pending	Not yet reconciled
grammar.primary.method-reference.meaning	spec/lang/02-grammar.md	1392	language	pending	Not yet reconciled
grammar.primary.method-reference.no-bang	spec/lang/02-grammar.md	1393	language	pending	Not yet reconciled
grammar.call.positional-first	spec/lang/02-grammar.md	1410	language	pending	Not yet reconciled
grammar.call.trailing-block	spec/lang/02-grammar.md	1429	language	pending	Not yet reconciled
grammar.call.trailing-block.no-arguments	spec/lang/02-grammar.md	1430	language	pending	Not yet reconciled
grammar.call.trailing-block.accepted	spec/lang/02-grammar.md	1431	language	pending	Not yet reconciled
grammar.call.trailing-block.eligible	spec/lang/02-grammar.md	1432	language	pending	Not yet reconciled
grammar.call.trailing-block.next-line	spec/lang/02-grammar.md	1433	language	pending	Not yet reconciled
grammar.call.trailing-block.not-header	spec/lang/02-grammar.md	1434	language	pending	Not yet reconciled
grammar.closure.parameter-types	spec/lang/02-grammar.md	1489	language	pending	Not yet reconciled
grammar.closure.annotations	spec/lang/02-grammar.md	1490	language	pending	Not yet reconciled
grammar.flow.for-in-brackets	spec/lang/02-grammar.md	1566	language	pending	Not yet reconciled
grammar.flow.if-else	spec/lang/02-grammar.md	1567	language	pending	Not yet reconciled
grammar.flow.semantic	spec/lang/02-grammar.md	1568	language	pending	Not yet reconciled
grammar.flow.for-pattern	spec/lang/02-grammar.md	1569	language	pending	Not yet reconciled
grammar.flow.for-list.bare	spec/lang/02-grammar.md	1570	language	pending	Not yet reconciled
grammar.pattern.variant	spec/lang/02-grammar.md	1650	language	pending	Not yet reconciled
grammar.pattern.bare-variant	spec/lang/02-grammar.md	1651	language	pending	Not yet reconciled
grammar.pattern.positional-names	spec/lang/02-grammar.md	1652	language	pending	Not yet reconciled
grammar.pattern.named	spec/lang/02-grammar.md	1653	language	pending	Not yet reconciled
grammar.pattern.named-last	spec/lang/02-grammar.md	1654	language	pending	Not yet reconciled
grammar.pattern.mut-let-only	spec/lang/02-grammar.md	1655	language	pending	Not yet reconciled
grammar.pattern.data-field	spec/lang/02-grammar.md	1656	language	pending	Not yet reconciled
grammar.pattern.data-field.nested	spec/lang/02-grammar.md	1657	language	pending	Not yet reconciled
grammar.pattern.data-unlisted	spec/lang/02-grammar.md	1658	language	pending	Not yet reconciled
grammar.pattern.tuple-spread	spec/lang/02-grammar.md	1659	language	pending	Not yet reconciled
grammar.pattern.unit	spec/lang/02-grammar.md	1660	language	pending	Not yet reconciled
grammar.pattern.range	spec/lang/02-grammar.md	1661	language	pending	Not yet reconciled
grammar.pattern.range.bound	spec/lang/02-grammar.md	1662	language	pending	Not yet reconciled
grammar.label.bracket	spec/lang/02-grammar.md	1705	language	pending	Not yet reconciled
grammar.label.braces	spec/lang/02-grammar.md	1706	language	pending	Not yet reconciled
grammar.label.parentheses	spec/lang/02-grammar.md	1707	language	pending	Not yet reconciled
grammar.label.data-pattern-equals	spec/lang/02-grammar.md	1708	language	pending	Not yet reconciled
grammar.comprehension.first-for	spec/lang/02-grammar.md	1735	language	pending	Not yet reconciled
grammar.comprehension.order	spec/lang/02-grammar.md	1736	language	pending	Not yet reconciled
grammar.comprehension.no-let	spec/lang/02-grammar.md	1737	language	pending	Not yet reconciled
grammar.row.sets	spec/lang/02-grammar.md	1758	language	pending	Not yet reconciled
grammar.row.parameter.marked	spec/lang/02-grammar.md	1759	language	pending	Not yet reconciled
grammar.row.parameter.extension	spec/lang/02-grammar.md	1760	language	pending	Not yet reconciled
grammar.annot.item-targets	spec/lang/02-grammar.md	1778	language	pending	Not yet reconciled
grammar.annot.member-targets	spec/lang/02-grammar.md	1779	language	pending	Not yet reconciled
grammar.annot.alias-no-decorator	spec/lang/02-grammar.md	1780	language	pending	Not yet reconciled
grammar.annot.derive-traits	spec/lang/02-grammar.md	1781	language	pending	Not yet reconciled
names.category.four	spec/lang/03-names-and-scopes.md	10	language	pending	Not yet reconciled
names.category.module	spec/lang/03-names-and-scopes.md	14	language	pending	Not yet reconciled
names.category.value	spec/lang/03-names-and-scopes.md	15	language	pending	Not yet reconciled
names.category.local-type	spec/lang/03-names-and-scopes.md	16	language	pending	Not yet reconciled
names.category.member	spec/lang/03-names-and-scopes.md	17	language	pending	Not yet reconciled
names.category.syntax	spec/lang/03-names-and-scopes.md	19	language	pending	Not yet reconciled
names.category.syntax.type	spec/lang/03-names-and-scopes.md	20	language	pending	Not yet reconciled
names.category.syntax.value	spec/lang/03-names-and-scopes.md	21	language	pending	Not yet reconciled
names.type-as-value	spec/lang/03-names-and-scopes.md	22	language	pending	Not yet reconciled
names.module.unique	spec/lang/03-names-and-scopes.md	23	language	pending	Not yet reconciled
names.module.no-overloading	spec/lang/03-names-and-scopes.md	24	language	pending	Not yet reconciled
names.prelude.source	spec/lang/03-names-and-scopes.md	46	language	pending	Not yet reconciled
names.prelude.not-reserved	spec/lang/03-names-and-scopes.md	47	language	pending	Not yet reconciled
names.prelude.one-namespace	spec/lang/03-names-and-scopes.md	48	language	pending	Not yet reconciled
names.type-param.local	spec/lang/03-names-and-scopes.md	60	language	pending	Not yet reconciled
names.type-param.shadow	spec/lang/03-names-and-scopes.md	61	language	pending	Not yet reconciled
names.type-param.unique	spec/lang/03-names-and-scopes.md	62	language	pending	Not yet reconciled
names.self-type.reserved	spec/lang/03-names-and-scopes.md	66	language	pending	Not yet reconciled
names.self-type.trait	spec/lang/03-names-and-scopes.md	67	language	pending	Not yet reconciled
names.self-type.impl	spec/lang/03-names-and-scopes.md	68	language	pending	Not yet reconciled
names.self-type.outside	spec/lang/03-names-and-scopes.md	69	language	pending	Not yet reconciled
names.scope.lexical	spec/lang/03-names-and-scopes.md	73	language	source-reconciled-validation-pending	REPORT.md A01; subsystem and challenge evidence
names.scope.constructs	spec/lang/03-names-and-scopes.md	74	language	pending	Not yet reconciled
names.scope.shadow	spec/lang/03-names-and-scopes.md	84	language	source-reconciled-validation-pending	REPORT.md A01; subsystem and challenge evidence
names.scope.duplicate	spec/lang/03-names-and-scopes.md	85	language	pending	Not yet reconciled
names.scope.reassign	spec/lang/03-names-and-scopes.md	86	language	pending	Not yet reconciled
names.scope.start	spec/lang/03-names-and-scopes.md	96	language	pending	Not yet reconciled
names.scope.not-in-initializer	spec/lang/03-names-and-scopes.md	97	language	pending	Not yet reconciled
names.scope.recursive-closure	spec/lang/03-names-and-scopes.md	98	language	pending	Not yet reconciled
names.scope.recursive-closure.eval	spec/lang/03-names-and-scopes.md	99	language	pending	Not yet reconciled
names.scope.recursive-closure.no-early-run	spec/lang/03-names-and-scopes.md	100	language	pending	Not yet reconciled
names.module.file	spec/lang/03-names-and-scopes.md	107	language	pending	Not yet reconciled
names.module.declarations	spec/lang/03-names-and-scopes.md	108	language	pending	Not yet reconciled
names.module.order-free	spec/lang/03-names-and-scopes.md	109	language	pending	Not yet reconciled
names.module.well-typed	spec/lang/03-names-and-scopes.md	110	language	pending	Not yet reconciled
names.module.no-init-order	spec/lang/03-names-and-scopes.md	111	language	pending	Not yet reconciled
names.exec.scope	spec/lang/03-names-and-scopes.md	115	language	pending	Not yet reconciled
names.exec.visible	spec/lang/03-names-and-scopes.md	116	language	pending	Not yet reconciled
names.exec.access	spec/lang/03-names-and-scopes.md	117	language	pending	Not yet reconciled
names.exec.not-usable	spec/lang/03-names-and-scopes.md	118	language	pending	Not yet reconciled
names.exec.not-before	spec/lang/03-names-and-scopes.md	119	language	pending	Not yet reconciled
names.exec.declarations	spec/lang/03-names-and-scopes.md	120	language	pending	Not yet reconciled
names.exec.methods	spec/lang/03-names-and-scopes.md	121	language	pending	Not yet reconciled
names.init.no-bypass	spec/lang/03-names-and-scopes.md	132	language	pending	Not yet reconciled
names.init.transitive	spec/lang/03-names-and-scopes.md	133	language	pending	Not yet reconciled
names.init.references	spec/lang/03-names-and-scopes.md	134	language	pending	Not yet reconciled
names.init.required	spec/lang/03-names-and-scopes.md	135	language	pending	Not yet reconciled
names.init.whole-module	spec/lang/03-names-and-scopes.md	136	language	pending	Not yet reconciled
names.block-decl.allowed	spec/lang/03-names-and-scopes.md	140	language	pending	Not yet reconciled
names.block-decl.impl	spec/lang/03-names-and-scopes.md	141	language	pending	Not yet reconciled
names.tests.module-items	spec/lang/03-names-and-scopes.md	166	language	pending	Not yet reconciled
names.tests.sees-module	spec/lang/03-names-and-scopes.md	167	language	pending	Not yet reconciled
names.tests.inside-only	spec/lang/03-names-and-scopes.md	168	language	pending	Not yet reconciled
names.tests.unique	spec/lang/03-names-and-scopes.md	169	language	pending	Not yet reconciled
names.tests.no-pub	spec/lang/03-names-and-scopes.md	170	language	pending	Not yet reconciled
names.pub.private-default	spec/lang/03-names-and-scopes.md	181	language	pending	Not yet reconciled
names.pub.eligible	spec/lang/03-names-and-scopes.md	182	language	pending	Not yet reconciled
names.pub.no-export	spec/lang/03-names-and-scopes.md	183	language	pending	Not yet reconciled
names.use.introduces	spec/lang/03-names-and-scopes.md	197	language	pending	Not yet reconciled
names.use.path-only	spec/lang/03-names-and-scopes.md	198	language	pending	Not yet reconciled
names.use.final-component	spec/lang/03-names-and-scopes.md	199	language	pending	Not yet reconciled
names.use.grouped	spec/lang/03-names-and-scopes.md	200	language	pending	Not yet reconciled
names.use.no-collision	spec/lang/03-names-and-scopes.md	201	language	pending	Not yet reconciled
names.use.no-overload	spec/lang/03-names-and-scopes.md	202	language	pending	Not yet reconciled
names.use.resolution-order	spec/lang/03-names-and-scopes.md	203	language	pending	Not yet reconciled
names.use.position	spec/lang/03-names-and-scopes.md	204	language	pending	Not yet reconciled
names.use.style	spec/lang/03-names-and-scopes.md	205	language	pending	Not yet reconciled
names.use.cycles-in-folder	spec/lang/03-names-and-scopes.md	206	language	pending	Not yet reconciled
names.use.folder-cycle	spec/lang/03-names-and-scopes.md	207	language	pending	Not yet reconciled
names.use.pub	spec/lang/03-names-and-scopes.md	211	language	pending	Not yet reconciled
names.use.pub.source	spec/lang/03-names-and-scopes.md	212	language	pending	Not yet reconciled
names.use.pub.binding	spec/lang/03-names-and-scopes.md	213	language	pending	Not yet reconciled
names.literal-fn.module-name	spec/lang/03-names-and-scopes.md	231	language	pending	Not yet reconciled
names.literal-fn.no-local	spec/lang/03-names-and-scopes.md	232	language	pending	Not yet reconciled
names.literal-fn.unknown-name	spec/lang/03-names-and-scopes.md	233	language	pending	Not yet reconciled
names.local.short	spec/lang/03-names-and-scopes.md	286	language	pending	Not yet reconciled
names.local.let	spec/lang/03-names-and-scopes.md	287	language	pending	Not yet reconciled
names.local.same-scope	spec/lang/03-names-and-scopes.md	288	language	pending	Not yet reconciled
names.local.mutation	spec/lang/03-names-and-scopes.md	289	language	pending	Not yet reconciled
names.pattern.simultaneous	spec/lang/03-names-and-scopes.md	306	language	pending	Not yet reconciled
names.pattern.distinct	spec/lang/03-names-and-scopes.md	307	language	pending	Not yet reconciled
names.tuple.annotation	spec/lang/03-names-and-scopes.md	308	language	pending	Not yet reconciled
names.tuple.arity	spec/lang/03-names-and-scopes.md	309	language	pending	Not yet reconciled
names.let-else.after	spec/lang/03-names-and-scopes.md	326	language	pending	Not yet reconciled
names.let-else.not-in-else	spec/lang/03-names-and-scopes.md	327	language	pending	Not yet reconciled
names.bind.expression	spec/lang/03-names-and-scopes.md	341	language	pending	Not yet reconciled
names.bind.scope	spec/lang/03-names-and-scopes.md	342	language	pending	Not yet reconciled
names.bind.visible	spec/lang/03-names-and-scopes.md	343	language	pending	Not yet reconciled
names.bind.initialized	spec/lang/03-names-and-scopes.md	344	language	pending	Not yet reconciled
names.bind.no-redeclare	spec/lang/03-names-and-scopes.md	345	language	pending	Not yet reconciled
names.definite.required	spec/lang/03-names-and-scopes.md	358	language	pending	Not yet reconciled
names.definite.path	spec/lang/03-names-and-scopes.md	359	language	pending	Not yet reconciled
names.definite.merge	spec/lang/03-names-and-scopes.md	360	language	pending	Not yet reconciled
names.definite.reject	spec/lang/03-names-and-scopes.md	361	language	pending	Not yet reconciled
names.definite.condition	spec/lang/03-names-and-scopes.md	362	language	pending	Not yet reconciled
names.definite.skipped	spec/lang/03-names-and-scopes.md	363	language	pending	Not yet reconciled
names.definite.proof	spec/lang/03-names-and-scopes.md	364	language	pending	Not yet reconciled
names.fn.params.visible	spec/lang/03-names-and-scopes.md	375	language	pending	Not yet reconciled
names.fn.params.scope	spec/lang/03-names-and-scopes.md	376	language	pending	Not yet reconciled
names.local-fn.name	spec/lang/03-names-and-scopes.md	380	language	pending	Not yet reconciled
names.local-fn.visible	spec/lang/03-names-and-scopes.md	381	language	pending	Not yet reconciled
names.local-fn.not-visible	spec/lang/03-names-and-scopes.md	382	language	pending	Not yet reconciled
names.local-fn.rules	spec/lang/03-names-and-scopes.md	383	language	pending	Not yet reconciled
names.local-type.name	spec/lang/03-names-and-scopes.md	387	language	pending	Not yet reconciled
names.local-type.not-visible	spec/lang/03-names-and-scopes.md	388	language	pending	Not yet reconciled
names.local-type.static	spec/lang/03-names-and-scopes.md	389	language	pending	Not yet reconciled
names.local-type.refs	spec/lang/03-names-and-scopes.md	390	language	pending	Not yet reconciled
names.local-type.identity	spec/lang/03-names-and-scopes.md	391	language	pending	Not yet reconciled
names.local-type.duplicate	spec/lang/03-names-and-scopes.md	392	language	pending	Not yet reconciled
names.local-type.prelude	spec/lang/03-names-and-scopes.md	393	language	pending	Not yet reconciled
names.local.no-pub	spec/lang/03-names-and-scopes.md	399	language	pending	Not yet reconciled
names.local.no-metadata	spec/lang/03-names-and-scopes.md	400	language	pending	Not yet reconciled
names.local-impl.extent	spec/lang/03-names-and-scopes.md	404	language	source-reconciled-validation-pending	REPORT.md A01; subsystem and challenge evidence
names.local-impl.static	spec/lang/03-names-and-scopes.md	405	language	pending	Not yet reconciled
names.local-impl.no-capture	spec/lang/03-names-and-scopes.md	406	language	pending	Not yet reconciled
names.local-impl.involve	spec/lang/03-names-and-scopes.md	407	language	pending	Not yet reconciled
names.self.reserved	spec/lang/03-names-and-scopes.md	432	language	pending	Not yet reconciled
names.self.mut	spec/lang/03-names-and-scopes.md	433	language	pending	Not yet reconciled
names.capture.resolve	spec/lang/03-names-and-scopes.md	434	language	pending	Not yet reconciled
names.capture.definition	spec/lang/03-names-and-scopes.md	435	language	pending	Not yet reconciled
names.capture.mutation-access	spec/lang/03-names-and-scopes.md	436	language	pending	Not yet reconciled
names.return.closure	spec/lang/03-names-and-scopes.md	437	language	pending	Not yet reconciled
names.cond.child	spec/lang/03-names-and-scopes.md	446	language	pending	Not yet reconciled
names.cond.no-leak	spec/lang/03-names-and-scopes.md	447	language	pending	Not yet reconciled
names.cond.condition	spec/lang/03-names-and-scopes.md	448	language	pending	Not yet reconciled
names.loop.for-local	spec/lang/03-names-and-scopes.md	466	language	pending	Not yet reconciled
names.loop.for-else	spec/lang/03-names-and-scopes.md	467	language	pending	Not yet reconciled
names.loop.separate	spec/lang/03-names-and-scopes.md	468	language	pending	Not yet reconciled
names.loop.per-iteration	spec/lang/03-names-and-scopes.md	469	language	pending	Not yet reconciled
names.loop.while	spec/lang/03-names-and-scopes.md	470	language	pending	Not yet reconciled
names.match.arm-scope	spec/lang/03-names-and-scopes.md	491	language	pending	Not yet reconciled
names.match.visible	spec/lang/03-names-and-scopes.md	492	language	pending	Not yet reconciled
names.match.reuse	spec/lang/03-names-and-scopes.md	493	language	pending	Not yet reconciled
names.match.duplicate	spec/lang/03-names-and-scopes.md	494	language	pending	Not yet reconciled
names.comp.scope	spec/lang/03-names-and-scopes.md	510	language	pending	Not yet reconciled
names.comp.order	spec/lang/03-names-and-scopes.md	511	language	pending	Not yet reconciled
names.comp.for	spec/lang/03-names-and-scopes.md	512	language	pending	Not yet reconciled
names.comp.bind	spec/lang/03-names-and-scopes.md	513	language	pending	Not yet reconciled
names.comp.no-leak	spec/lang/03-names-and-scopes.md	521	language	pending	Not yet reconciled
names.member.namespaces	spec/lang/03-names-and-scopes.md	536	language	pending	Not yet reconciled
names.member.fields	spec/lang/03-names-and-scopes.md	537	language	pending	Not yet reconciled
names.member.methods	spec/lang/03-names-and-scopes.md	538	language	pending	Not yet reconciled
names.member.trait-methods	spec/lang/03-names-and-scopes.md	539	language	pending	Not yet reconciled
names.member.known-impl	spec/lang/03-names-and-scopes.md	540	language	pending	Not yet reconciled
names.member.trait-available	spec/lang/03-names-and-scopes.md	541	language	pending	Not yet reconciled
names.member.associated	spec/lang/03-names-and-scopes.md	542	language	pending	Not yet reconciled
names.member.shared-name	spec/lang/03-names-and-scopes.md	543	language	pending	Not yet reconciled
names.member.no-hiding	spec/lang/03-names-and-scopes.md	544	language	pending	Not yet reconciled
names.lookup.forms	spec/lang/03-names-and-scopes.md	553	language	pending	Not yet reconciled
names.lookup.only	spec/lang/03-names-and-scopes.md	554	language	pending	Not yet reconciled
names.lookup.field-form	spec/lang/03-names-and-scopes.md	555	language	pending	Not yet reconciled
names.lookup.method-form	spec/lang/03-names-and-scopes.md	556	language	pending	Not yet reconciled
names.lookup.stored-fn	spec/lang/03-names-and-scopes.md	557	language	pending	Not yet reconciled
names.visible.field-method	spec/lang/03-names-and-scopes.md	574	language	pending	Not yet reconciled
names.visible.trait	spec/lang/03-names-and-scopes.md	575	language	pending	Not yet reconciled
names.part.definition	spec/lang/03-names-and-scopes.md	583	language	pending	Not yet reconciled
names.part.depth	spec/lang/03-names-and-scopes.md	584	language	pending	Not yet reconciled
names.promote.member	spec/lang/03-names-and-scopes.md	585	language	pending	Not yet reconciled
names.take-part.definition	spec/lang/03-names-and-scopes.md	600	language	pending	Not yet reconciled
names.take-part.uniform	spec/lang/03-names-and-scopes.md	601	language	pending	Not yet reconciled
names.hide.depth	spec/lang/03-names-and-scopes.md	608	language	pending	Not yet reconciled
names.conflict.definition	spec/lang/03-names-and-scopes.md	609	language	pending	Not yet reconciled
names.conflict.private-shadow	spec/lang/03-names-and-scopes.md	610	language	pending	Not yet reconciled
names.conflict.error	spec/lang/03-names-and-scopes.md	630	language	pending	Not yet reconciled
names.field-lookup.select	spec/lang/03-names-and-scopes.md	673	language	pending	Not yet reconciled
names.field-lookup.private	spec/lang/03-names-and-scopes.md	674	language	pending	Not yet reconciled
names.field-lookup.unknown	spec/lang/03-names-and-scopes.md	675	language	pending	Not yet reconciled
names.method-lookup.inherent	spec/lang/03-names-and-scopes.md	684	language	pending	Not yet reconciled
names.method-lookup.inherent.by-name	spec/lang/03-names-and-scopes.md	685	language	pending	Not yet reconciled
names.method-lookup.candidates	spec/lang/03-names-and-scopes.md	689	language	pending	Not yet reconciled
names.method-lookup.promoted-candidate	spec/lang/03-names-and-scopes.md	690	language	pending	Not yet reconciled
names.method-lookup.trait-candidates	spec/lang/03-names-and-scopes.md	691	language	pending	Not yet reconciled
names.method-lookup.unavailable	spec/lang/03-names-and-scopes.md	692	language	pending	Not yet reconciled
names.method-lookup.one	spec/lang/03-names-and-scopes.md	693	language	pending	Not yet reconciled
names.method-lookup.generic-trait	spec/lang/03-names-and-scopes.md	694	language	pending	Not yet reconciled
names.method-lookup.ambiguous	spec/lang/03-names-and-scopes.md	695	language	pending	Not yet reconciled
names.method-lookup.private	spec/lang/03-names-and-scopes.md	725	language	pending	Not yet reconciled
names.method-lookup.unknown	spec/lang/03-names-and-scopes.md	726	language	pending	Not yet reconciled
names.method-lookup.hint.use	spec/lang/03-names-and-scopes.md	727	language	pending	Not yet reconciled
names.method-lookup.hint.field	spec/lang/03-names-and-scopes.md	728	language	pending	Not yet reconciled
names.promoted.path	spec/lang/03-names-and-scopes.md	771	language	pending	Not yet reconciled
names.promoted.readonly	spec/lang/03-names-and-scopes.md	772	language	pending	Not yet reconciled
names.promoted.explicit	spec/lang/03-names-and-scopes.md	773	language	pending	Not yet reconciled
names.variant.member	spec/lang/03-names-and-scopes.md	836	language	pending	Not yet reconciled
names.variant.spelling	spec/lang/03-names-and-scopes.md	837	language	pending	Not yet reconciled
names.tuple-member.underscore	spec/lang/03-names-and-scopes.md	838	language	pending	Not yet reconciled
names.tuple-member.identifier	spec/lang/03-names-and-scopes.md	839	language	pending	Not yet reconciled
names.unsupported.shadow-warning	spec/lang/03-names-and-scopes.md	843	language	pending	Not yet reconciled
names.unsupported.variant-use	spec/lang/03-names-and-scopes.md	844	language	pending	Not yet reconciled
names.unsupported.stored-value	spec/lang/03-names-and-scopes.md	845	language	pending	Not yet reconciled
types.static	spec/lang/04-type-system.md	8	language	pending	Not yet reconciled
types.no-execute	spec/lang/04-type-system.md	9	language	pending	Not yet reconciled
types.local-inference	spec/lang/04-type-system.md	10	language	pending	Not yet reconciled
types.forms.set	spec/lang/04-type-system.md	16	language	pending	Not yet reconciled
types.suspend	spec/lang/04-type-system.md	34	language	pending	Not yet reconciled
types.gadt-equalities	spec/lang/04-type-system.md	35	language	pending	Not yet reconciled
types.never	spec/lang/04-type-system.md	42	language	pending	Not yet reconciled
types.never.assignable	spec/lang/04-type-system.md	43	language	pending	Not yet reconciled
types.never.abrupt	spec/lang/04-type-system.md	44	language	pending	Not yet reconciled
types.never.abrupt-forms	spec/lang/04-type-system.md	45	language	pending	Not yet reconciled
types.never.expressions	spec/lang/04-type-system.md	46	language	pending	Not yet reconciled
types.never.fits	spec/lang/04-type-system.md	47	language	pending	Not yet reconciled
types.prim.set	spec/lang/04-type-system.md	66	language	pending	Not yet reconciled
types.prim.no-aliases	spec/lang/04-type-system.md	76	language	pending	Not yet reconciled
types.prim.decimal	spec/lang/04-type-system.md	77	language	pending	Not yet reconciled
types.prim.no-byte	spec/lang/04-type-system.md	78	language	pending	Not yet reconciled
types.prim.by-value	spec/lang/04-type-system.md	79	language	pending	Not yet reconciled
types.prim.no-mut	spec/lang/04-type-system.md	80	language	pending	Not yet reconciled
types.prim.no-mut.error	spec/lang/04-type-system.md	81	language	pending	Not yet reconciled
types.prim.no-mut.self	spec/lang/04-type-system.md	90	language	pending	Not yet reconciled
types.prim.no-mut.self-type	spec/lang/04-type-system.md	104	language	pending	Not yet reconciled
types.prim.no-mut.self-call	spec/lang/04-type-system.md	105	language	pending	Not yet reconciled
types.void	spec/lang/04-type-system.md	119	language	pending	Not yet reconciled
types.unit	spec/lang/04-type-system.md	120	language	pending	Not yet reconciled
types.void.role	spec/lang/04-type-system.md	121	language	pending	Not yet reconciled
types.unit.role	spec/lang/04-type-system.md	122	language	pending	Not yet reconciled
types.string.utf8-bytes	spec/lang/04-type-system.md	148	language	pending	Not yet reconciled
types.string.valid-utf8	spec/lang/04-type-system.md	149	language	pending	Not yet reconciled
types.string.literal-utf8	spec/lang/04-type-system.md	150	language	pending	Not yet reconciled
types.string.concat-bytes	spec/lang/04-type-system.md	151	language	pending	Not yet reconciled
types.string.from-bytes	spec/lang/04-type-system.md	152	language	pending	Not yet reconciled
types.string.boundary	spec/lang/04-type-system.md	153	language	pending	Not yet reconciled
types.string.split-scalar	spec/lang/04-type-system.md	154	language	pending	Not yet reconciled
types.string.no-normalization	spec/lang/04-type-system.md	155	language	pending	Not yet reconciled
types.string.compare-bytes	spec/lang/04-type-system.md	156	language	pending	Not yet reconciled
types.string.encodings	spec/lang/04-type-system.md	157	language	pending	Not yet reconciled
types.string.len-bytes	spec/lang/04-type-system.md	158	language	pending	Not yet reconciled
types.string.graphemes	spec/lang/04-type-system.md	159	language	pending	Not yet reconciled
types.string.host-bytes	spec/lang/04-type-system.md	160	language	pending	Not yet reconciled
types.literal.int-default	spec/lang/04-type-system.md	186	language	pending	Not yet reconciled
types.literal.int-no-widen	spec/lang/04-type-system.md	187	language	pending	Not yet reconciled
types.literal.int-range	spec/lang/04-type-system.md	188	language	pending	Not yet reconciled
types.literal.int-diagnostic	spec/lang/04-type-system.md	195	language	pending	Not yet reconciled
types.literal.unary-plus	spec/lang/04-type-system.md	196	language	pending	Not yet reconciled
types.literal.negation	spec/lang/04-type-system.md	200	language	pending	Not yet reconciled
types.literal.negation.minimum	spec/lang/04-type-system.md	201	language	pending	Not yet reconciled
types.literal.negation.unsigned	spec/lang/04-type-system.md	202	language	pending	Not yet reconciled
types.literal.negation.below-minimum	spec/lang/04-type-system.md	203	language	pending	Not yet reconciled
types.literal.float-default	spec/lang/04-type-system.md	207	language	pending	Not yet reconciled
types.literal.float-expected	spec/lang/04-type-system.md	208	language	pending	Not yet reconciled
types.literal.float-finite	spec/lang/04-type-system.md	209	language	pending	Not yet reconciled
types.literal.call-result	spec/lang/04-type-system.md	229	language	pending	Not yet reconciled
types.literal.suffixed.in	spec/lang/04-type-system.md	230	language	pending	Not yet reconciled
types.literal.prefixed.values	spec/lang/04-type-system.md	270	language	pending	Not yet reconciled
types.literal.bool	spec/lang/04-type-system.md	282	language	pending	Not yet reconciled
types.literal.string	spec/lang/04-type-system.md	283	language	pending	Not yet reconciled
types.literal.no-absent	spec/lang/04-type-system.md	284	language	pending	Not yet reconciled
types.nominal.distinct	spec/lang/04-type-system.md	302	language	pending	Not yet reconciled
types.nominal.shape	spec/lang/04-type-system.md	303	language	pending	Not yet reconciled
types.tuple.structural	spec/lang/04-type-system.md	313	language	pending	Not yet reconciled
types.tuple.same	spec/lang/04-type-system.md	314	language	pending	Not yet reconciled
types.tuple.one-element	spec/lang/04-type-system.md	315	language	pending	Not yet reconciled
types.tuple.empty	spec/lang/04-type-system.md	316	language	pending	Not yet reconciled
types.tuple.no-mut	spec/lang/04-type-system.md	317	language	pending	Not yet reconciled
types.tuple.element-permission	spec/lang/04-type-system.md	318	language	pending	Not yet reconciled
types.tuple.rest.form	spec/lang/04-type-system.md	347	language	pending	Not yet reconciled
types.tuple.rest.list	spec/lang/04-type-system.md	348	language	pending	Not yet reconciled
types.tuple.rest.value	spec/lang/04-type-system.md	349	language	pending	Not yet reconciled
types.tuple.rest.same	spec/lang/04-type-system.md	350	language	pending	Not yet reconciled
types.tuple.rest.assign	spec/lang/04-type-system.md	351	language	pending	Not yet reconciled
types.fn.constructor	spec/lang/04-type-system.md	368	language	pending	Not yet reconciled
types.fn.same	spec/lang/04-type-system.md	369	language	pending	Not yet reconciled
types.fn.declared-variance	spec/lang/04-type-system.md	370	language	pending	Not yet reconciled
types.alias.same	spec/lang/04-type-system.md	383	language	pending	Not yet reconciled
types.alias.identical	spec/lang/04-type-system.md	384	language	pending	Not yet reconciled
types.alias.row	spec/lang/04-type-system.md	385	language	pending	Not yet reconciled
types.alias.cycle	spec/lang/04-type-system.md	386	language	pending	Not yet reconciled
types.alias.cycle.reported	spec/lang/04-type-system.md	387	language	pending	Not yet reconciled
types.newtype.decl	spec/lang/04-type-system.md	406	language	pending	Not yet reconciled
types.newtype.distinct	spec/lang/04-type-system.md	407	language	pending	Not yet reconciled
types.newtype.construct	spec/lang/04-type-system.md	408	language	pending	Not yet reconciled
types.newtype.no-implicit	spec/lang/04-type-system.md	415	language	pending	Not yet reconciled
types.newtype.no-inherit	spec/lang/04-type-system.md	416	language	pending	Not yet reconciled
types.newtype.map-key	spec/lang/04-type-system.md	417	language	pending	Not yet reconciled
types.newtype.construct-ref	spec/lang/04-type-system.md	418	language	pending	Not yet reconciled
types.newtype.construct-permission	spec/lang/04-type-system.md	419	language	pending	Not yet reconciled
types.newtype.construct-value	spec/lang/04-type-system.md	420	language	pending	Not yet reconciled
types.newtype.unwrap-permission	spec/lang/04-type-system.md	421	language	pending	Not yet reconciled
types.option.decl	spec/lang/04-type-system.md	455	language	pending	Not yet reconciled
types.option.sugar	spec/lang/04-type-system.md	456	language	source-reconciled-validation-pending	REPORT.md A02; subsystem and challenge evidence
types.option.distinct	spec/lang/04-type-system.md	457	language	pending	Not yet reconciled
types.option.prelude-name	spec/lang/04-type-system.md	458	language	pending	Not yet reconciled
types.option.bare-variant	spec/lang/04-type-system.md	459	language	pending	Not yet reconciled
types.option.none	spec/lang/04-type-system.md	463	language	pending	Not yet reconciled
types.option.some	spec/lang/04-type-system.md	464	language	pending	Not yet reconciled
types.option.construction	spec/lang/04-type-system.md	465	language	pending	Not yet reconciled
types.option.none-context	spec/lang/04-type-system.md	466	language	pending	Not yet reconciled
types.option.patterns	spec/lang/04-type-system.md	467	language	pending	Not yet reconciled
types.option.wrap	spec/lang/04-type-system.md	479	language	pending	Not yet reconciled
types.option.wrap.sites	spec/lang/04-type-system.md	480	language	pending	Not yet reconciled
types.option.wrap.once	spec/lang/04-type-system.md	481	language	pending	Not yet reconciled
types.option.wrap.one-layer	spec/lang/04-type-system.md	482	language	pending	Not yet reconciled
types.option.nest	spec/lang/04-type-system.md	483	language	pending	Not yet reconciled
types.option.nest.accept	spec/lang/04-type-system.md	484	language	pending	Not yet reconciled
types.option.nest.explicit	spec/lang/04-type-system.md	485	language	pending	Not yet reconciled
types.option.nest.none	spec/lang/04-type-system.md	486	language	pending	Not yet reconciled
types.option.repr	spec/lang/04-type-system.md	490	language	pending	Not yet reconciled
types.option.propagate	spec/lang/04-type-system.md	491	language	pending	Not yet reconciled
types.option.propagate.result	spec/lang/04-type-system.md	492	language	pending	Not yet reconciled
types.option.propagate.one-layer	spec/lang/04-type-system.md	493	language	pending	Not yet reconciled
types.option.propagate.permission	spec/lang/04-type-system.md	494	language	source-reconciled-validation-pending	REPORT.md A02; subsystem and challenge evidence
types.option.ordinary	spec/lang/04-type-system.md	498	language	pending	Not yet reconciled
types.option.any	spec/lang/04-type-system.md	499	language	pending	Not yet reconciled
types.option.identity	spec/lang/04-type-system.md	500	language	pending	Not yet reconciled
types.option.identity.none	spec/lang/04-type-system.md	501	language	pending	Not yet reconciled
types.option.identity.some	spec/lang/04-type-system.md	502	language	pending	Not yet reconciled
types.option.invariant	spec/lang/04-type-system.md	503	language	source-reconciled-validation-pending	REPORT.md A02; subsystem and challenge evidence
types.option.invariant.result	spec/lang/04-type-system.md	504	language	source-reconciled-validation-pending	REPORT.md A02; subsystem and challenge evidence
types.option.variance.mutable	spec/lang/04-type-system.md	505	language	pending	Not yet reconciled
types.result.decl	spec/lang/04-type-system.md	533	language	pending	Not yet reconciled
types.result.prelude-name	spec/lang/04-type-system.md	534	language	pending	Not yet reconciled
types.result.construction	spec/lang/04-type-system.md	535	language	pending	Not yet reconciled
types.result.ok-context	spec/lang/04-type-system.md	536	language	pending	Not yet reconciled
types.result.bare-variant	spec/lang/04-type-system.md	537	language	pending	Not yet reconciled
types.result.patterns	spec/lang/04-type-system.md	538	language	pending	Not yet reconciled
types.result.unit-ok	spec/lang/04-type-system.md	550	language	pending	Not yet reconciled
types.result.no-ok-omit	spec/lang/04-type-system.md	551	language	pending	Not yet reconciled
types.result.no-ok-pass	spec/lang/04-type-system.md	552	language	pending	Not yet reconciled
types.result.unit-pattern	spec/lang/04-type-system.md	553	language	pending	Not yet reconciled
types.result.propagate	spec/lang/04-type-system.md	564	language	pending	Not yet reconciled
types.result.propagate.enclosing	spec/lang/04-type-system.md	565	language	pending	Not yet reconciled
types.result.propagate.one-step	spec/lang/04-type-system.md	566	language	pending	Not yet reconciled
types.result.propagate.not-both	spec/lang/04-type-system.md	567	language	pending	Not yet reconciled
types.result.err-value	spec/lang/04-type-system.md	568	language	pending	Not yet reconciled
types.result.propagate.permission	spec/lang/04-type-system.md	569	language	pending	Not yet reconciled
types.result.no-effects	spec/lang/04-type-system.md	570	language	pending	Not yet reconciled
types.num.families	spec/lang/04-type-system.md	594	language	pending	Not yet reconciled
types.num.no-implicit	spec/lang/04-type-system.md	595	language	pending	Not yet reconciled
types.num.no-implicit.wider	spec/lang/04-type-system.md	596	language	pending	Not yet reconciled
types.num.no-implicit.fix	spec/lang/04-type-system.md	597	language	pending	Not yet reconciled
types.num.narrowing	spec/lang/04-type-system.md	598	language	pending	Not yet reconciled
types.num.no-sign-change	spec/lang/04-type-system.md	599	language	pending	Not yet reconciled
types.num.no-int-float	spec/lang/04-type-system.md	600	language	pending	Not yet reconciled
types.num.literal-exempt	spec/lang/04-type-system.md	601	language	pending	Not yet reconciled
types.num.binary.literal	spec/lang/04-type-system.md	610	language	pending	Not yet reconciled
types.num.binary.same-type	spec/lang/04-type-system.md	611	language	pending	Not yet reconciled
types.num.binary.no-mix	spec/lang/04-type-system.md	612	language	pending	Not yet reconciled
types.num.binary.cast	spec/lang/04-type-system.md	613	language	pending	Not yet reconciled
types.cast.syntax	spec/lang/04-type-system.md	632	language	pending	Not yet reconciled
types.cast.wrap	spec/lang/04-type-system.md	633	language	pending	Not yet reconciled
types.cast.wrap.example	spec/lang/04-type-system.md	634	language	pending	Not yet reconciled
types.cast.literal-range	spec/lang/04-type-system.md	635	language	pending	Not yet reconciled
types.cast.fallible	spec/lang/04-type-system.md	636	language	pending	Not yet reconciled
types.cast.int-int-wrap	spec/lang/04-type-system.md	649	language	pending	Not yet reconciled
types.cast.int-float	spec/lang/04-type-system.md	650	language	pending	Not yet reconciled
types.cast.f32-f64	spec/lang/04-type-system.md	651	language	pending	Not yet reconciled
types.cast.f64-f32	spec/lang/04-type-system.md	652	language	pending	Not yet reconciled
types.cast.float-int-saturate	spec/lang/04-type-system.md	653	language	pending	Not yet reconciled
types.cast.saturate	spec/lang/04-type-system.md	655	language	pending	Not yet reconciled
types.cast.saturate.example	spec/lang/04-type-system.md	656	language	pending	Not yet reconciled
types.cast.no-panic	spec/lang/04-type-system.md	657	language	pending	Not yet reconciled
types.cast.precision	spec/lang/04-type-system.md	658	language	pending	Not yet reconciled
types.cast.exact	spec/lang/04-type-system.md	659	language	pending	Not yet reconciled
types.cast.nonnumeric	spec/lang/04-type-system.md	660	language	pending	Not yet reconciled
types.arith.checked	spec/lang/04-type-system.md	668	language	pending	Not yet reconciled
types.arith.failure	spec/lang/04-type-system.md	669	language	pending	Not yet reconciled
types.arith.division	spec/lang/04-type-system.md	670	language	pending	Not yet reconciled
types.arith.remainder	spec/lang/04-type-system.md	671	language	pending	Not yet reconciled
types.arith.shift-count	spec/lang/04-type-system.md	672	language	pending	Not yet reconciled
types.arith.shift-right	spec/lang/04-type-system.md	673	language	pending	Not yet reconciled
types.arith.min-division	spec/lang/04-type-system.md	674	language	pending	Not yet reconciled
types.arith.min-remainder	spec/lang/04-type-system.md	675	language	pending	Not yet reconciled
types.display.int	spec/lang/04-type-system.md	681	language	pending	Not yet reconciled
types.display.float	spec/lang/04-type-system.md	682	language	pending	Not yet reconciled
types.display.width	spec/lang/04-type-system.md	683	language	pending	Not yet reconciled
types.display.notation	spec/lang/04-type-system.md	684	language	pending	Not yet reconciled
types.display.exponent	spec/lang/04-type-system.md	685	language	pending	Not yet reconciled
types.display.fixed	spec/lang/04-type-system.md	686	language	pending	Not yet reconciled
types.display.special	spec/lang/04-type-system.md	687	language	pending	Not yet reconciled
types.display.nan-canonical	spec/lang/04-type-system.md	688	language	pending	Not yet reconciled
types.display.nan-compare	spec/lang/04-type-system.md	689	language	pending	Not yet reconciled
types.assign	spec/lang/04-type-system.md	693	language	pending	Not yet reconciled
types.assign.identical	spec/lang/04-type-system.md	695	language	pending	Not yet reconciled
types.assign.weaken	spec/lang/04-type-system.md	696	language	source-reconciled-validation-pending	REPORT.md A02; subsystem and challenge evidence
types.assign.variance	spec/lang/04-type-system.md	697	language	pending	Not yet reconciled
types.assign.trait-value	spec/lang/04-type-system.md	698	language	pending	Not yet reconciled
types.assign.supertrait	spec/lang/04-type-system.md	699	language	pending	Not yet reconciled
types.assign.optional	spec/lang/04-type-system.md	700	language	pending	Not yet reconciled
types.assign.row-subsumption	spec/lang/04-type-system.md	701	language	pending	Not yet reconciled
types.assign.never	spec/lang/04-type-system.md	702	language	pending	Not yet reconciled
types.assign.trait-value.mut	spec/lang/04-type-system.md	703	language	pending	Not yet reconciled
types.assign.no-subtyping	spec/lang/04-type-system.md	725	language	pending	Not yet reconciled
types.assign.binding-type	spec/lang/04-type-system.md	726	language	pending	Not yet reconciled
types.assign.let	spec/lang/04-type-system.md	727	language	pending	Not yet reconciled
types.composite.kinds	spec/lang/04-type-system.md	734	language	pending	Not yet reconciled
types.composite.shared	spec/lang/04-type-system.md	735	language	pending	Not yet reconciled
types.composite.aliases	spec/lang/04-type-system.md	736	language	pending	Not yet reconciled
types.view.readonly	spec/lang/04-type-system.md	742	language	pending	Not yet reconciled
types.view.mutable	spec/lang/04-type-system.md	743	language	pending	Not yet reconciled
types.view.term	spec/lang/04-type-system.md	744	language	pending	Not yet reconciled
types.view.non-reassignable	spec/lang/04-type-system.md	745	language	pending	Not yet reconciled
types.mut.permission	spec/lang/04-type-system.md	749	language	pending	Not yet reconciled
types.mut.no-field-reassign	spec/lang/04-type-system.md	750	language	pending	Not yet reconciled
types.mut.mut-field	spec/lang/04-type-system.md	751	language	pending	Not yet reconciled
types.mut.generic-field	spec/lang/04-type-system.md	752	language	pending	Not yet reconciled
types.mut.other-forms	spec/lang/04-type-system.md	753	language	pending	Not yet reconciled
types.mut.weaken	spec/lang/04-type-system.md	754	language	pending	Not yet reconciled
types.mut.no-upgrade	spec/lang/04-type-system.md	755	language	pending	Not yet reconciled
types.mut.no-upgrade.inference	spec/lang/04-type-system.md	756	language	pending	Not yet reconciled
types.readonly.blocks	spec/lang/04-type-system.md	769	language	pending	Not yet reconciled
types.readonly.not-deep	spec/lang/04-type-system.md	770	language	pending	Not yet reconciled
types.readonly.nested	spec/lang/04-type-system.md	771	language	pending	Not yet reconciled
types.readonly.deep-api	spec/lang/04-type-system.md	772	language	pending	Not yet reconciled
types.readonly.alias	spec/lang/04-type-system.md	781	language	pending	Not yet reconciled
types.readonly.no-guarantee	spec/lang/04-type-system.md	782	language	pending	Not yet reconciled
types.readonly.structural	spec/lang/04-type-system.md	786	language	pending	Not yet reconciled
types.readonly.results	spec/lang/04-type-system.md	787	language	pending	Not yet reconciled
types.fresh.mutable-outer	spec/lang/04-type-system.md	793	language	pending	Not yet reconciled
types.fresh.tuple	spec/lang/04-type-system.md	794	language	pending	Not yet reconciled
types.fresh.weaken	spec/lang/04-type-system.md	795	language	pending	Not yet reconciled
types.fresh.not-recursive	spec/lang/04-type-system.md	796	language	pending	Not yet reconciled
types.fresh.element-permission	spec/lang/04-type-system.md	797	language	pending	Not yet reconciled
types.fresh.element-no-weaken	spec/lang/04-type-system.md	798	language	pending	Not yet reconciled
types.fresh.readonly-field	spec/lang/04-type-system.md	802	language	pending	Not yet reconciled
types.fresh.mut-literal	spec/lang/04-type-system.md	803	language	pending	Not yet reconciled
types.fresh.spread	spec/lang/04-type-system.md	804	language	pending	Not yet reconciled
types.fresh.expected-readonly	spec/lang/04-type-system.md	805	language	pending	Not yet reconciled
types.fresh.expected-mut	spec/lang/04-type-system.md	806	language	pending	Not yet reconciled
types.fresh.expected-mut.sites	spec/lang/04-type-system.md	807	language	pending	Not yet reconciled
types.fresh.generic-field	spec/lang/04-type-system.md	811	language	pending	Not yet reconciled
types.bind.short	spec/lang/04-type-system.md	817	language	pending	Not yet reconciled
types.bind.let-mut	spec/lang/04-type-system.md	823	language	pending	Not yet reconciled
types.bind.let-readonly	spec/lang/04-type-system.md	829	language	pending	Not yet reconciled
types.bind.let-rebind	spec/lang/04-type-system.md	830	language	pending	Not yet reconciled
types.bind.let-mut-infer	spec/lang/04-type-system.md	844	language	pending	Not yet reconciled
types.bind.let-mut-upgrade	spec/lang/04-type-system.md	845	language	pending	Not yet reconciled
types.bind.let-mut-primitive	spec/lang/04-type-system.md	846	language	pending	Not yet reconciled
types.bind.let-mut-primitive.hint	spec/lang/04-type-system.md	847	language	pending	Not yet reconciled
types.bind.let-mut-tuple	spec/lang/04-type-system.md	848	language	pending	Not yet reconciled
types.bind.let-mut-tuple.hint	spec/lang/04-type-system.md	849	language	pending	Not yet reconciled
types.bind.let-mut-optional	spec/lang/04-type-system.md	850	language	pending	Not yet reconciled
types.bind.let-mut-expected	spec/lang/04-type-system.md	851	language	pending	Not yet reconciled
types.bind.let-mut-copy	spec/lang/04-type-system.md	852	language	pending	Not yet reconciled
types.bind.let-mut-annotated	spec/lang/04-type-system.md	874	language	pending	Not yet reconciled
types.bind.let-mut-annotated.warning	spec/lang/04-type-system.md	875	language	pending	Not yet reconciled
types.bind.let-mut-annotated.fix	spec/lang/04-type-system.md	876	language	pending	Not yet reconciled
types.bind.let-mut-annotation	spec/lang/04-type-system.md	877	language	pending	Not yet reconciled
types.bind.let-mut-annotation.fix	spec/lang/04-type-system.md	878	language	pending	Not yet reconciled
types.bind.let-pattern-mut	spec/lang/04-type-system.md	886	language	pending	Not yet reconciled
types.bind.let-pattern-mut.data	spec/lang/04-type-system.md	887	language	pending	Not yet reconciled
types.bind.let-mut-pattern.annotated	spec/lang/04-type-system.md	888	language	pending	Not yet reconciled
types.bind.let-mut-pattern.redundant	spec/lang/04-type-system.md	889	language	pending	Not yet reconciled
types.bind.call-result	spec/lang/04-type-system.md	935	language	pending	Not yet reconciled
types.bind.call-result.argument	spec/lang/04-type-system.md	936	language	pending	Not yet reconciled
types.path.access-type	spec/lang/04-type-system.md	943	language	pending	Not yet reconciled
types.path.root	spec/lang/04-type-system.md	944	language	pending	Not yet reconciled
types.path.call	spec/lang/04-type-system.md	945	language	pending	Not yet reconciled
types.path.field	spec/lang/04-type-system.md	946	language	pending	Not yet reconciled
types.path.field.mutable-edge	spec/lang/04-type-system.md	950	language	pending	Not yet reconciled
types.path.field.readonly-edge	spec/lang/04-type-system.md	951	language	pending	Not yet reconciled
types.path.field.embedded	spec/lang/04-type-system.md	952	language	pending	Not yet reconciled
types.path.field.generic	spec/lang/04-type-system.md	953	language	pending	Not yet reconciled
types.path.field.mutable-edge.removed	spec/lang/04-type-system.md	955	language	pending	Not yet reconciled
types.path.field.generic.example	spec/lang/04-type-system.md	956	language	pending	Not yet reconciled
types.path.field.substituted	spec/lang/04-type-system.md	957	language	pending	Not yet reconciled
types.path.collection	spec/lang/04-type-system.md	958	language	pending	Not yet reconciled
types.path.collection.example	spec/lang/04-type-system.md	959	language	pending	Not yet reconciled
types.path.contents	spec/lang/04-type-system.md	960	language	pending	Not yet reconciled
types.path.enum-payload	spec/lang/04-type-system.md	961	language	pending	Not yet reconciled
types.path.access.mut-type	spec/lang/04-type-system.md	972	language	pending	Not yet reconciled
types.path.access.mut-bound	spec/lang/04-type-system.md	973	language	pending	Not yet reconciled
types.path.access.mut-self	spec/lang/04-type-system.md	974	language	pending	Not yet reconciled
types.path.mutation	spec/lang/04-type-system.md	976	language	pending	Not yet reconciled
types.path.mutation.requires-access	spec/lang/04-type-system.md	977	language	pending	Not yet reconciled
types.path.mutation.only	spec/lang/04-type-system.md	981	language	pending	Not yet reconciled
types.path.mutation.receiver	spec/lang/04-type-system.md	982	language	pending	Not yet reconciled
types.path.store.readonly-edge	spec/lang/04-type-system.md	995	language	pending	Not yet reconciled
types.path.store.readonly-root	spec/lang/04-type-system.md	996	language	pending	Not yet reconciled
types.path.readonly-root.cases	spec/lang/04-type-system.md	997	language	pending	Not yet reconciled
types.path.reassign	spec/lang/04-type-system.md	1021	language	pending	Not yet reconciled
types.path.reassign.old-value	spec/lang/04-type-system.md	1022	language	pending	Not yet reconciled
types.path.store-mut-edge	spec/lang/04-type-system.md	1023	language	pending	Not yet reconciled
types.path.store-readonly	spec/lang/04-type-system.md	1024	language	pending	Not yet reconciled
types.path.store-embedded	spec/lang/04-type-system.md	1025	language	pending	Not yet reconciled
types.path.container-element	spec/lang/04-type-system.md	1031	language	pending	Not yet reconciled
types.path.generic-args	spec/lang/04-type-system.md	1040	language	pending	Not yet reconciled
types.path.loses-mut	spec/lang/04-type-system.md	1041	language	pending	Not yet reconciled
types.path.patterns	spec/lang/04-type-system.md	1042	language	pending	Not yet reconciled
types.param.readonly	spec/lang/04-type-system.md	1053	language	pending	Not yet reconciled
types.param.mut	spec/lang/04-type-system.md	1054	language	pending	Not yet reconciled
types.param.mut-self	spec/lang/04-type-system.md	1055	language	pending	Not yet reconciled
types.return.mut	spec/lang/04-type-system.md	1056	language	pending	Not yet reconciled
types.return.readonly	spec/lang/04-type-system.md	1057	language	pending	Not yet reconciled
types.generic.complete	spec/lang/04-type-system.md	1063	language	pending	Not yet reconciled
types.generic.mut-argument	spec/lang/04-type-system.md	1064	language	pending	Not yet reconciled
types.generic.naming	spec/lang/04-type-system.md	1065	language	pending	Not yet reconciled
types.generic.kind	spec/lang/04-type-system.md	1066	language	pending	Not yet reconciled
types.generic.direct	spec/lang/04-type-system.md	1077	language	pending	Not yet reconciled
types.generic.no-mut-t	spec/lang/04-type-system.md	1078	language	pending	Not yet reconciled
types.generic.mut-bound	spec/lang/04-type-system.md	1079	language	pending	Not yet reconciled
types.generic.mut-any	spec/lang/04-type-system.md	1080	language	pending	Not yet reconciled
types.generic.mut-trait	spec/lang/04-type-system.md	1081	language	pending	Not yet reconciled
types.generic.trait-bound	spec/lang/04-type-system.md	1082	language	pending	Not yet reconciled
types.generic.infer	spec/lang/04-type-system.md	1089	language	pending	Not yet reconciled
types.generic.explicit	spec/lang/04-type-system.md	1090	language	pending	Not yet reconciled
types.generic.short-list	spec/lang/04-type-system.md	1091	language	pending	Not yet reconciled
types.generic.placeholder-slot	spec/lang/04-type-system.md	1092	language	pending	Not yet reconciled
types.generic.placeholder.not-type	spec/lang/04-type-system.md	1093	language	pending	Not yet reconciled
types.generic.too-long	spec/lang/04-type-system.md	1094	language	pending	Not yet reconciled
types.generic.infer.join	spec/lang/04-type-system.md	1106	language	pending	Not yet reconciled
types.generic.infer.join.no-trait-value	spec/lang/04-type-system.md	1107	language	pending	Not yet reconciled
types.generic.infer.join.no-supertrait-widening	spec/lang/04-type-system.md	1108	language	pending	Not yet reconciled
types.generic.infer.join.other-conflict	spec/lang/04-type-system.md	1109	language	pending	Not yet reconciled
types.generic.infer.join.literal	spec/lang/04-type-system.md	1110	language	pending	Not yet reconciled
types.generic.infer.join.explicit	spec/lang/04-type-system.md	1111	language	pending	Not yet reconciled
types.generic.infer.join.not-lct	spec/lang/04-type-system.md	1112	language	pending	Not yet reconciled
types.generic.default.form	spec/lang/04-type-system.md	1177	language	pending	Not yet reconciled
types.generic.default.order	spec/lang/04-type-system.md	1178	language	pending	Not yet reconciled
types.generic.default.scope	spec/lang/04-type-system.md	1179	language	pending	Not yet reconciled
types.generic.default.later	spec/lang/04-type-system.md	1180	language	pending	Not yet reconciled
types.generic.default.kind	spec/lang/04-type-system.md	1181	language	pending	Not yet reconciled
types.generic.default.bound	spec/lang/04-type-system.md	1182	language	pending	Not yet reconciled
types.generic.default.checked-once	spec/lang/04-type-system.md	1183	language	pending	Not yet reconciled
types.generic.default.after-inference	spec/lang/04-type-system.md	1194	language	pending	Not yet reconciled
types.generic.default.fill	spec/lang/04-type-system.md	1195	language	pending	Not yet reconciled
types.generic.default.argument-wins	spec/lang/04-type-system.md	1196	language	pending	Not yet reconciled
types.generic.default.unsolved	spec/lang/04-type-system.md	1197	language	pending	Not yet reconciled
types.generic.default.written	spec/lang/04-type-system.md	1198	language	pending	Not yet reconciled
types.generic.default.bare	spec/lang/04-type-system.md	1199	language	pending	Not yet reconciled
types.generic.default.written-missing	spec/lang/04-type-system.md	1200	language	pending	Not yet reconciled
types.generic.unobservable	spec/lang/04-type-system.md	1225	language	pending	Not yet reconciled
types.generic.sharing	spec/lang/04-type-system.md	1226	language	pending	Not yet reconciled
types.generic.interfaces	spec/lang/04-type-system.md	1230	language	pending	Not yet reconciled
types.generic.identity	spec/lang/04-type-system.md	1237	language	pending	Not yet reconciled
types.generic.identity.primitive	spec/lang/04-type-system.md	1238	language	pending	Not yet reconciled
types.variance.markers	spec/lang/04-type-system.md	1256	language	pending	Not yet reconciled
types.variance.verified	spec/lang/04-type-system.md	1257	language	source-reconciled-validation-pending	REPORT.md A02; subsystem and challenge evidence
types.variance.surface	spec/lang/04-type-system.md	1258	language	source-reconciled-validation-pending	REPORT.md A02; subsystem and challenge evidence
types.variance.trait-impl	spec/lang/04-type-system.md	1259	language	pending	Not yet reconciled
types.variance.trait-params	spec/lang/04-type-system.md	1260	language	pending	Not yet reconciled
types.variance.gadt	spec/lang/04-type-system.md	1264	language	pending	Not yet reconciled
types.variance.gadt.example	spec/lang/04-type-system.md	1265	language	pending	Not yet reconciled
types.polarity	spec/lang/04-type-system.md	1275	language	pending	Not yet reconciled
types.polarity.positive	spec/lang/04-type-system.md	1277	language	pending	Not yet reconciled
types.polarity.negative	spec/lang/04-type-system.md	1278	language	pending	Not yet reconciled
types.polarity.function	spec/lang/04-type-system.md	1279	language	pending	Not yet reconciled
types.polarity.generic	spec/lang/04-type-system.md	1280	language	pending	Not yet reconciled
types.polarity.mut	spec/lang/04-type-system.md	1281	language	pending	Not yet reconciled
types.polarity.both	spec/lang/04-type-system.md	1282	language	pending	Not yet reconciled
types.variance.covariant-check	spec/lang/04-type-system.md	1287	language	source-reconciled-validation-pending	REPORT.md A02; subsystem and challenge evidence
types.variance.contravariant-check	spec/lang/04-type-system.md	1288	language	source-reconciled-validation-pending	REPORT.md A02; subsystem and challenge evidence
types.variance.unmarked	spec/lang/04-type-system.md	1289	language	pending	Not yet reconciled
types.variance.readonly-only	spec/lang/04-type-system.md	1295	language	pending	Not yet reconciled
types.variance.mut-invariant	spec/lang/04-type-system.md	1296	language	pending	Not yet reconciled
types.variance.list	spec/lang/04-type-system.md	1297	language	pending	Not yet reconciled
types.variance.map	spec/lang/04-type-system.md	1298	language	pending	Not yet reconciled
types.variance.function	spec/lang/04-type-system.md	1299	language	pending	Not yet reconciled
types.variance.repr.covariant	spec/lang/04-type-system.md	1310	language	pending	Not yet reconciled
types.variance.repr.contravariant	spec/lang/04-type-system.md	1311	language	pending	Not yet reconciled
types.variance.repr.weakening	spec/lang/04-type-system.md	1312	language	pending	Not yet reconciled
types.variance.repr.excluded	spec/lang/04-type-system.md	1313	language	pending	Not yet reconciled
types.variance.no-insertion	spec/lang/04-type-system.md	1317	language	pending	Not yet reconciled
types.trait.explicit	spec/lang/04-type-system.md	1326	language	pending	Not yet reconciled
types.trait.no-shape	spec/lang/04-type-system.md	1327	language	pending	Not yet reconciled
types.trait.static	spec/lang/04-type-system.md	1328	language	pending	Not yet reconciled
types.trait.value	spec/lang/04-type-system.md	1332	language	pending	Not yet reconciled
types.trait.value.contents	spec/lang/04-type-system.md	1333	language	pending	Not yet reconciled
types.trait.value.no-dyn	spec/lang/04-type-system.md	1334	language	pending	Not yet reconciled
types.trait.value.bound	spec/lang/04-type-system.md	1335	language	pending	Not yet reconciled
types.trait.value.bindings	spec/lang/04-type-system.md	1336	language	pending	Not yet reconciled
types.trait.value.not-target	spec/lang/04-type-system.md	1337	language	pending	Not yet reconciled
types.trait.safe	spec/lang/04-type-system.md	1344	language	pending	Not yet reconciled
types.trait.safe.one-copy	spec/lang/04-type-system.md	1345	language	pending	Not yet reconciled
types.trait.safe.members-bound	spec/lang/04-type-system.md	1346	language	pending	Not yet reconciled
types.trait.safe.assoc-bound	spec/lang/04-type-system.md	1347	language	pending	Not yet reconciled
types.trait.safe.method-type-param	spec/lang/04-type-system.md	1348	language	pending	Not yet reconciled
types.trait.safe.one-body	spec/lang/04-type-system.md	1349	language	pending	Not yet reconciled
types.trait.safe.convert-value	spec/lang/04-type-system.md	1350	language	pending	Not yet reconciled
types.trait.safe.trait-generic	spec/lang/04-type-system.md	1351	language	pending	Not yet reconciled
types.trait.safe.static	spec/lang/04-type-system.md	1352	language	pending	Not yet reconciled
types.trait.child	spec/lang/04-type-system.md	1359	language	pending	Not yet reconciled
types.trait.child.widen	spec/lang/04-type-system.md	1360	language	pending	Not yet reconciled
types.trait.child.one-way	spec/lang/04-type-system.md	1361	language	pending	Not yet reconciled
types.trait.child.repr	spec/lang/04-type-system.md	1362	language	pending	Not yet reconciled
types.any	spec/lang/04-type-system.md	1368	language	pending	Not yet reconciled
types.any.all	spec/lang/04-type-system.md	1369	language	pending	Not yet reconciled
types.any.never	spec/lang/04-type-system.md	1370	language	pending	Not yet reconciled
types.any.erase	spec/lang/04-type-system.md	1371	language	pending	Not yet reconciled
types.any.mut	spec/lang/04-type-system.md	1372	language	pending	Not yet reconciled
types.any.one-way	spec/lang/04-type-system.md	1373	language	pending	Not yet reconciled
types.any.inspectable	spec/lang/04-type-system.md	1374	language	pending	Not yet reconciled
types.sealed.decl	spec/lang/04-type-system.md	1380	language	pending	Not yet reconciled
types.sealed.markers	spec/lang/04-type-system.md	1381	language	pending	Not yet reconciled
types.sealed.no-impl	spec/lang/04-type-system.md	1382	language	pending	Not yet reconciled
types.sealed.exactly-one	spec/lang/04-type-system.md	1383	language	pending	Not yet reconciled
types.sealed.anyval-types	spec/lang/04-type-system.md	1387	language	pending	Not yet reconciled
types.sealed.anyref	spec/lang/04-type-system.md	1388	language	pending	Not yet reconciled
types.sealed.newtype	spec/lang/04-type-system.md	1390	language	pending	Not yet reconciled
types.sealed.never	spec/lang/04-type-system.md	1391	language	pending	Not yet reconciled
types.sealed.permission	spec/lang/04-type-system.md	1392	language	pending	Not yet reconciled
types.sealed.type-parameter	spec/lang/04-type-system.md	1393	language	pending	Not yet reconciled
types.sealed.bounds	spec/lang/04-type-system.md	1394	language	pending	Not yet reconciled
types.map-key.declared-bound	spec/lang/04-type-system.md	1407	language	pending	Not yet reconciled
types.map-key.no-mut	spec/lang/04-type-system.md	1408	language	pending	Not yet reconciled
types.map-key.hash	spec/lang/04-type-system.md	1409	language	pending	Not yet reconciled
types.map-key.user	spec/lang/04-type-system.md	1410	language	pending	Not yet reconciled
types.map-key.builtin-hash	spec/lang/04-type-system.md	1411	language	pending	Not yet reconciled
types.map-key.unhashable	spec/lang/04-type-system.md	1412	language	pending	Not yet reconciled
types.map-key.user-enums	spec/lang/04-type-system.md	1413	language	pending	Not yet reconciled
types.map-key.float-no-hash	spec/lang/04-type-system.md	1414	language	pending	Not yet reconciled
types.map-key.no-map-hash	spec/lang/04-type-system.md	1415	language	pending	Not yet reconciled
types.map.eq-hash	spec/lang/04-type-system.md	1443	language	pending	Not yet reconciled
types.map.no-law	spec/lang/04-type-system.md	1444	language	pending	Not yet reconciled
types.map.inconsistent	spec/lang/04-type-system.md	1445	language	pending	Not yet reconciled
types.map.order	spec/lang/04-type-system.md	1446	language	pending	Not yet reconciled
types.map.replace	spec/lang/04-type-system.md	1447	language	pending	Not yet reconciled
types.map.semantics	spec/lang/04-type-system.md	1448	language	pending	Not yet reconciled
types.map.key-view	spec/lang/04-type-system.md	1452	language	pending	Not yet reconciled
types.map.no-reindex	spec/lang/04-type-system.md	1453	language	pending	Not yet reconciled
types.map.ghost	spec/lang/04-type-system.md	1454	language	pending	Not yet reconciled
types.map.no-repair	spec/lang/04-type-system.md	1455	language	pending	Not yet reconciled
types.lct.sites	spec/lang/04-type-system.md	1459	language	source-reconciled-validation-pending	REPORT.md A02; subsystem and challenge evidence
types.lct.uses	spec/lang/04-type-system.md	1470	language	source-reconciled-validation-pending	REPORT.md A02; subsystem and challenge evidence
types.lct.unique	spec/lang/04-type-system.md	1471	language	pending	Not yet reconciled
types.lct.conversions	spec/lang/04-type-system.md	1472	language	source-reconciled-validation-pending	REPORT.md A02; subsystem and challenge evidence
types.lct.no-combine	spec/lang/04-type-system.md	1473	language	source-reconciled-validation-pending	REPORT.md A02; subsystem and challenge evidence
types.lct.row-union-every-site	spec/lang/04-type-system.md	1474	language	pending	Not yet reconciled
types.lct.never.dropped	spec/lang/04-type-system.md	1475	language	pending	Not yet reconciled
types.lct.never.all	spec/lang/04-type-system.md	1476	language	pending	Not yet reconciled
types.lct.no-any	spec/lang/04-type-system.md	1495	language	pending	Not yet reconciled
types.lct.no-trait-value	spec/lang/04-type-system.md	1496	language	pending	Not yet reconciled
types.lct.no-supertrait-widening	spec/lang/04-type-system.md	1497	language	pending	Not yet reconciled
types.lct.expected-trait	spec/lang/04-type-system.md	1498	language	pending	Not yet reconciled
types.lct.contextual	spec/lang/04-type-system.md	1499	language	pending	Not yet reconciled
types.lct.contextual.error	spec/lang/04-type-system.md	1500	language	pending	Not yet reconciled
types.lct.contextual.expected	spec/lang/04-type-system.md	1501	language	pending	Not yet reconciled
types.lct.fail	spec/lang/04-type-system.md	1514	language	pending	Not yet reconciled
types.lct.no-common	spec/lang/04-type-system.md	1515	language	pending	Not yet reconciled
types.lct.no-least	spec/lang/04-type-system.md	1516	language	pending	Not yet reconciled
types.infer.sites	spec/lang/04-type-system.md	1531	language	pending	Not yet reconciled
types.infer.explicit	spec/lang/04-type-system.md	1537	language	pending	Not yet reconciled
types.infer.explicit.parameters	spec/lang/04-type-system.md	1539	language	pending	Not yet reconciled
types.infer.explicit.results-declared	spec/lang/04-type-system.md	1540	language	pending	Not yet reconciled
types.infer.explicit.fields	spec/lang/04-type-system.md	1541	language	pending	Not yet reconciled
types.infer.explicit.enum	spec/lang/04-type-system.md	1542	language	pending	Not yet reconciled
types.infer.explicit.trait-methods	spec/lang/04-type-system.md	1543	language	pending	Not yet reconciled
types.infer.explicit.fn-type	spec/lang/04-type-system.md	1544	language	pending	Not yet reconciled
types.infer.body-result-private	spec/lang/04-type-system.md	1546	language	pending	Not yet reconciled
types.infer.named-fn	spec/lang/04-type-system.md	1548	language	pending	Not yet reconciled
types.infer.no-overload	spec/lang/04-type-system.md	1552	language	pending	Not yet reconciled
types.infer.ambiguous	spec/lang/04-type-system.md	1553	language	pending	Not yet reconciled
types.unsupported.type-test	spec/lang/04-type-system.md	1708	language	pending	Not yet reconciled
types.unsupported.no-assertions	spec/lang/04-type-system.md	1709	language	pending	Not yet reconciled
types.unsupported.no-unions	spec/lang/04-type-system.md	1710	language	pending	Not yet reconciled
types.unsupported.error-type	spec/lang/04-type-system.md	1711	language	pending	Not yet reconciled
types.unsupported.panic-abi	spec/lang/04-type-system.md	1712	language	pending	Not yet reconciled
expr.static-type	spec/lang/05-expressions.md	7	language	pending	Not yet reconciled
expr.evaluated	spec/lang/05-expressions.md	8	language	pending	Not yet reconciled
expr.order.left-to-right	spec/lang/05-expressions.md	14	language	pending	Not yet reconciled
expr.order.applies	spec/lang/05-expressions.md	15	language	pending	Not yet reconciled
expr.order.conditional	spec/lang/05-expressions.md	16	language	pending	Not yet reconciled
expr.order.reorder	spec/lang/05-expressions.md	17	language	pending	Not yet reconciled
expr.category.value	spec/lang/05-expressions.md	23	language	pending	Not yet reconciled
expr.category.place	spec/lang/05-expressions.md	24	language	pending	Not yet reconciled
expr.place.local	spec/lang/05-expressions.md	31	language	pending	Not yet reconciled
expr.place.field	spec/lang/05-expressions.md	32	language	pending	Not yet reconciled
expr.place.index	spec/lang/05-expressions.md	33	language	pending	Not yet reconciled
expr.place.receiver	spec/lang/05-expressions.md	34	language	pending	Not yet reconciled
expr.place.call-update	spec/lang/05-expressions.md	35	language	pending	Not yet reconciled
expr.place.value-forms	spec/lang/05-expressions.md	36	language	pending	Not yet reconciled
expr.place.tuple-element	spec/lang/05-expressions.md	37	language	pending	Not yet reconciled
expr.place.enum-shared-field	spec/lang/05-expressions.md	38	language	pending	Not yet reconciled
expr.assign.statement	spec/lang/05-expressions.md	42	language	pending	Not yet reconciled
expr.assign.target	spec/lang/05-expressions.md	43	language	pending	Not yet reconciled
expr.assign.order	spec/lang/05-expressions.md	44	language	pending	Not yet reconciled
expr.assign.order.local	spec/lang/05-expressions.md	45	language	pending	Not yet reconciled
expr.assign.order.field	spec/lang/05-expressions.md	46	language	pending	Not yet reconciled
expr.assign.order.index	spec/lang/05-expressions.md	47	language	pending	Not yet reconciled
expr.assign.order.call	spec/lang/05-expressions.md	48	language	pending	Not yet reconciled
expr.assign.abrupt	spec/lang/05-expressions.md	49	language	pending	Not yet reconciled
expr.assign.compound.form	spec/lang/05-expressions.md	92	language	pending	Not yet reconciled
expr.assign.compound.no-others	spec/lang/05-expressions.md	93	language	pending	Not yet reconciled
expr.assign.compound.place-form	spec/lang/05-expressions.md	94	language	pending	Not yet reconciled
expr.assign.compound.once	spec/lang/05-expressions.md	95	language	pending	Not yet reconciled
expr.assign.compound.meaning	spec/lang/05-expressions.md	96	language	pending	Not yet reconciled
expr.assign.compound.primitive	spec/lang/05-expressions.md	97	language	pending	Not yet reconciled
expr.assign.compound.operator	spec/lang/05-expressions.md	98	language	pending	Not yet reconciled
expr.assign.compound.store-rules	spec/lang/05-expressions.md	99	language	pending	Not yet reconciled
expr.assign.compound.index-read-write	spec/lang/05-expressions.md	100	language	pending	Not yet reconciled
expr.assign.compound.call-once	spec/lang/05-expressions.md	101	language	pending	Not yet reconciled
expr.assign.compound.call-read-write	spec/lang/05-expressions.md	102	language	pending	Not yet reconciled
expr.assign.compound.fresh-value	spec/lang/05-expressions.md	103	language	pending	Not yet reconciled
expr.assign.compound.no-assign-traits	spec/lang/05-expressions.md	104	language	pending	Not yet reconciled
expr.name.identifier	spec/lang/05-expressions.md	148	language	pending	Not yet reconciled
expr.name.qualified	spec/lang/05-expressions.md	149	language	pending	Not yet reconciled
expr.name.contextual	spec/lang/05-expressions.md	150	language	pending	Not yet reconciled
expr.name.contextual.rules	spec/lang/05-expressions.md	151	language	pending	Not yet reconciled
expr.name.contextual.no-search	spec/lang/05-expressions.md	152	language	pending	Not yet reconciled
expr.name.contextual.no-type	spec/lang/05-expressions.md	153	language	pending	Not yet reconciled
expr.literal.defined	spec/lang/05-expressions.md	168	language	pending	Not yet reconciled
expr.literal.call	spec/lang/05-expressions.md	169	language	pending	Not yet reconciled
expr.literal.pass	spec/lang/05-expressions.md	170	language	pending	Not yet reconciled
expr.interp.forms	spec/lang/05-expressions.md	182	language	pending	Not yet reconciled
expr.interp.self	spec/lang/05-expressions.md	183	language	pending	Not yet reconciled
expr.interp.order	spec/lang/05-expressions.md	184	language	pending	Not yet reconciled
expr.interp.display	spec/lang/05-expressions.md	185	language	pending	Not yet reconciled
expr.interp.append	spec/lang/05-expressions.md	186	language	pending	Not yet reconciled
expr.interp.no-display	spec/lang/05-expressions.md	187	language	pending	Not yet reconciled
expr.interp.no-fallback	spec/lang/05-expressions.md	188	language	pending	Not yet reconciled
expr.interp.std	spec/lang/05-expressions.md	189	language	pending	Not yet reconciled
expr.interp.std.tuple.template	spec/lang/05-expressions.md	190	language	pending	Not yet reconciled
expr.interp.std.tuple.rest-inline	spec/lang/05-expressions.md	191	language	pending	Not yet reconciled
expr.interp.std.tuple.one	spec/lang/05-expressions.md	192	language	pending	Not yet reconciled
expr.interp.user	spec/lang/05-expressions.md	193	language	pending	Not yet reconciled
expr.interp.prefixed	spec/lang/05-expressions.md	194	language	pending	Not yet reconciled
expr.interp.constant	spec/lang/05-expressions.md	195	language	pending	Not yet reconciled
expr.literal-fn.marker	spec/lang/05-expressions.md	247	language	pending	Not yet reconciled
expr.literal-fn.fn-only	spec/lang/05-expressions.md	248	language	pending	Not yet reconciled
expr.literal-fn.not-marked	spec/lang/05-expressions.md	249	language	pending	Not yet reconciled
expr.literal-fn.no-marker-import	spec/lang/05-expressions.md	250	language	pending	Not yet reconciled
expr.literal-fn.ordinary-call	spec/lang/05-expressions.md	251	language	pending	Not yet reconciled
expr.literal-fn.row	spec/lang/05-expressions.md	252	language	pending	Not yet reconciled
expr.suffix.fn-call	spec/lang/05-expressions.md	279	language	pending	Not yet reconciled
expr.prefix.fn-call	spec/lang/05-expressions.md	408	language	pending	Not yet reconciled
expr.prefix.template	spec/lang/05-expressions.md	409	language	pending	Not yet reconciled
expr.prefix.parts	spec/lang/05-expressions.md	410	language	pending	Not yet reconciled
expr.prefix.raw-parts	spec/lang/05-expressions.md	411	language	pending	Not yet reconciled
expr.prefix.order	spec/lang/05-expressions.md	412	language	pending	Not yet reconciled
expr.paren.group	spec/lang/05-expressions.md	468	language	pending	Not yet reconciled
expr.tuple.comma	spec/lang/05-expressions.md	469	language	pending	Not yet reconciled
expr.tuple.single	spec/lang/05-expressions.md	470	language	pending	Not yet reconciled
expr.tuple.order	spec/lang/05-expressions.md	471	language	pending	Not yet reconciled
expr.tuple.select-underscore	spec/lang/05-expressions.md	472	language	pending	Not yet reconciled
expr.tuple.select-underscore.identifier	spec/lang/05-expressions.md	473	language	pending	Not yet reconciled
expr.tuple.rest.collect	spec/lang/05-expressions.md	496	language	pending	Not yet reconciled
expr.tuple.rest.spread	spec/lang/05-expressions.md	497	language	pending	Not yet reconciled
expr.tuple.rest.spread.list	spec/lang/05-expressions.md	498	language	pending	Not yet reconciled
expr.tuple.rest.value	spec/lang/05-expressions.md	499	language	pending	Not yet reconciled
expr.list.order	spec/lang/05-expressions.md	528	language	pending	Not yet reconciled
expr.list.type	spec/lang/05-expressions.md	529	language	pending	Not yet reconciled
expr.list.spread	spec/lang/05-expressions.md	530	language	pending	Not yet reconciled
expr.list.spread.once	spec/lang/05-expressions.md	531	language	pending	Not yet reconciled
expr.list.spread.type	spec/lang/05-expressions.md	532	language	pending	Not yet reconciled
expr.list.spread.insert	spec/lang/05-expressions.md	533	language	pending	Not yet reconciled
expr.list.spread.position	spec/lang/05-expressions.md	534	language	pending	Not yet reconciled
expr.list.spread.expected	spec/lang/05-expressions.md	535	language	pending	Not yet reconciled
expr.list.spread.inferred	spec/lang/05-expressions.md	536	language	pending	Not yet reconciled
expr.map.order	spec/lang/05-expressions.md	545	language	pending	Not yet reconciled
expr.map.duplicate	spec/lang/05-expressions.md	546	language	pending	Not yet reconciled
expr.map.iteration	spec/lang/05-expressions.md	547	language	pending	Not yet reconciled
expr.map.keys	spec/lang/05-expressions.md	548	language	pending	Not yet reconciled
expr.collection.empty	spec/lang/05-expressions.md	552	language	pending	Not yet reconciled
expr.collection.empty.error	spec/lang/05-expressions.md	553	language	pending	Not yet reconciled
expr.collection.expected	spec/lang/05-expressions.md	554	language	pending	Not yet reconciled
expr.collection.inferred	spec/lang/05-expressions.md	555	language	pending	Not yet reconciled
expr.collection.inferred.rows	spec/lang/05-expressions.md	556	language	pending	Not yet reconciled
expr.data.required	spec/lang/05-expressions.md	578	language	pending	Not yet reconciled
expr.data.once	spec/lang/05-expressions.md	579	language	pending	Not yet reconciled
expr.data.eval	spec/lang/05-expressions.md	580	language	pending	Not yet reconciled
expr.data.shorthand	spec/lang/05-expressions.md	581	language	pending	Not yet reconciled
expr.update.form	spec/lang/05-expressions.md	602	language	pending	Not yet reconciled
expr.update.one-spread	spec/lang/05-expressions.md	603	language	pending	Not yet reconciled
expr.update.spread-first	spec/lang/05-expressions.md	604	language	pending	Not yet reconciled
expr.update.exact-type	spec/lang/05-expressions.md	605	language	pending	Not yet reconciled
expr.update.access-view	spec/lang/05-expressions.md	606	language	pending	Not yet reconciled
expr.update.readonly-source	spec/lang/05-expressions.md	607	language	pending	Not yet reconciled
expr.update.readonly-fill	spec/lang/05-expressions.md	608	language	pending	Not yet reconciled
expr.update.generic	spec/lang/05-expressions.md	609	language	pending	Not yet reconciled
expr.update.mutable-source	spec/lang/05-expressions.md	610	language	pending	Not yet reconciled
expr.update.shallow	spec/lang/05-expressions.md	611	language	pending	Not yet reconciled
expr.update.no-upgrade	spec/lang/05-expressions.md	612	language	pending	Not yet reconciled
expr.postfix.binding	spec/lang/05-expressions.md	624	language	pending	Not yet reconciled
expr.member.select-identifier	spec/lang/05-expressions.md	630	language	pending	Not yet reconciled
expr.member.field-read	spec/lang/05-expressions.md	631	language	pending	Not yet reconciled
expr.member.lookup	spec/lang/05-expressions.md	632	language	pending	Not yet reconciled
expr.member.enum-variant	spec/lang/05-expressions.md	633	language	pending	Not yet reconciled
expr.member.variant-fn-value	spec/lang/05-expressions.md	634	language	pending	Not yet reconciled
expr.member.method-call	spec/lang/05-expressions.md	640	language	pending	Not yet reconciled
expr.member.no-field-call	spec/lang/05-expressions.md	641	language	pending	Not yet reconciled
expr.member.stored-fn	spec/lang/05-expressions.md	642	language	pending	Not yet reconciled
expr.member.stored-fn.error	spec/lang/05-expressions.md	643	language	pending	Not yet reconciled
expr.member.stored-fn.hint	spec/lang/05-expressions.md	644	language	pending	Not yet reconciled
expr.member.trait-available	spec/lang/05-expressions.md	645	language	pending	Not yet reconciled
expr.member.trait-hint	spec/lang/05-expressions.md	646	language	pending	Not yet reconciled
expr.member.method-not-value	spec/lang/05-expressions.md	647	language	pending	Not yet reconciled
expr.member.method-references	spec/lang/05-expressions.md	648	language	pending	Not yet reconciled
expr.member.closure-adapt	spec/lang/05-expressions.md	649	language	pending	Not yet reconciled
expr.member.readonly-root	spec/lang/05-expressions.md	663	language	pending	Not yet reconciled
expr.member.readonly-generic	spec/lang/05-expressions.md	664	language	pending	Not yet reconciled
expr.member.other-forms	spec/lang/05-expressions.md	665	language	pending	Not yet reconciled
expr.index.order	spec/lang/05-expressions.md	669	language	pending	Not yet reconciled
expr.index.list.type	spec/lang/05-expressions.md	673	language	pending	Not yet reconciled
expr.index.list.range	spec/lang/05-expressions.md	674	language	pending	Not yet reconciled
expr.index.list.panic	spec/lang/05-expressions.md	675	language	pending	Not yet reconciled
expr.index.list.read	spec/lang/05-expressions.md	676	language	pending	Not yet reconciled
expr.index.list.assign	spec/lang/05-expressions.md	677	language	pending	Not yet reconciled
expr.index.list.negative	spec/lang/05-expressions.md	678	language	pending	Not yet reconciled
expr.index.map.type	spec/lang/05-expressions.md	691	language	pending	Not yet reconciled
expr.index.map.read-value	spec/lang/05-expressions.md	692	language	pending	Not yet reconciled
expr.index.map.value-type	spec/lang/05-expressions.md	693	language	pending	Not yet reconciled
expr.index.map.get	spec/lang/05-expressions.md	694	language	pending	Not yet reconciled
expr.index.map.assign	spec/lang/05-expressions.md	695	language	pending	Not yet reconciled
expr.index.map.library	spec/lang/05-expressions.md	696	language	pending	Not yet reconciled
expr.index.string.byte	spec/lang/05-expressions.md	727	language	pending	Not yet reconciled
expr.index.string.offset	spec/lang/05-expressions.md	728	language	pending	Not yet reconciled
expr.index.string.type	spec/lang/05-expressions.md	729	language	pending	Not yet reconciled
expr.index.string.range	spec/lang/05-expressions.md	730	language	pending	Not yet reconciled
expr.index.string.panic	spec/lang/05-expressions.md	731	language	pending	Not yet reconciled
expr.index.string.no-assign	spec/lang/05-expressions.md	732	language	pending	Not yet reconciled
expr.index.string.negative	spec/lang/05-expressions.md	733	language	pending	Not yet reconciled
expr.index.slice.half-open	spec/lang/05-expressions.md	751	language	pending	Not yet reconciled
expr.index.slice.from	spec/lang/05-expressions.md	752	language	pending	Not yet reconciled
expr.index.slice.to	spec/lang/05-expressions.md	753	language	pending	Not yet reconciled
expr.index.slice.inclusive	spec/lang/05-expressions.md	754	language	pending	Not yet reconciled
expr.index.slice.to-inclusive	spec/lang/05-expressions.md	755	language	pending	Not yet reconciled
expr.index.slice.full	spec/lang/05-expressions.md	756	language	pending	Not yet reconciled
expr.index.slice.call	spec/lang/05-expressions.md	758	language	pending	Not yet reconciled
expr.index.slice.string	spec/lang/05-expressions.md	759	language	pending	Not yet reconciled
expr.index.slice.string.shared	spec/lang/05-expressions.md	760	language	pending	Not yet reconciled
expr.index.slice.string.range	spec/lang/05-expressions.md	761	language	pending	Not yet reconciled
expr.index.slice.string.reversed	spec/lang/05-expressions.md	762	language	pending	Not yet reconciled
expr.index.slice.string.boundary	spec/lang/05-expressions.md	763	language	pending	Not yet reconciled
expr.index.slice.list	spec/lang/05-expressions.md	764	language	pending	Not yet reconciled
expr.index.slice.list.type	spec/lang/05-expressions.md	765	language	pending	Not yet reconciled
expr.index.slice.list.range	spec/lang/05-expressions.md	766	language	pending	Not yet reconciled
expr.index.slice.list.reversed	spec/lang/05-expressions.md	767	language	pending	Not yet reconciled
expr.index.slice.no-store	spec/lang/05-expressions.md	768	language	pending	Not yet reconciled
expr.index.slice.no-map	spec/lang/05-expressions.md	769	language	pending	Not yet reconciled
expr.index.slice.negative	spec/lang/05-expressions.md	770	language	pending	Not yet reconciled
expr.index.trait.std	spec/lang/05-expressions.md	838	language	pending	Not yet reconciled
expr.index.trait.read-other	spec/lang/05-expressions.md	839	language	pending	Not yet reconciled
expr.index.trait.write	spec/lang/05-expressions.md	840	language	pending	Not yet reconciled
expr.index.trait.choice	spec/lang/05-expressions.md	841	language	pending	Not yet reconciled
expr.index.trait.no-use	spec/lang/05-expressions.md	842	language	pending	Not yet reconciled
expr.index.trait.mut	spec/lang/05-expressions.md	843	language	pending	Not yet reconciled
expr.index.trait.place	spec/lang/05-expressions.md	844	language	pending	Not yet reconciled
expr.index.trait.no-read	spec/lang/05-expressions.md	845	language	pending	Not yet reconciled
expr.index.trait.builtin-direct	spec/lang/05-expressions.md	846	language	pending	Not yet reconciled
expr.index.trait.independent	spec/lang/05-expressions.md	847	language	pending	Not yet reconciled
expr.index.std.list	spec/lang/05-expressions.md	894	language	pending	Not yet reconciled
expr.index.std.map	spec/lang/05-expressions.md	895	language	pending	Not yet reconciled
expr.index.std.string	spec/lang/05-expressions.md	896	language	pending	Not yet reconciled
expr.index.std.string.range	spec/lang/05-expressions.md	897	language	pending	Not yet reconciled
expr.index.std.list.range	spec/lang/05-expressions.md	898	language	pending	Not yet reconciled
expr.index.std.string.full	spec/lang/05-expressions.md	899	language	pending	Not yet reconciled
expr.index.std.list.full	spec/lang/05-expressions.md	900	language	pending	Not yet reconciled
expr.index.std.intrinsic	spec/lang/05-expressions.md	902	language	pending	Not yet reconciled
expr.index.std.map-store	spec/lang/05-expressions.md	903	language	pending	Not yet reconciled
expr.index.std.string-no-store	spec/lang/05-expressions.md	904	language	pending	Not yet reconciled
expr.call.order	spec/lang/05-expressions.md	934	language	pending	Not yet reconciled
expr.call.callable	spec/lang/05-expressions.md	935	language	pending	Not yet reconciled
expr.call.positional-first	spec/lang/05-expressions.md	936	language	pending	Not yet reconciled
expr.call.named	spec/lang/05-expressions.md	940	language	pending	Not yet reconciled
expr.call.exactly-once	spec/lang/05-expressions.md	941	language	pending	Not yet reconciled
expr.call.duplicate	spec/lang/05-expressions.md	942	language	pending	Not yet reconciled
expr.call.source-order	spec/lang/05-expressions.md	943	language	pending	Not yet reconciled
expr.call.spread	spec/lang/05-expressions.md	972	language	pending	Not yet reconciled
expr.call.spread.one	spec/lang/05-expressions.md	973	language	pending	Not yet reconciled
expr.call.spread.fills	spec/lang/05-expressions.md	974	language	pending	Not yet reconciled
expr.call.spread.at-vararg	spec/lang/05-expressions.md	978	language	pending	Not yet reconciled
expr.call.spread.tuple-vararg-tail	spec/lang/05-expressions.md	979	language	pending	Not yet reconciled
expr.call.spread.inputs	spec/lang/05-expressions.md	980	language	pending	Not yet reconciled
expr.call.spread.mismatch	spec/lang/05-expressions.md	982	language	pending	Not yet reconciled
expr.call.spread.list-needs-vararg	spec/lang/05-expressions.md	983	language	pending	Not yet reconciled
expr.call.vararg-by-name.exclusive	spec/lang/05-expressions.md	984	language	pending	Not yet reconciled
expr.call.generic.position	spec/lang/05-expressions.md	1024	language	pending	Not yet reconciled
expr.call.generic.trailing	spec/lang/05-expressions.md	1025	language	pending	Not yet reconciled
expr.call.generic.targets	spec/lang/05-expressions.md	1026	language	pending	Not yet reconciled
expr.call.apply.std	spec/lang/05-expressions.md	1081	language	pending	Not yet reconciled
expr.call.apply.zero-keys	spec/lang/05-expressions.md	1082	language	pending	Not yet reconciled
expr.call.apply.read	spec/lang/05-expressions.md	1083	language	pending	Not yet reconciled
expr.call.apply.read-type	spec/lang/05-expressions.md	1084	language	pending	Not yet reconciled
expr.call.apply.arguments	spec/lang/05-expressions.md	1085	language	pending	Not yet reconciled
expr.call.apply.write	spec/lang/05-expressions.md	1086	language	pending	Not yet reconciled
expr.call.apply.choice	spec/lang/05-expressions.md	1087	language	pending	Not yet reconciled
expr.call.apply.no-use	spec/lang/05-expressions.md	1088	language	pending	Not yet reconciled
expr.call.apply.place	spec/lang/05-expressions.md	1089	language	pending	Not yet reconciled
expr.call.apply.mut	spec/lang/05-expressions.md	1090	language	pending	Not yet reconciled
expr.call.apply.readonly	spec/lang/05-expressions.md	1091	language	pending	Not yet reconciled
expr.call.apply.not-callable	spec/lang/05-expressions.md	1092	language	pending	Not yet reconciled
expr.call.apply.independent	spec/lang/05-expressions.md	1093	language	pending	Not yet reconciled
expr.call.apply.field	spec/lang/05-expressions.md	1094	language	pending	Not yet reconciled
expr.call.suspension	spec/lang/05-expressions.md	1147	language	pending	Not yet reconciled
expr.call.suspension.order	spec/lang/05-expressions.md	1148	language	pending	Not yet reconciled
expr.try.option	spec/lang/05-expressions.md	1156	language	pending	Not yet reconciled
expr.try.result	spec/lang/05-expressions.md	1157	language	pending	Not yet reconciled
expr.try.once	spec/lang/05-expressions.md	1159	language	pending	Not yet reconciled
expr.try.no-panic	spec/lang/05-expressions.md	1160	language	pending	Not yet reconciled
expr.try.expected	spec/lang/05-expressions.md	1161	language	pending	Not yet reconciled
expr.try.expected.result	spec/lang/05-expressions.md	1162	language	pending	Not yet reconciled
expr.try.expected.option	spec/lang/05-expressions.md	1163	language	pending	Not yet reconciled
expr.try.expected.hint-only	spec/lang/05-expressions.md	1164	language	pending	Not yet reconciled
expr.try.convert	spec/lang/05-expressions.md	1180	language	pending	Not yet reconciled
expr.try.convert.assignable	spec/lang/05-expressions.md	1184	language	pending	Not yet reconciled
expr.try.convert.from	spec/lang/05-expressions.md	1185	language	pending	Not yet reconciled
expr.try.convert.none	spec/lang/05-expressions.md	1186	language	pending	Not yet reconciled
expr.try.convert.assignable.covers	spec/lang/05-expressions.md	1221	language	pending	Not yet reconciled
expr.try.convert.strip-mut	spec/lang/05-expressions.md	1222	language	pending	Not yet reconciled
expr.try.convert.no-import	spec/lang/05-expressions.md	1223	language	pending	Not yet reconciled
expr.try.convert.message	spec/lang/05-expressions.md	1224	language	pending	Not yet reconciled
expr.try.convert.one-step	spec/lang/05-expressions.md	1225	language	pending	Not yet reconciled
expr.try.convert.no-combine	spec/lang/05-expressions.md	1226	language	pending	Not yet reconciled
expr.try.convert.no-chain	spec/lang/05-expressions.md	1227	language	pending	Not yet reconciled
expr.try.convert.no-injection	spec/lang/05-expressions.md	1228	language	pending	Not yet reconciled
expr.try.convert.single-rule	spec/lang/05-expressions.md	1229	language	pending	Not yet reconciled
expr.try.convert.only-try	spec/lang/05-expressions.md	1230	language	pending	Not yet reconciled
expr.try.convert.before-defer	spec/lang/05-expressions.md	1231	language	pending	Not yet reconciled
expr.try.convert.pure	spec/lang/05-expressions.md	1232	language	pending	Not yet reconciled
expr.try.convert.inferred-closure	spec/lang/05-expressions.md	1233	language	pending	Not yet reconciled
expr.try.target.nearest-function	spec/lang/05-expressions.md	1241	language	pending	Not yet reconciled
expr.try.target.module-top-level	spec/lang/05-expressions.md	1242	language	pending	Not yet reconciled
expr.try.target.test-body	spec/lang/05-expressions.md	1243	language	pending	Not yet reconciled
expr.try.misuse	spec/lang/05-expressions.md	1244	language	pending	Not yet reconciled
expr.try.misuse.operand	spec/lang/05-expressions.md	1245	language	pending	Not yet reconciled
expr.try.misuse.target	spec/lang/05-expressions.md	1246	language	pending	Not yet reconciled
expr.try.misuse.unconverted	spec/lang/05-expressions.md	1247	language	pending	Not yet reconciled
expr.try.test.fixed-result	spec/lang/05-expressions.md	1288	language	pending	Not yet reconciled
expr.try.test.with-try	spec/lang/05-expressions.md	1289	language	pending	Not yet reconciled
expr.try.test.without-try	spec/lang/05-expressions.md	1290	language	pending	Not yet reconciled
expr.try.test.converts	spec/lang/05-expressions.md	1291	language	pending	Not yet reconciled
expr.try.test.final-value	spec/lang/05-expressions.md	1292	language	pending	Not yet reconciled
expr.try.test.explicit-closure	spec/lang/05-expressions.md	1293	language	pending	Not yet reconciled
expr.try.test.closure	spec/lang/05-expressions.md	1294	language	pending	Not yet reconciled
expr.op.precedence	spec/lang/05-expressions.md	1336	language	pending	Not yet reconciled
expr.op.suspension-call	spec/lang/05-expressions.md	1357	language	pending	Not yet reconciled
expr.op.not	spec/lang/05-expressions.md	1358	language	pending	Not yet reconciled
expr.op.not.position	spec/lang/05-expressions.md	1359	language	pending	Not yet reconciled
expr.op.not.combine	spec/lang/05-expressions.md	1360	language	pending	Not yet reconciled
expr.op.not-equal	spec/lang/05-expressions.md	1361	language	pending	Not yet reconciled
expr.op.complement	spec/lang/05-expressions.md	1362	language	pending	Not yet reconciled
expr.op.not.grouping	spec/lang/05-expressions.md	1363	language	pending	Not yet reconciled
expr.op.power.grouping	spec/lang/05-expressions.md	1364	language	pending	Not yet reconciled
expr.op.power.grouping.signed	spec/lang/05-expressions.md	1365	language	pending	Not yet reconciled
expr.op.no-chain	spec/lang/05-expressions.md	1366	language	pending	Not yet reconciled
expr.arith.primitive-numeric	spec/lang/05-expressions.md	1373	language	pending	Not yet reconciled
expr.arith.non-numeric-no-impl	spec/lang/05-expressions.md	1374	language	pending	Not yet reconciled
expr.arith.string-primitive	spec/lang/05-expressions.md	1375	language	pending	Not yet reconciled
expr.arith.defined	spec/lang/05-expressions.md	1376	language	pending	Not yet reconciled
expr.arith.cast	spec/lang/05-expressions.md	1377	language	pending	Not yet reconciled
expr.arith.int.checked	spec/lang/05-expressions.md	1378	language	pending	Not yet reconciled
expr.arith.int.divide	spec/lang/05-expressions.md	1379	language	pending	Not yet reconciled
expr.arith.unary-plus	spec/lang/05-expressions.md	1380	language	pending	Not yet reconciled
expr.arith.unary-minus	spec/lang/05-expressions.md	1381	language	pending	Not yet reconciled
expr.bit.primitive-integer	spec/lang/05-expressions.md	1390	language	pending	Not yet reconciled
expr.bit.non-integer-no-impl	spec/lang/05-expressions.md	1391	language	pending	Not yet reconciled
expr.shift.unification	spec/lang/05-expressions.md	1401	language	pending	Not yet reconciled
expr.shift.operands	spec/lang/05-expressions.md	1402	language	pending	Not yet reconciled
expr.shift.count	spec/lang/05-expressions.md	1403	language	pending	Not yet reconciled
expr.shift.fixed-width	spec/lang/05-expressions.md	1404	language	pending	Not yet reconciled
expr.power.int.exponent	spec/lang/05-expressions.md	1408	language	pending	Not yet reconciled
expr.power.int.literal	spec/lang/05-expressions.md	1409	language	pending	Not yet reconciled
expr.power.int.signed	spec/lang/05-expressions.md	1410	language	pending	Not yet reconciled
expr.power.negated-literal	spec/lang/05-expressions.md	1411	language	pending	Not yet reconciled
expr.power.negated-literal.not-other	spec/lang/05-expressions.md	1412	language	pending	Not yet reconciled
expr.power.checked	spec/lang/05-expressions.md	1413	language	pending	Not yet reconciled
expr.power.float.same-type	spec/lang/05-expressions.md	1414	language	pending	Not yet reconciled
expr.power.float.pow	spec/lang/05-expressions.md	1415	language	pending	Not yet reconciled
expr.power.mixed	spec/lang/05-expressions.md	1416	language	pending	Not yet reconciled
expr.float.basic	spec/lang/05-expressions.md	1426	language	pending	Not yet reconciled
expr.float.power	spec/lang/05-expressions.md	1427	language	pending	Not yet reconciled
expr.float.remainder-truncated	spec/lang/05-expressions.md	1428	language	pending	Not yet reconciled
expr.float.remainder-special	spec/lang/05-expressions.md	1429	language	pending	Not yet reconciled
expr.logic.not	spec/lang/05-expressions.md	1433	language	pending	Not yet reconciled
expr.logic.bool	spec/lang/05-expressions.md	1434	language	pending	Not yet reconciled
expr.logic.short-circuit	spec/lang/05-expressions.md	1435	language	pending	Not yet reconciled
expr.eq.calls-eq	spec/lang/05-expressions.md	1439	language	pending	Not yet reconciled
expr.eq.std	spec/lang/05-expressions.md	1440	language	pending	Not yet reconciled
expr.eq.map-order	spec/lang/05-expressions.md	1441	language	pending	Not yet reconciled
expr.eq.no-implicit	spec/lang/05-expressions.md	1442	language	pending	Not yet reconciled
expr.eq.no-identity-fallback	spec/lang/05-expressions.md	1443	language	pending	Not yet reconciled
expr.eq.float	spec/lang/05-expressions.md	1444	language	pending	Not yet reconciled
expr.eq.std.intrinsic	spec/lang/05-expressions.md	1445	language	pending	Not yet reconciled
expr.eq.functions	spec/lang/05-expressions.md	1446	language	pending	Not yet reconciled
expr.ord.partial-cmp	spec/lang/05-expressions.md	1455	language	pending	Not yet reconciled
expr.ord.std	spec/lang/05-expressions.md	1456	language	pending	Not yet reconciled
expr.ord.std.char-scalar	spec/lang/05-expressions.md	1457	language	pending	Not yet reconciled
expr.ord.std.string-bytes	spec/lang/05-expressions.md	1458	language	pending	Not yet reconciled
expr.ord.std.sequences	spec/lang/05-expressions.md	1459	language	pending	Not yet reconciled
expr.ord.std.optional	spec/lang/05-expressions.md	1460	language	pending	Not yet reconciled
expr.ord.composite	spec/lang/05-expressions.md	1461	language	pending	Not yet reconciled
expr.ord.user	spec/lang/05-expressions.md	1462	language	pending	Not yet reconciled
expr.ord.total	spec/lang/05-expressions.md	1463	language	pending	Not yet reconciled
expr.ord.unordered	spec/lang/05-expressions.md	1464	language	pending	Not yet reconciled
expr.ord.std.intrinsic	spec/lang/05-expressions.md	1465	language	pending	Not yet reconciled
expr.is.no-user-code	spec/lang/05-expressions.md	1471	language	pending	Not yet reconciled
expr.is.heap	spec/lang/05-expressions.md	1475	language	pending	Not yet reconciled
expr.is.conversion	spec/lang/05-expressions.md	1476	language	pending	Not yet reconciled
expr.is.function-unspecified	spec/lang/05-expressions.md	1477	language	pending	Not yet reconciled
expr.is.function-sharing	spec/lang/05-expressions.md	1478	language	pending	Not yet reconciled
expr.is.box	spec/lang/05-expressions.md	1479	language	pending	Not yet reconciled
expr.is.box.identity	spec/lang/05-expressions.md	1480	language	pending	Not yet reconciled
expr.is.box.distinct	spec/lang/05-expressions.md	1481	language	pending	Not yet reconciled
expr.is.no-wrapper	spec/lang/05-expressions.md	1482	language	pending	Not yet reconciled
expr.is.canonical	spec/lang/05-expressions.md	1483	language	pending	Not yet reconciled
expr.is.canonical.same	spec/lang/05-expressions.md	1484	language	pending	Not yet reconciled
expr.is.shared-data-canonical	spec/lang/05-expressions.md	1485	language	pending	Not yet reconciled
expr.is.none	spec/lang/05-expressions.md	1486	language	pending	Not yet reconciled
expr.is.some	spec/lang/05-expressions.md	1487	language	pending	Not yet reconciled
expr.is.tuple	spec/lang/05-expressions.md	1491	language	pending	Not yet reconciled
expr.is.primitive	spec/lang/05-expressions.md	1492	language	pending	Not yet reconciled
expr.is.compatible	spec/lang/05-expressions.md	1493	language	pending	Not yet reconciled
expr.is.permissions	spec/lang/05-expressions.md	1494	language	pending	Not yet reconciled
expr.is.incompatible	spec/lang/05-expressions.md	1495	language	pending	Not yet reconciled
expr.is.function	spec/lang/05-expressions.md	1496	language	pending	Not yet reconciled
expr.is.function.generic	spec/lang/05-expressions.md	1497	language	pending	Not yet reconciled
expr.op.trait.add	spec/lang/05-expressions.md	1575	language	pending	Not yet reconciled
expr.op.trait.sub	spec/lang/05-expressions.md	1576	language	pending	Not yet reconciled
expr.op.trait.mul	spec/lang/05-expressions.md	1577	language	pending	Not yet reconciled
expr.op.trait.div	spec/lang/05-expressions.md	1578	language	pending	Not yet reconciled
expr.op.trait.rem	spec/lang/05-expressions.md	1579	language	pending	Not yet reconciled
expr.op.trait.neg	spec/lang/05-expressions.md	1580	language	pending	Not yet reconciled
expr.op.trait.bit-and	spec/lang/05-expressions.md	1581	language	pending	Not yet reconciled
expr.op.trait.bit-or	spec/lang/05-expressions.md	1582	language	pending	Not yet reconciled
expr.op.trait.bit-xor	spec/lang/05-expressions.md	1583	language	pending	Not yet reconciled
expr.op.trait.not	spec/lang/05-expressions.md	1584	language	pending	Not yet reconciled
expr.op.trait.shl	spec/lang/05-expressions.md	1585	language	pending	Not yet reconciled
expr.op.trait.shr	spec/lang/05-expressions.md	1586	language	pending	Not yet reconciled
expr.op.builtin	spec/lang/05-expressions.md	1588	language	pending	Not yet reconciled
expr.op.concat	spec/lang/05-expressions.md	1589	language	pending	Not yet reconciled
expr.op.trait.std	spec/lang/05-expressions.md	1590	language	pending	Not yet reconciled
expr.op.trait.shape-default	spec/lang/05-expressions.md	1591	language	pending	Not yet reconciled
expr.op.trait.rhs-self	spec/lang/05-expressions.md	1592	language	pending	Not yet reconciled
expr.op.trait.rhs-explicit	spec/lang/05-expressions.md	1593	language	pending	Not yet reconciled
expr.op.trait.unary-shape	spec/lang/05-expressions.md	1594	language	pending	Not yet reconciled
expr.op.primitive.types	spec/lang/05-expressions.md	1595	language	pending	Not yet reconciled
expr.op.primitive.call	spec/lang/05-expressions.md	1596	language	pending	Not yet reconciled
expr.op.desugar	spec/lang/05-expressions.md	1597	language	pending	Not yet reconciled
expr.op.no-use	spec/lang/05-expressions.md	1598	language	pending	Not yet reconciled
expr.op.left-dispatch	spec/lang/05-expressions.md	1599	language	pending	Not yet reconciled
expr.op.left-dispatch.example	spec/lang/05-expressions.md	1600	language	pending	Not yet reconciled
expr.op.left-dispatch.exact-function	spec/lang/05-expressions.md	1601	language	pending	Not yet reconciled
expr.op.left-dispatch.exact-function.message	spec/lang/05-expressions.md	1602	language	pending	Not yet reconciled
expr.op.generic	spec/lang/05-expressions.md	1603	language	pending	Not yet reconciled
expr.op.out	spec/lang/05-expressions.md	1604	language	pending	Not yet reconciled
expr.op.order	spec/lang/05-expressions.md	1605	language	pending	Not yet reconciled
expr.op.left-literal	spec/lang/05-expressions.md	1606	language	pending	Not yet reconciled
expr.op.left-literal.example	spec/lang/05-expressions.md	1607	language	pending	Not yet reconciled
expr.op.no-impl	spec/lang/05-expressions.md	1608	language	pending	Not yet reconciled
expr.op.newtype	spec/lang/05-expressions.md	1609	language	pending	Not yet reconciled
expr.op.fixed	spec/lang/05-expressions.md	1610	language	pending	Not yet reconciled
expr.op.not-overloaded	spec/lang/05-expressions.md	1611	language	pending	Not yet reconciled
expr.op.comparison	spec/lang/05-expressions.md	1612	language	pending	Not yet reconciled
expr.op.std.arith	spec/lang/05-expressions.md	1655	language	pending	Not yet reconciled
expr.op.std.neg	spec/lang/05-expressions.md	1656	language	pending	Not yet reconciled
expr.op.std.bitwise	spec/lang/05-expressions.md	1657	language	pending	Not yet reconciled
expr.op.std.not	spec/lang/05-expressions.md	1658	language	pending	Not yet reconciled
expr.op.std.string-add	spec/lang/05-expressions.md	1659	language	pending	Not yet reconciled
expr.op.std.shift	spec/lang/05-expressions.md	1660	language	pending	Not yet reconciled
expr.op.std.intrinsic-method	spec/lang/05-expressions.md	1662	language	pending	Not yet reconciled
expr.op.std.string-not-intrinsic	spec/lang/05-expressions.md	1663	language	pending	Not yet reconciled
expr.op.std.one-type	spec/lang/05-expressions.md	1664	language	pending	Not yet reconciled
expr.op.std.string-generic	spec/lang/05-expressions.md	1665	language	pending	Not yet reconciled
expr.op.std.bool-char	spec/lang/05-expressions.md	1666	language	pending	Not yet reconciled
expr.pipe.form	spec/lang/05-expressions.md	1701	language	pending	Not yet reconciled
expr.pipe.left-assoc	spec/lang/05-expressions.md	1702	language	pending	Not yet reconciled
expr.pipe.precedence	spec/lang/05-expressions.md	1703	language	pending	Not yet reconciled
expr.pipe.step-kinds	spec/lang/05-expressions.md	1704	language	pending	Not yet reconciled
expr.pipe.order	spec/lang/05-expressions.md	1705	language	pending	Not yet reconciled
expr.pipe.value	spec/lang/05-expressions.md	1706	language	pending	Not yet reconciled
expr.pipe.slot.one	spec/lang/05-expressions.md	1726	language	pending	Not yet reconciled
expr.pipe.slot.any	spec/lang/05-expressions.md	1727	language	pending	Not yet reconciled
expr.pipe.slot.meaning	spec/lang/05-expressions.md	1728	language	pending	Not yet reconciled
expr.pipe.slot.suffix	spec/lang/05-expressions.md	1729	language	pending	Not yet reconciled
expr.pipe.slot.duplicate	spec/lang/05-expressions.md	1730	language	pending	Not yet reconciled
expr.pipe.slot.closure	spec/lang/05-expressions.md	1731	language	pending	Not yet reconciled
expr.pipe.slot.nested	spec/lang/05-expressions.md	1732	language	pending	Not yet reconciled
expr.pipe.bare.form	spec/lang/05-expressions.md	1761	language	pending	Not yet reconciled
expr.pipe.bare.call	spec/lang/05-expressions.md	1762	language	pending	Not yet reconciled
expr.pipe.bare.method	spec/lang/05-expressions.md	1763	language	pending	Not yet reconciled
expr.pipe.bare.no-suspend	spec/lang/05-expressions.md	1764	language	pending	Not yet reconciled
expr.pipe.bare.needs-placeholder	spec/lang/05-expressions.md	1765	language	pending	Not yet reconciled
expr.pipe.bare.needs-placeholder.forms	spec/lang/05-expressions.md	1766	language	pending	Not yet reconciled
expr.pipe.bare.method-reference	spec/lang/05-expressions.md	1767	language	pending	Not yet reconciled
expr.pipe.single-line	spec/lang/05-expressions.md	1788	language	pending	Not yet reconciled
expr.pipe.single-line.inline	spec/lang/05-expressions.md	1789	language	pending	Not yet reconciled
expr.pipe.no-trailing-block	spec/lang/05-expressions.md	1790	language	pending	Not yet reconciled
expr.pipe.lines	spec/lang/05-expressions.md	1791	language	pending	Not yet reconciled
expr.pipe.placeholder-only	spec/lang/05-expressions.md	1807	language	pending	Not yet reconciled
expr.pipe.placeholder-outside	spec/lang/05-expressions.md	1808	language	pending	Not yet reconciled
expr.pipe.no-partial	spec/lang/05-expressions.md	1809	language	pending	Not yet reconciled
expr.range.form.half-open	spec/lang/05-expressions.md	1845	language	pending	Not yet reconciled
expr.range.form.from	spec/lang/05-expressions.md	1846	language	pending	Not yet reconciled
expr.range.form.to	spec/lang/05-expressions.md	1847	language	pending	Not yet reconciled
expr.range.form.inclusive	spec/lang/05-expressions.md	1848	language	pending	Not yet reconciled
expr.range.form.to-inclusive	spec/lang/05-expressions.md	1849	language	pending	Not yet reconciled
expr.range.form.full	spec/lang/05-expressions.md	1850	language	pending	Not yet reconciled
expr.range.declared	spec/lang/05-expressions.md	1875	language	pending	Not yet reconciled
expr.range.value	spec/lang/05-expressions.md	1876	language	pending	Not yet reconciled
expr.range.not-prelude	spec/lang/05-expressions.md	1877	language	pending	Not yet reconciled
expr.range.order	spec/lang/05-expressions.md	1878	language	pending	Not yet reconciled
expr.range.no-check	spec/lang/05-expressions.md	1879	language	pending	Not yet reconciled
expr.range.bound.integer	spec/lang/05-expressions.md	1880	language	pending	Not yet reconciled
expr.range.bound.operands	spec/lang/05-expressions.md	1881	language	pending	Not yet reconciled
expr.range.bound.signedness	spec/lang/05-expressions.md	1882	language	pending	Not yet reconciled
expr.range.element-type	spec/lang/05-expressions.md	1883	language	pending	Not yet reconciled
expr.range.expected	spec/lang/05-expressions.md	1884	language	pending	Not yet reconciled
expr.range.default	spec/lang/05-expressions.md	1885	language	pending	Not yet reconciled
expr.bind.one-name	spec/lang/05-expressions.md	1916	language	pending	Not yet reconciled
expr.bind.precedence	spec/lang/05-expressions.md	1917	language	pending	Not yet reconciled
expr.bind.parens	spec/lang/05-expressions.md	1918	language	pending	Not yet reconciled
expr.comp.list	spec/lang/05-expressions.md	1935	language	pending	Not yet reconciled
expr.comp.shape	spec/lang/05-expressions.md	1936	language	pending	Not yet reconciled
expr.comp.visibility	spec/lang/05-expressions.md	1937	language	pending	Not yet reconciled
expr.comp.map	spec/lang/05-expressions.md	1947	language	pending	Not yet reconciled
expr.comp.map.duplicate	spec/lang/05-expressions.md	1948	language	pending	Not yet reconciled
expr.comp.eager	spec/lang/05-expressions.md	1952	language	pending	Not yet reconciled
expr.comp.suspension	spec/lang/05-expressions.md	1953	language	pending	Not yet reconciled
expr.comp.suspension.sequential	spec/lang/05-expressions.md	1954	language	pending	Not yet reconciled
expr.comp.no-jumps	spec/lang/05-expressions.md	1955	language	pending	Not yet reconciled
expr.comp.no-let	spec/lang/05-expressions.md	1956	language	pending	Not yet reconciled
expr.closure	spec/lang/05-expressions.md	1984	language	pending	Not yet reconciled
expr.control	spec/lang/05-expressions.md	1985	language	pending	Not yet reconciled
expr.unsupported.custom-operators	spec/lang/05-expressions.md	1989	language	pending	Not yet reconciled
expr.unsupported.chaining	spec/lang/05-expressions.md	1990	language	pending	Not yet reconciled
expr.unsupported.any-fallback	spec/lang/05-expressions.md	1991	language	pending	Not yet reconciled
expr.unsupported.try-mapping	spec/lang/05-expressions.md	1992	language	pending	Not yet reconciled
expr.unsupported.try-mapping.explicit	spec/lang/05-expressions.md	1993	language	pending	Not yet reconciled
flow.suites	spec/lang/06-control-flow.md	8	language	pending	Not yet reconciled
flow.condition.bool	spec/lang/06-control-flow.md	9	language	pending	Not yet reconciled
flow.block.order	spec/lang/06-control-flow.md	18	language	pending	Not yet reconciled
flow.block.value	spec/lang/06-control-flow.md	19	language	pending	Not yet reconciled
flow.block.void	spec/lang/06-control-flow.md	20	language	pending	Not yet reconciled
flow.block.abrupt	spec/lang/06-control-flow.md	21	language	pending	Not yet reconciled
flow.block.non-empty	spec/lang/06-control-flow.md	22	language	pending	Not yet reconciled
flow.block.pass	spec/lang/06-control-flow.md	23	language	pending	Not yet reconciled
flow.must-use.discard	spec/lang/06-control-flow.md	27	language	pending	Not yet reconciled
flow.must-use.statement	spec/lang/06-control-flow.md	28	language	pending	Not yet reconciled
flow.must-use.discarded-suite	spec/lang/06-control-flow.md	29	language	pending	Not yet reconciled
flow.must-use.handled	spec/lang/06-control-flow.md	35	language	pending	Not yet reconciled
flow.must-use.underscore	spec/lang/06-control-flow.md	36	language	pending	Not yet reconciled
flow.unused.warning	spec/lang/06-control-flow.md	53	language	pending	Not yet reconciled
flow.unused.underscore	spec/lang/06-control-flow.md	54	language	pending	Not yet reconciled
flow.unused.must-use	spec/lang/06-control-flow.md	55	language	pending	Not yet reconciled
flow.unused.discard-forms	spec/lang/06-control-flow.md	56	language	pending	Not yet reconciled
flow.if.select	spec/lang/06-control-flow.md	71	language	pending	Not yet reconciled
flow.if.order	spec/lang/06-control-flow.md	72	language	pending	Not yet reconciled
flow.if.lazy	spec/lang/06-control-flow.md	73	language	pending	Not yet reconciled
flow.if.else-if	spec/lang/06-control-flow.md	74	language	pending	Not yet reconciled
flow.if.value.else	spec/lang/06-control-flow.md	78	language	pending	Not yet reconciled
flow.if.value.branches	spec/lang/06-control-flow.md	79	language	pending	Not yet reconciled
flow.if.value.least-common	spec/lang/06-control-flow.md	80	language	pending	Not yet reconciled
flow.if.statement	spec/lang/06-control-flow.md	81	language	pending	Not yet reconciled
flow.if.same-line	spec/lang/06-control-flow.md	85	language	pending	Not yet reconciled
flow.if.same-line.error	spec/lang/06-control-flow.md	86	language	pending	Not yet reconciled
flow.for.iterable-once	spec/lang/06-control-flow.md	113	language	pending	Not yet reconciled
flow.for.fresh-iterator	spec/lang/06-control-flow.md	114	language	pending	Not yet reconciled
flow.for.binding	spec/lang/06-control-flow.md	115	language	pending	Not yet reconciled
flow.for.pattern	spec/lang/06-control-flow.md	116	language	pending	Not yet reconciled
flow.for.pattern.irrefutable	spec/lang/06-control-flow.md	117	language	pending	Not yet reconciled
flow.for.iterator-type	spec/lang/06-control-flow.md	160	language	pending	Not yet reconciled
flow.for.iterator-private	spec/lang/06-control-flow.md	161	language	pending	Not yet reconciled
flow.for.iterator-from-fn	spec/lang/06-control-flow.md	162	language	pending	Not yet reconciled
flow.for.iterator-next	spec/lang/06-control-flow.md	163	language	pending	Not yet reconciled
flow.for.iter-independent	spec/lang/06-control-flow.md	164	language	pending	Not yet reconciled
flow.for.iterator-exhausted	spec/lang/06-control-flow.md	165	language	pending	Not yet reconciled
flow.for.iterator-after-none	spec/lang/06-control-flow.md	166	language	pending	Not yet reconciled
flow.for.iterator-from-fn.no-fuse	spec/lang/06-control-flow.md	167	language	pending	Not yet reconciled
flow.for.iterable-collections	spec/lang/06-control-flow.md	168	language	pending	Not yet reconciled
flow.for.iterator-not-iterable	spec/lang/06-control-flow.md	169	language	pending	Not yet reconciled
flow.for.string-not-iterable	spec/lang/06-control-flow.md	170	language	pending	Not yet reconciled
flow.for.string-explicit	spec/lang/06-control-flow.md	171	language	pending	Not yet reconciled
flow.for.accepts	spec/lang/06-control-flow.md	172	language	pending	Not yet reconciled
flow.for.iterable	spec/lang/06-control-flow.md	173	language	pending	Not yet reconciled
flow.for.iterator-direct	spec/lang/06-control-flow.md	174	language	pending	Not yet reconciled
flow.for.iterator.position	spec/lang/06-control-flow.md	175	language	pending	Not yet reconciled
flow.for.iterator-mut	spec/lang/06-control-flow.md	176	language	pending	Not yet reconciled
flow.for.not-iterable-or-iterator	spec/lang/06-control-flow.md	177	language	pending	Not yet reconciled
flow.for.comprehension	spec/lang/06-control-flow.md	178	language	pending	Not yet reconciled
flow.for.iterator-no-bound	spec/lang/06-control-flow.md	179	language	pending	Not yet reconciled
flow.for.list	spec/lang/06-control-flow.md	251	language	pending	Not yet reconciled
flow.for.map	spec/lang/06-control-flow.md	252	language	pending	Not yet reconciled
flow.for.map.value	spec/lang/06-control-flow.md	253	language	pending	Not yet reconciled
flow.for.no-root-grant	spec/lang/06-control-flow.md	254	language	pending	Not yet reconciled
flow.for.library	spec/lang/06-control-flow.md	255	language	pending	Not yet reconciled
flow.for.range.iterable	spec/lang/06-control-flow.md	279	language	pending	Not yet reconciled
flow.for.range.half-open	spec/lang/06-control-flow.md	280	language	pending	Not yet reconciled
flow.for.range.inclusive	spec/lang/06-control-flow.md	281	language	pending	Not yet reconciled
flow.for.range.from	spec/lang/06-control-flow.md	282	language	pending	Not yet reconciled
flow.for.range.from-overflow	spec/lang/06-control-flow.md	283	language	pending	Not yet reconciled
flow.for.range.fresh	spec/lang/06-control-flow.md	284	language	pending	Not yet reconciled
flow.for.range.to	spec/lang/06-control-flow.md	285	language	pending	Not yet reconciled
flow.for.range.to-inclusive	spec/lang/06-control-flow.md	286	language	pending	Not yet reconciled
flow.for.range.full	spec/lang/06-control-flow.md	287	language	pending	Not yet reconciled
flow.for.version	spec/lang/06-control-flow.md	302	language	pending	Not yet reconciled
flow.for.invalidate	spec/lang/06-control-flow.md	303	language	pending	Not yet reconciled
flow.for.invalidate.panic	spec/lang/06-control-flow.md	304	language	pending	Not yet reconciled
flow.for.replace	spec/lang/06-control-flow.md	305	language	pending	Not yet reconciled
flow.for.replace.observed	spec/lang/06-control-flow.md	306	language	pending	Not yet reconciled
flow.for.user-defined	spec/lang/06-control-flow.md	307	language	pending	Not yet reconciled
flow.while.condition	spec/lang/06-control-flow.md	318	language	pending	Not yet reconciled
flow.while.initially-false	spec/lang/06-control-flow.md	319	language	pending	Not yet reconciled
flow.continue	spec/lang/06-control-flow.md	328	language	pending	Not yet reconciled
flow.break	spec/lang/06-control-flow.md	329	language	pending	Not yet reconciled
flow.break.boundary	spec/lang/06-control-flow.md	330	language	pending	Not yet reconciled
flow.break.outside-loop	spec/lang/06-control-flow.md	331	language	pending	Not yet reconciled
flow.loop.void	spec/lang/06-control-flow.md	349	language	pending	Not yet reconciled
flow.loop.void.break	spec/lang/06-control-flow.md	350	language	pending	Not yet reconciled
flow.loop.else.value	spec/lang/06-control-flow.md	351	language	pending	Not yet reconciled
flow.loop.else.break-value	spec/lang/06-control-flow.md	352	language	pending	Not yet reconciled
flow.loop.else.exhaustion	spec/lang/06-control-flow.md	353	language	pending	Not yet reconciled
flow.loop.else.plain-break	spec/lang/06-control-flow.md	354	language	pending	Not yet reconciled
flow.loop.else.type	spec/lang/06-control-flow.md	355	language	pending	Not yet reconciled
flow.loop.else.continue	spec/lang/06-control-flow.md	356	language	pending	Not yet reconciled
flow.loop.else.skipped	spec/lang/06-control-flow.md	357	language	pending	Not yet reconciled
flow.match.subject	spec/lang/06-control-flow.md	384	language	pending	Not yet reconciled
flow.match.guard	spec/lang/06-control-flow.md	385	language	pending	Not yet reconciled
flow.match.guard.eval	spec/lang/06-control-flow.md	386	language	pending	Not yet reconciled
flow.match.guard.result	spec/lang/06-control-flow.md	387	language	pending	Not yet reconciled
flow.match.guard.skipped	spec/lang/06-control-flow.md	388	language	pending	Not yet reconciled
flow.match.body	spec/lang/06-control-flow.md	389	language	pending	Not yet reconciled
flow.match.result	spec/lang/06-control-flow.md	390	language	pending	Not yet reconciled
flow.match.result.least-common	spec/lang/06-control-flow.md	391	language	pending	Not yet reconciled
flow.match.exhaustive	spec/lang/06-control-flow.md	395	language	pending	Not yet reconciled
flow.match.cover.enum	spec/lang/06-control-flow.md	399	language	pending	Not yet reconciled
flow.match.cover.bool	spec/lang/06-control-flow.md	400	language	pending	Not yet reconciled
flow.match.cover.tuple	spec/lang/06-control-flow.md	401	language	pending	Not yet reconciled
flow.match.cover.unit	spec/lang/06-control-flow.md	402	language	pending	Not yet reconciled
flow.match.cover.data	spec/lang/06-control-flow.md	403	language	pending	Not yet reconciled
flow.match.cover.integer	spec/lang/06-control-flow.md	404	language	pending	Not yet reconciled
flow.match.cover.other-values	spec/lang/06-control-flow.md	405	language	pending	Not yet reconciled
flow.match.guard.coverage	spec/lang/06-control-flow.md	407	language	pending	Not yet reconciled
flow.match.guard.later-arm	spec/lang/06-control-flow.md	408	language	pending	Not yet reconciled
flow.match.catch-all.final	spec/lang/06-control-flow.md	409	language	pending	Not yet reconciled
flow.match.catch-all.guarded	spec/lang/06-control-flow.md	410	language	pending	Not yet reconciled
flow.match.duplicate.guarded	spec/lang/06-control-flow.md	411	language	pending	Not yet reconciled
flow.match.duplicate.covered	spec/lang/06-control-flow.md	412	language	pending	Not yet reconciled
flow.match.unreachable	spec/lang/06-control-flow.md	413	language	pending	Not yet reconciled
flow.match.unreachable.arm	spec/lang/06-control-flow.md	414	language	pending	Not yet reconciled
flow.match.catch-all	spec/lang/06-control-flow.md	440	language	pending	Not yet reconciled
flow.match.bare-variant	spec/lang/06-control-flow.md	441	language	pending	Not yet reconciled
flow.match.bare-payload	spec/lang/06-control-flow.md	442	language	pending	Not yet reconciled
flow.match.optional	spec/lang/06-control-flow.md	443	language	pending	Not yet reconciled
flow.match.optional.some	spec/lang/06-control-flow.md	444	language	pending	Not yet reconciled
flow.match.optional.none	spec/lang/06-control-flow.md	445	language	pending	Not yet reconciled
flow.match.optional.qualified	spec/lang/06-control-flow.md	446	language	pending	Not yet reconciled
flow.match.optional.bare	spec/lang/06-control-flow.md	447	language	pending	Not yet reconciled
flow.match.optional.bare-variant	spec/lang/06-control-flow.md	448	language	pending	Not yet reconciled
flow.match.optional.nested	spec/lang/06-control-flow.md	449	language	pending	Not yet reconciled
flow.match.optional.no-pattern	spec/lang/06-control-flow.md	450	language	pending	Not yet reconciled
flow.match.contextual	spec/lang/06-control-flow.md	451	language	pending	Not yet reconciled
flow.match.payload.parentheses	spec/lang/06-control-flow.md	477	language	pending	Not yet reconciled
flow.match.payload.order	spec/lang/06-control-flow.md	478	language	pending	Not yet reconciled
flow.match.payload.required	spec/lang/06-control-flow.md	479	language	pending	Not yet reconciled
flow.match.payload.arity	spec/lang/06-control-flow.md	480	language	pending	Not yet reconciled
flow.match.payload.unknown	spec/lang/06-control-flow.md	481	language	pending	Not yet reconciled
flow.match.payload.binding	spec/lang/06-control-flow.md	482	language	pending	Not yet reconciled
flow.match.payload.name-mismatch	spec/lang/06-control-flow.md	483	language	pending	Not yet reconciled
flow.match.payload.name-mismatch.example	spec/lang/06-control-flow.md	484	language	pending	Not yet reconciled
flow.match.literal	spec/lang/06-control-flow.md	485	language	pending	Not yet reconciled
flow.match.variant.shorthand	spec/lang/06-control-flow.md	486	language	pending	Not yet reconciled
flow.match.variant.shorthand-rules	spec/lang/06-control-flow.md	487	language	pending	Not yet reconciled
flow.match.no-ownership	spec/lang/06-control-flow.md	511	language	pending	Not yet reconciled
flow.match.bind.primitive	spec/lang/06-control-flow.md	512	language	pending	Not yet reconciled
flow.match.bind.composite	spec/lang/06-control-flow.md	513	language	pending	Not yet reconciled
flow.match.bind.generic	spec/lang/06-control-flow.md	514	language	pending	Not yet reconciled
flow.match.bind.tuple	spec/lang/06-control-flow.md	515	language	pending	Not yet reconciled
flow.match.literal-payload	spec/lang/06-control-flow.md	516	language	pending	Not yet reconciled
flow.match.literal-payload.rest	spec/lang/06-control-flow.md	517	language	pending	Not yet reconciled
flow.match.nested	spec/lang/06-control-flow.md	531	language	pending	Not yet reconciled
flow.match.data	spec/lang/06-control-flow.md	532	language	pending	Not yet reconciled
flow.match.data.bind	spec/lang/06-control-flow.md	533	language	pending	Not yet reconciled
flow.match.data.literal	spec/lang/06-control-flow.md	534	language	pending	Not yet reconciled
flow.match.data.unlisted	spec/lang/06-control-flow.md	535	language	pending	Not yet reconciled
flow.match.data.label	spec/lang/06-control-flow.md	536	language	pending	Not yet reconciled
flow.match.data.fields	spec/lang/06-control-flow.md	537	language	pending	Not yet reconciled
flow.match.data.fields.unknown	spec/lang/06-control-flow.md	538	language	pending	Not yet reconciled
flow.match.data.fields.duplicate	spec/lang/06-control-flow.md	539	language	pending	Not yet reconciled
flow.match.data.public	spec/lang/06-control-flow.md	540	language	pending	Not yet reconciled
flow.match.data.empty	spec/lang/06-control-flow.md	541	language	pending	Not yet reconciled
flow.match.data.nominal	spec/lang/06-control-flow.md	542	language	pending	Not yet reconciled
flow.match.data.bind-primitive	spec/lang/06-control-flow.md	543	language	pending	Not yet reconciled
flow.match.data.bind-composite	spec/lang/06-control-flow.md	544	language	pending	Not yet reconciled
flow.match.data.readonly-mut	spec/lang/06-control-flow.md	545	language	pending	Not yet reconciled
flow.match.data.generic	spec/lang/06-control-flow.md	546	language	pending	Not yet reconciled
flow.match.spread.rest	spec/lang/06-control-flow.md	585	language	pending	Not yet reconciled
flow.match.spread.bind	spec/lang/06-control-flow.md	586	language	pending	Not yet reconciled
flow.match.spread.arity	spec/lang/06-control-flow.md	587	language	pending	Not yet reconciled
flow.match.spread.fixed-tuple	spec/lang/06-control-flow.md	588	language	pending	Not yet reconciled
flow.match.spread.required	spec/lang/06-control-flow.md	589	language	pending	Not yet reconciled
flow.match.spread.cover	spec/lang/06-control-flow.md	590	language	pending	Not yet reconciled
flow.match.unit	spec/lang/06-control-flow.md	631	language	pending	Not yet reconciled
flow.match.unit.irrefutable	spec/lang/06-control-flow.md	632	language	pending	Not yet reconciled
flow.match.unit.binds	spec/lang/06-control-flow.md	633	language	pending	Not yet reconciled
flow.match.unit.type	spec/lang/06-control-flow.md	634	language	pending	Not yet reconciled
flow.match.range.half-open	spec/lang/06-control-flow.md	671	language	pending	Not yet reconciled
flow.match.range.inclusive	spec/lang/06-control-flow.md	672	language	pending	Not yet reconciled
flow.match.range.from	spec/lang/06-control-flow.md	673	language	pending	Not yet reconciled
flow.match.range.to-inclusive	spec/lang/06-control-flow.md	674	language	pending	Not yet reconciled
flow.match.range.to	spec/lang/06-control-flow.md	675	language	pending	Not yet reconciled
flow.match.range.subject	spec/lang/06-control-flow.md	677	language	pending	Not yet reconciled
flow.match.range.bound-type	spec/lang/06-control-flow.md	678	language	pending	Not yet reconciled
flow.match.range.no-bind	spec/lang/06-control-flow.md	679	language	pending	Not yet reconciled
flow.match.range.cover	spec/lang/06-control-flow.md	680	language	pending	Not yet reconciled
flow.match.range.empty	spec/lang/06-control-flow.md	681	language	pending	Not yet reconciled
flow.match.range.covered	spec/lang/06-control-flow.md	682	language	pending	Not yet reconciled
flow.match.range.overlap	spec/lang/06-control-flow.md	683	language	pending	Not yet reconciled
flow.let.match	spec/lang/06-control-flow.md	731	language	pending	Not yet reconciled
flow.let.bind	spec/lang/06-control-flow.md	732	language	pending	Not yet reconciled
flow.let.irrefutable	spec/lang/06-control-flow.md	733	language	pending	Not yet reconciled
flow.let.irrefutable.no-else	spec/lang/06-control-flow.md	734	language	pending	Not yet reconciled
flow.let.refutable.else	spec/lang/06-control-flow.md	735	language	pending	Not yet reconciled
flow.let.else.order	spec/lang/06-control-flow.md	736	language	pending	Not yet reconciled
flow.let.else.diverge	spec/lang/06-control-flow.md	737	language	pending	Not yet reconciled
flow.let.else.diverge.forms	spec/lang/06-control-flow.md	738	language	pending	Not yet reconciled
flow.let.else.falls-through	spec/lang/06-control-flow.md	739	language	pending	Not yet reconciled
flow.let.else.unreachable	spec/lang/06-control-flow.md	740	language	pending	Not yet reconciled
flow.let.tuple-arity	spec/lang/06-control-flow.md	741	language	pending	Not yet reconciled
flow.return.value	spec/lang/06-control-flow.md	779	language	source-reconciled-validation-pending	REPORT.md A03; subsystem and challenge evidence
flow.return.type	spec/lang/06-control-flow.md	780	language	pending	Not yet reconciled
flow.return.bare	spec/lang/06-control-flow.md	781	language	pending	Not yet reconciled
flow.return.outside	spec/lang/06-control-flow.md	782	language	pending	Not yet reconciled
flow.return.script-only	spec/lang/06-control-flow.md	783	language	pending	Not yet reconciled
flow.return.fallthrough	spec/lang/06-control-flow.md	784	language	pending	Not yet reconciled
flow.return.void-fallthrough	spec/lang/06-control-flow.md	785	language	pending	Not yet reconciled
flow.return.callback	spec/lang/06-control-flow.md	786	language	pending	Not yet reconciled
flow.return.non-local	spec/lang/06-control-flow.md	787	language	pending	Not yet reconciled
flow.defer.register	spec/lang/06-control-flow.md	807	language	pending	Not yet reconciled
flow.defer.not-run	spec/lang/06-control-flow.md	808	language	pending	Not yet reconciled
flow.defer.run	spec/lang/06-control-flow.md	809	language	source-reconciled-validation-pending	REPORT.md A03; subsystem and challenge evidence
flow.defer.loop	spec/lang/06-control-flow.md	810	language	pending	Not yet reconciled
flow.defer.result-saved	spec/lang/06-control-flow.md	811	language	pending	Not yet reconciled
flow.defer.operands	spec/lang/06-control-flow.md	812	language	source-reconciled-validation-pending	REPORT.md A03; subsystem and challenge evidence
flow.defer.captures	spec/lang/06-control-flow.md	813	language	pending	Not yet reconciled
flow.defer.scopes	spec/lang/06-control-flow.md	817	language	pending	Not yet reconciled
flow.defer.not-scopes	spec/lang/06-control-flow.md	818	language	pending	Not yet reconciled
flow.defer.outside	spec/lang/06-control-flow.md	819	language	pending	Not yet reconciled
flow.defer.void	spec/lang/06-control-flow.md	823	language	pending	Not yet reconciled
flow.defer.restricted	spec/lang/06-control-flow.md	824	language	pending	Not yet reconciled
flow.defer.suspend	spec/lang/06-control-flow.md	825	language	pending	Not yet reconciled
flow.defer.control	spec/lang/06-control-flow.md	826	language	pending	Not yet reconciled
flow.defer.block-on	spec/lang/06-control-flow.md	827	language	pending	Not yet reconciled
flow.defer.panic	spec/lang/06-control-flow.md	851	language	pending	Not yet reconciled
flow.defer.cleanup-panic	spec/lang/06-control-flow.md	852	language	pending	Not yet reconciled
flow.defer.alias-escape	spec/lang/06-control-flow.md	853	language	pending	Not yet reconciled
flow.unreachable.def	spec/lang/06-control-flow.md	864	language	pending	Not yet reconciled
flow.unreachable.warning	spec/lang/06-control-flow.md	865	language	pending	Not yet reconciled
flow.unreachable.checked	spec/lang/06-control-flow.md	866	language	pending	Not yet reconciled
flow.unreachable.policy	spec/lang/06-control-flow.md	867	language	pending	Not yet reconciled
flow.panic.def	spec/lang/06-control-flow.md	873	language	pending	Not yet reconciled
flow.panic.not-result	spec/lang/06-control-flow.md	874	language	pending	Not yet reconciled
flow.panic.sources	spec/lang/06-control-flow.md	875	language	pending	Not yet reconciled
flow.panic.stop	spec/lang/06-control-flow.md	879	language	pending	Not yet reconciled
flow.panic.nothing-runs	spec/lang/06-control-flow.md	880	language	pending	Not yet reconciled
flow.panic.runtime-cleanup	spec/lang/06-control-flow.md	881	language	pending	Not yet reconciled
flow.panic.no-handler	spec/lang/06-control-flow.md	882	language	pending	Not yet reconciled
flow.panic.report	spec/lang/06-control-flow.md	883	language	pending	Not yet reconciled
flow.panic.encoding	spec/lang/06-control-flow.md	884	language	pending	Not yet reconciled
flow.panic.instance	spec/lang/06-control-flow.md	888	language	pending	Not yet reconciled
flow.panic.poison	spec/lang/06-control-flow.md	889	language	pending	Not yet reconciled
flow.panic.isolation	spec/lang/06-control-flow.md	890	language	pending	Not yet reconciled
flow.panic.category-names	spec/lang/06-control-flow.md	894	language	pending	Not yet reconciled
flow.panic.explicit	spec/lang/06-control-flow.md	895	language	pending	Not yet reconciled
flow.panic.never	spec/lang/06-control-flow.md	896	language	pending	Not yet reconciled
fn.kind.ordinary	spec/lang/07-functions.md	7	language	pending	Not yet reconciled
fn.decl.suspending	spec/lang/07-functions.md	21	language	pending	Not yet reconciled
fn.decl.requirements	spec/lang/07-functions.md	22	language	pending	Not yet reconciled
fn.decl.parameter-types	spec/lang/07-functions.md	26	language	pending	Not yet reconciled
fn.decl.result-required-pub	spec/lang/07-functions.md	27	language	pending	Not yet reconciled
fn.decl.result-omitted-private	spec/lang/07-functions.md	28	language	pending	Not yet reconciled
fn.decl.result-inferred	spec/lang/07-functions.md	29	language	pending	Not yet reconciled
fn.decl.result-inferred.common	spec/lang/07-functions.md	30	language	pending	Not yet reconciled
fn.decl.result-inferred.void	spec/lang/07-functions.md	31	language	pending	Not yet reconciled
fn.decl.row-omitted	spec/lang/07-functions.md	32	language	pending	Not yet reconciled
fn.decl.suspension-not-inferred	spec/lang/07-functions.md	33	language	pending	Not yet reconciled
fn.decl.omitted-recursion	spec/lang/07-functions.md	52	language	pending	Not yet reconciled
fn.decl.omitted-cycle	spec/lang/07-functions.md	53	language	pending	Not yet reconciled
fn.decl.omitted-cycle.report	spec/lang/07-functions.md	54	language	pending	Not yet reconciled
fn.decl.omitted-cycle.resolve	spec/lang/07-functions.md	55	language	pending	Not yet reconciled
fn.body.final-value	spec/lang/07-functions.md	69	language	pending	Not yet reconciled
fn.body.early-return	spec/lang/07-functions.md	70	language	pending	Not yet reconciled
fn.body.paths	spec/lang/07-functions.md	71	language	pending	Not yet reconciled
fn.body.value-less-fallthrough	spec/lang/07-functions.md	72	language	pending	Not yet reconciled
fn.body.void-final	spec/lang/07-functions.md	73	language	pending	Not yet reconciled
fn.name.unique	spec/lang/07-functions.md	86	language	pending	Not yet reconciled
fn.name.no-overloading	spec/lang/07-functions.md	87	language	pending	Not yet reconciled
fn.body.same-line	spec/lang/07-functions.md	91	language	pending	Not yet reconciled
fn.local.declare	spec/lang/07-functions.md	112	language	pending	Not yet reconciled
fn.local.scope	spec/lang/07-functions.md	113	language	pending	Not yet reconciled
fn.local.capture-rules	spec/lang/07-functions.md	114	language	pending	Not yet reconciled
fn.local.private	spec/lang/07-functions.md	115	language	pending	Not yet reconciled
fn.param.init-order	spec/lang/07-functions.md	130	language	pending	Not yet reconciled
fn.param.non-reassignable	spec/lang/07-functions.md	131	language	pending	Not yet reconciled
fn.param.access	spec/lang/07-functions.md	132	language	pending	Not yet reconciled
fn.param.primitive	spec/lang/07-functions.md	133	language	pending	Not yet reconciled
fn.param.composite	spec/lang/07-functions.md	134	language	pending	Not yet reconciled
fn.param.no-transfer	spec/lang/07-functions.md	135	language	pending	Not yet reconciled
fn.arg.mix	spec/lang/07-functions.md	151	language	pending	Not yet reconciled
fn.arg.positional-first	spec/lang/07-functions.md	152	language	pending	Not yet reconciled
fn.arg.positional-after-named	spec/lang/07-functions.md	153	language	pending	Not yet reconciled
fn.arg.labels	spec/lang/07-functions.md	154	language	pending	Not yet reconciled
fn.arg.unknown-name	spec/lang/07-functions.md	155	language	pending	Not yet reconciled
fn.arg.once	spec/lang/07-functions.md	156	language	pending	Not yet reconciled
fn.arg.duplicate	spec/lang/07-functions.md	157	language	pending	Not yet reconciled
fn.default.allowed	spec/lang/07-functions.md	175	language	pending	Not yet reconciled
fn.default.order-final-function	spec/lang/07-functions.md	176	language	pending	Not yet reconciled
fn.default.omit	spec/lang/07-functions.md	177	language	pending	Not yet reconciled
fn.default.eval	spec/lang/07-functions.md	178	language	pending	Not yet reconciled
fn.default.scope	spec/lang/07-functions.md	179	language	pending	Not yet reconciled
fn.default.later-parameter	spec/lang/07-functions.md	180	language	pending	Not yet reconciled
fn.default.final-function	spec/lang/07-functions.md	181	language	pending	Not yet reconciled
fn.default.requirement-free	spec/lang/07-functions.md	201	language	pending	Not yet reconciled
fn.default.requirement-free.syntax	spec/lang/07-functions.md	202	language	pending	Not yet reconciled
fn.default.requirement-free.calls	spec/lang/07-functions.md	203	language	pending	Not yet reconciled
fn.default.requirement-free.signatures	spec/lang/07-functions.md	204	language	pending	Not yet reconciled
fn.default.requirement-free.uniform	spec/lang/07-functions.md	205	language	pending	Not yet reconciled
fn.default.effects	spec/lang/07-functions.md	206	language	pending	Not yet reconciled
fn.default.provider	spec/lang/07-functions.md	207	language	pending	Not yet reconciled
fn.default.suspends	spec/lang/07-functions.md	208	language	pending	Not yet reconciled
fn.vararg.form	spec/lang/07-functions.md	238	language	pending	Not yet reconciled
fn.vararg.type	spec/lang/07-functions.md	239	language	pending	Not yet reconciled
fn.vararg.type.kinds	spec/lang/07-functions.md	240	language	pending	Not yet reconciled
fn.vararg.collect	spec/lang/07-functions.md	241	language	pending	Not yet reconciled
fn.vararg.collect.list	spec/lang/07-functions.md	249	language	pending	Not yet reconciled
fn.vararg.collect.tuple-expr	spec/lang/07-functions.md	250	language	pending	Not yet reconciled
fn.vararg.tuple-param.expected	spec/lang/07-functions.md	251	language	pending	Not yet reconciled
fn.vararg.tuple-param.infer	spec/lang/07-functions.md	252	language	pending	Not yet reconciled
fn.vararg.no-auto-spread	spec/lang/07-functions.md	253	language	pending	Not yet reconciled
fn.vararg.final	spec/lang/07-functions.md	285	language	pending	Not yet reconciled
fn.vararg.no-default	spec/lang/07-functions.md	286	language	pending	Not yet reconciled
fn.vararg.named	spec/lang/07-functions.md	287	language	pending	Not yet reconciled
fn.type.values	spec/lang/07-functions.md	331	language	pending	Not yet reconciled
fn.type.form	spec/lang/07-functions.md	332	language	pending	Not yet reconciled
fn.type.no-names	spec/lang/07-functions.md	333	language	pending	Not yet reconciled
fn.type.positional	spec/lang/07-functions.md	334	language	pending	Not yet reconciled
fn.type.parts	spec/lang/07-functions.md	335	language	pending	Not yet reconciled
fn.type.ctor.decl	spec/lang/07-functions.md	367	language	pending	Not yet reconciled
fn.type.ctor.inputs	spec/lang/07-functions.md	368	language	pending	Not yet reconciled
fn.type.ctor.no-flatten	spec/lang/07-functions.md	369	language	pending	Not yet reconciled
fn.type.ctor.row	spec/lang/07-functions.md	370	language	pending	Not yet reconciled
fn.type.ctor.row.dollar	spec/lang/07-functions.md	371	language	pending	Not yet reconciled
fn.type.ctor.tuple-trait	spec/lang/07-functions.md	372	language	pending	Not yet reconciled
fn.type.ctor.tuple-trait.rest	spec/lang/07-functions.md	373	language	pending	Not yet reconciled
fn.type.ctor.inputs-tuple	spec/lang/07-functions.md	374	language	pending	Not yet reconciled
fn.type.ctor.sugar	spec/lang/07-functions.md	375	language	pending	Not yet reconciled
fn.type.ctor.anywhere	spec/lang/07-functions.md	376	language	pending	Not yet reconciled
fn.type.ctor.diagnostics	spec/lang/07-functions.md	377	language	pending	Not yet reconciled
fn.type.ctor.imports	spec/lang/07-functions.md	378	language	pending	Not yet reconciled
fn.type.ctor.opaque-sources	spec/lang/07-functions.md	379	language	pending	Not yet reconciled
fn.type.vararg-rest	spec/lang/07-functions.md	414	language	pending	Not yet reconciled
fn.type.rest-call	spec/lang/07-functions.md	415	language	pending	Not yet reconciled
fn.type.tuple-vararg-input	spec/lang/07-functions.md	416	language	pending	Not yet reconciled
fn.type.no-permission	spec/lang/07-functions.md	429	language	pending	Not yet reconciled
fn.type.no-mut	spec/lang/07-functions.md	430	language	pending	Not yet reconciled
fn.type.no-mut.syntax	spec/lang/07-functions.md	431	language	pending	Not yet reconciled
fn.type.named-value	spec/lang/07-functions.md	443	language	pending	Not yet reconciled
fn.type.variant-value	spec/lang/07-functions.md	444	language	pending	Not yet reconciled
fn.type.declared-variance	spec/lang/07-functions.md	445	language	pending	Not yet reconciled
fn.type.variance-repr	spec/lang/07-functions.md	446	language	pending	Not yet reconciled
fn.type.variance-repr.excluded	spec/lang/07-functions.md	447	language	pending	Not yet reconciled
fn.type.generic.not-polymorphic	spec/lang/07-functions.md	492	language	pending	Not yet reconciled
fn.type.generic.instantiate-every	spec/lang/07-functions.md	493	language	pending	Not yet reconciled
fn.type.generic.instantiate-from	spec/lang/07-functions.md	494	language	pending	Not yet reconciled
fn.type.generic.placeholder	spec/lang/07-functions.md	495	language	pending	Not yet reconciled
fn.type.generic.argument	spec/lang/07-functions.md	496	language	pending	Not yet reconciled
fn.type.generic.argument.sources	spec/lang/07-functions.md	497	language	pending	Not yet reconciled
fn.type.generic.default	spec/lang/07-functions.md	498	language	pending	Not yet reconciled
fn.type.generic.unsolved	spec/lang/07-functions.md	499	language	pending	Not yet reconciled
fn.type.generic.monomorphic	spec/lang/07-functions.md	500	language	pending	Not yet reconciled
fn.type.suspend.call	spec/lang/07-functions.md	525	language	pending	Not yet reconciled
fn.type.suspend.bang	spec/lang/07-functions.md	526	language	pending	Not yet reconciled
fn.type.suspend.weaken	spec/lang/07-functions.md	527	language	pending	Not yet reconciled
fn.type.suspend.no-reverse	spec/lang/07-functions.md	528	language	pending	Not yet reconciled
fn.type.suspend.ctor	spec/lang/07-functions.md	529	language	pending	Not yet reconciled
fn.ref.unbound	spec/lang/07-functions.md	560	language	pending	Not yet reconciled
fn.ref.unbound.receiver	spec/lang/07-functions.md	561	language	pending	Not yet reconciled
fn.ref.unbound.mut-self	spec/lang/07-functions.md	562	language	pending	Not yet reconciled
fn.ref.associated	spec/lang/07-functions.md	563	language	pending	Not yet reconciled
fn.ref.lookup	spec/lang/07-functions.md	564	language	pending	Not yet reconciled
fn.ref.lookup.ambiguous	spec/lang/07-functions.md	565	language	pending	Not yet reconciled
fn.ref.trait-self	spec/lang/07-functions.md	566	language	pending	Not yet reconciled
fn.ref.trait-self.unsolved	spec/lang/07-functions.md	567	language	pending	Not yet reconciled
fn.ref.generic	spec/lang/07-functions.md	568	language	pending	Not yet reconciled
fn.ref.generic.instantiate	spec/lang/07-functions.md	569	language	pending	Not yet reconciled
fn.ref.bound	spec/lang/07-functions.md	570	language	pending	Not yet reconciled
fn.ref.bound.capture	spec/lang/07-functions.md	571	language	pending	Not yet reconciled
fn.ref.bound.type	spec/lang/07-functions.md	572	language	pending	Not yet reconciled
fn.ref.bound.mut	spec/lang/07-functions.md	573	language	pending	Not yet reconciled
fn.ref.call	spec/lang/07-functions.md	574	language	pending	Not yet reconciled
fn.ref.suspending	spec/lang/07-functions.md	575	language	pending	Not yet reconciled
fn.ref.value	spec/lang/07-functions.md	576	language	pending	Not yet reconciled
fn.ref.no-fields	spec/lang/07-functions.md	577	language	pending	Not yet reconciled
fn.ref.bound.associated	spec/lang/07-functions.md	578	language	pending	Not yet reconciled
fn.closure.form	spec/lang/07-functions.md	622	language	pending	Not yet reconciled
fn.closure.no-other-syntax	spec/lang/07-functions.md	623	language	pending	Not yet reconciled
fn.closure.one-line	spec/lang/07-functions.md	624	language	pending	Not yet reconciled
fn.closure.monomorphic	spec/lang/07-functions.md	630	language	pending	Not yet reconciled
fn.closure.monomorphic.sources	spec/lang/07-functions.md	631	language	pending	Not yet reconciled
fn.closure.no-type-parameters	spec/lang/07-functions.md	632	language	pending	Not yet reconciled
fn.closure.suspending	spec/lang/07-functions.md	656	language	pending	Not yet reconciled
fn.closure.requirements	spec/lang/07-functions.md	657	language	pending	Not yet reconciled
fn.closure.clause-owner	spec/lang/07-functions.md	658	language	pending	Not yet reconciled
fn.closure.clause-grouped	spec/lang/07-functions.md	659	language	pending	Not yet reconciled
fn.closure.annotations-omitted	spec/lang/07-functions.md	675	language	pending	Not yet reconciled
fn.closure.needs-annotation	spec/lang/07-functions.md	676	language	pending	Not yet reconciled
fn.closure.result-inferred	spec/lang/07-functions.md	677	language	pending	Not yet reconciled
fn.closure.result-inferred.common	spec/lang/07-functions.md	678	language	pending	Not yet reconciled
fn.closure.result-expected	spec/lang/07-functions.md	679	language	pending	Not yet reconciled
fn.closure.recursive-result	spec/lang/07-functions.md	680	language	pending	Not yet reconciled
fn.capture.locals	spec/lang/07-functions.md	692	language	pending	Not yet reconciled
fn.capture.no-providers	spec/lang/07-functions.md	693	language	pending	Not yet reconciled
fn.capture.provider-value	spec/lang/07-functions.md	694	language	pending	Not yet reconciled
fn.capture.access	spec/lang/07-functions.md	728	language	pending	Not yet reconciled
fn.capture.mutate	spec/lang/07-functions.md	729	language	pending	Not yet reconciled
fn.capture.mutate.forms	spec/lang/07-functions.md	730	language	pending	Not yet reconciled
fn.capture.readonly	spec/lang/07-functions.md	731	language	pending	Not yet reconciled
fn.capture.result-not-weakened	spec/lang/07-functions.md	732	language	pending	Not yet reconciled
fn.capture.no-mut-form	spec/lang/07-functions.md	757	language	pending	Not yet reconciled
fn.capture.storage.shared	spec/lang/07-functions.md	758	language	pending	Not yet reconciled
fn.capture.storage.lifetime	spec/lang/07-functions.md	759	language	pending	Not yet reconciled
fn.capture.in-process	spec/lang/07-functions.md	767	language	pending	Not yet reconciled
fn.capture.serializable-deferred	spec/lang/07-functions.md	768	language	pending	Not yet reconciled
fn.multi.parenthesized	spec/lang/07-functions.md	788	language	pending	Not yet reconciled
fn.multi.commas	spec/lang/07-functions.md	789	language	pending	Not yet reconciled
fn.multi.unparenthesized	spec/lang/07-functions.md	790	language	pending	Not yet reconciled
fn.multi.next-closure	spec/lang/07-functions.md	791	language	pending	Not yet reconciled
fn.multi.syntax-error	spec/lang/07-functions.md	792	language	pending	Not yet reconciled
fn.trailing.form	spec/lang/07-functions.md	811	language	pending	Not yet reconciled
fn.trailing.arguments	spec/lang/07-functions.md	812	language	pending	Not yet reconciled
fn.trailing.empty-parentheses	spec/lang/07-functions.md	813	language	pending	Not yet reconciled
fn.trailing.closure	spec/lang/07-functions.md	814	language	pending	Not yet reconciled
fn.trailing.position	spec/lang/07-functions.md	815	language	pending	Not yet reconciled
fn.trailing.one	spec/lang/07-functions.md	816	language	pending	Not yet reconciled
fn.trailing.parameterized	spec/lang/07-functions.md	817	language	pending	Not yet reconciled
fn.trailing.return	spec/lang/07-functions.md	818	language	pending	Not yet reconciled
fn.trailing.suspending	spec/lang/07-functions.md	819	language	pending	Not yet reconciled
fn.trailing.suspending.body	spec/lang/07-functions.md	820	language	pending	Not yet reconciled
fn.generic.parameters	spec/lang/07-functions.md	870	language	pending	Not yet reconciled
fn.generic.bounds-and	spec/lang/07-functions.md	871	language	pending	Not yet reconciled
fn.generic.call-list	spec/lang/07-functions.md	872	language	pending	Not yet reconciled
fn.generic.call-marker	spec/lang/07-functions.md	873	language	pending	Not yet reconciled
fn.generic.erased	spec/lang/07-functions.md	874	language	pending	Not yet reconciled
fn.generic.explicit.trailing	spec/lang/07-functions.md	878	language	pending	Not yet reconciled
fn.generic.explicit.too-long-count	spec/lang/07-functions.md	879	language	pending	Not yet reconciled
fn.generic.explicit.row-dollar	spec/lang/07-functions.md	880	language	pending	Not yet reconciled
fn.generic.placeholder	spec/lang/07-functions.md	910	language	pending	Not yet reconciled
fn.generic.placeholder.solve	spec/lang/07-functions.md	911	language	pending	Not yet reconciled
fn.generic.placeholder.default	spec/lang/07-functions.md	912	language	pending	Not yet reconciled
fn.generic.placeholder.unsolved	spec/lang/07-functions.md	913	language	pending	Not yet reconciled
fn.generic.placeholder.not-type	spec/lang/07-functions.md	914	language	pending	Not yet reconciled
fn.generic.methods	spec/lang/07-functions.md	932	language	pending	Not yet reconciled
fn.generic.qualified	spec/lang/07-functions.md	933	language	pending	Not yet reconciled
fn.generic.qualified.member-list	spec/lang/07-functions.md	934	language	pending	Not yet reconciled
fn.generic.qualified.owner-list	spec/lang/07-functions.md	935	language	pending	Not yet reconciled
fn.generic.bang	spec/lang/07-functions.md	936	language	pending	Not yet reconciled
fn.generic.bang.examples	spec/lang/07-functions.md	937	language	pending	Not yet reconciled
fn.generic.method-inference	spec/lang/07-functions.md	938	language	pending	Not yet reconciled
fn.generic.dot-member-value	spec/lang/07-functions.md	939	language	pending	Not yet reconciled
fn.method.form	spec/lang/07-functions.md	957	language	pending	Not yet reconciled
fn.method.self	spec/lang/07-functions.md	958	language	pending	Not yet reconciled
fn.method.mut-self	spec/lang/07-functions.md	959	language	pending	Not yet reconciled
fn.method.no-sigil	spec/lang/07-functions.md	960	language	pending	Not yet reconciled
fn.method.associated	spec/lang/07-functions.md	961	language	pending	Not yet reconciled
fn.method.eval-order	spec/lang/07-functions.md	962	language	pending	Not yet reconciled
fn.method.equivalence	spec/lang/07-functions.md	963	language	pending	Not yet reconciled
fn.method.value-deferred	spec/lang/07-functions.md	964	language	pending	Not yet reconciled
fn.recursion.named-cycle	spec/lang/07-functions.md	984	language	pending	Not yet reconciled
fn.recursion.closure.no-self-name	spec/lang/07-functions.md	985	language	pending	Not yet reconciled
fn.recursion.closure.binding	spec/lang/07-functions.md	986	language	pending	Not yet reconciled
fn.recursion.closure.result	spec/lang/07-functions.md	987	language	pending	Not yet reconciled
fn.recursion.closure.parameters	spec/lang/07-functions.md	988	language	pending	Not yet reconciled
fn.recursion.closure.check	spec/lang/07-functions.md	989	language	pending	Not yet reconciled
fn.recursion.closure.outer	spec/lang/07-functions.md	990	language	pending	Not yet reconciled
fn.recursion.closure.ordinary-binding	spec/lang/07-functions.md	991	language	pending	Not yet reconciled
fn.recursion.closure.let	spec/lang/07-functions.md	992	language	pending	Not yet reconciled
fn.recursion.closure.initialized	spec/lang/07-functions.md	993	language	pending	Not yet reconciled
fn.recursion.closure.no-forward	spec/lang/07-functions.md	994	language	pending	Not yet reconciled
fn.entry.main	spec/lang/07-functions.md	1010	language	pending	Not yet reconciled
fn.entry.no-parameters	spec/lang/07-functions.md	1011	language	pending	Not yet reconciled
fn.entry.suspending	spec/lang/07-functions.md	1012	language	pending	Not yet reconciled
fn.entry.requirements	spec/lang/07-functions.md	1013	language	pending	Not yet reconciled
fn.entry.pub	spec/lang/07-functions.md	1014	language	pending	Not yet reconciled
fn.unsupported.features	spec/lang/07-functions.md	1018	language	pending	Not yet reconciled
fn.unsupported.qualified-call	spec/lang/07-functions.md	1025	language	pending	Not yet reconciled
fn.unsupported.closure-adapter	spec/lang/07-functions.md	1026	language	pending	Not yet reconciled
fn.unsupported.variant-value	spec/lang/07-functions.md	1027	language	pending	Not yet reconciled
fn.unsupported.variant-multi	spec/lang/07-functions.md	1028	language	pending	Not yet reconciled
data.kind.data	spec/lang/08-data-and-enums.md	7	language	pending	Not yet reconciled
data.kind.enum	spec/lang/08-data-and-enums.md	8	language	pending	Not yet reconciled
data.kind.no-class	spec/lang/08-data-and-enums.md	9	language	pending	Not yet reconciled
data.decl.nominal	spec/lang/08-data-and-enums.md	25	language	pending	Not yet reconciled
data.field.unique	spec/lang/08-data-and-enums.md	29	language	pending	Not yet reconciled
data.field.typed	spec/lang/08-data-and-enums.md	30	language	pending	Not yet reconciled
data.field.no-mut-modifier	spec/lang/08-data-and-enums.md	31	language	pending	Not yet reconciled
data.field.mut-type	spec/lang/08-data-and-enums.md	32	language	pending	Not yet reconciled
data.field.embedded-no-mut	spec/lang/08-data-and-enums.md	33	language	pending	Not yet reconciled
data.default.allowed	spec/lang/08-data-and-enums.md	46	language	pending	Not yet reconciled
data.default.type	spec/lang/08-data-and-enums.md	47	language	pending	Not yet reconciled
data.default.requirement-free	spec/lang/08-data-and-enums.md	48	language	pending	Not yet reconciled
data.default.eval	spec/lang/08-data-and-enums.md	49	language	pending	Not yet reconciled
data.default.scope	spec/lang/08-data-and-enums.md	50	language	pending	Not yet reconciled
data.default.no-field-binding	spec/lang/08-data-and-enums.md	51	language	pending	Not yet reconciled
data.default.embedded	spec/lang/08-data-and-enums.md	52	language	pending	Not yet reconciled
data.vis.private	spec/lang/08-data-and-enums.md	58	language	pending	Not yet reconciled
data.vis.type-not-fields	spec/lang/08-data-and-enums.md	59	language	pending	Not yet reconciled
data.vis.embedded-public	spec/lang/08-data-and-enums.md	60	language	pending	Not yet reconciled
data.vis.literal	spec/lang/08-data-and-enums.md	61	language	pending	Not yet reconciled
data.vis.private-fields	spec/lang/08-data-and-enums.md	62	language	pending	Not yet reconciled
data.vis.factory	spec/lang/08-data-and-enums.md	63	language	pending	Not yet reconciled
data.empty.pass	spec/lang/08-data-and-enums.md	95	language	pending	Not yet reconciled
data.empty.canonical	spec/lang/08-data-and-enums.md	96	language	pending	Not yet reconciled
data.empty.no-allocation	spec/lang/08-data-and-enums.md	97	language	pending	Not yet reconciled
data.recursive.direct	spec/lang/08-data-and-enums.md	103	language	pending	Not yet reconciled
data.recursive.mutual	spec/lang/08-data-and-enums.md	104	language	pending	Not yet reconciled
data.recursive.local	spec/lang/08-data-and-enums.md	105	language	pending	Not yet reconciled
data.recursive.required-fields	spec/lang/08-data-and-enums.md	106	language	pending	Not yet reconciled
data.ref.shared	spec/lang/08-data-and-enums.md	116	language	pending	Not yet reconciled
data.ref.views	spec/lang/08-data-and-enums.md	117	language	pending	Not yet reconciled
data.decl.no-struct	spec/lang/08-data-and-enums.md	123	language	pending	Not yet reconciled
data.literal.form	spec/lang/08-data-and-enums.md	147	language	pending	Not yet reconciled
data.literal.required	spec/lang/08-data-and-enums.md	148	language	pending	Not yet reconciled
data.literal.defaulted	spec/lang/08-data-and-enums.md	149	language	pending	Not yet reconciled
data.literal.unknown	spec/lang/08-data-and-enums.md	150	language	pending	Not yet reconciled
data.literal.duplicate	spec/lang/08-data-and-enums.md	151	language	pending	Not yet reconciled
data.literal.any-order	spec/lang/08-data-and-enums.md	152	language	pending	Not yet reconciled
data.literal.eval-explicit	spec/lang/08-data-and-enums.md	153	language	pending	Not yet reconciled
data.literal.eval-defaults	spec/lang/08-data-and-enums.md	154	language	pending	Not yet reconciled
data.literal.shorthand	spec/lang/08-data-and-enums.md	164	language	pending	Not yet reconciled
data.literal.shorthand.mixed	spec/lang/08-data-and-enums.md	165	language	pending	Not yet reconciled
data.literal.shorthand.rules	spec/lang/08-data-and-enums.md	166	language	pending	Not yet reconciled
data.literal.shorthand.unknown	spec/lang/08-data-and-enums.md	167	language	pending	Not yet reconciled
data.update.spread	spec/lang/08-data-and-enums.md	197	language	pending	Not yet reconciled
data.update.same-type	spec/lang/08-data-and-enums.md	198	language	pending	Not yet reconciled
data.update.supplies-all	spec/lang/08-data-and-enums.md	199	language	pending	Not yet reconciled
data.update.replace	spec/lang/08-data-and-enums.md	200	language	pending	Not yet reconciled
data.update.new-value	spec/lang/08-data-and-enums.md	201	language	pending	Not yet reconciled
data.update.no-defaults	spec/lang/08-data-and-enums.md	202	language	pending	Not yet reconciled
data.update.access-view	spec/lang/08-data-and-enums.md	203	language	pending	Not yet reconciled
data.update.readonly-source	spec/lang/08-data-and-enums.md	204	language	pending	Not yet reconciled
data.update.mutable-result	spec/lang/08-data-and-enums.md	205	language	pending	Not yet reconciled
data.update.generic	spec/lang/08-data-and-enums.md	206	language	pending	Not yet reconciled
data.update.shorthand	spec/lang/08-data-and-enums.md	207	language	pending	Not yet reconciled
data.access.syntax	spec/lang/08-data-and-enums.md	220	language	pending	Not yet reconciled
data.access.mut-root	spec/lang/08-data-and-enums.md	221	language	pending	Not yet reconciled
data.access.readonly-root	spec/lang/08-data-and-enums.md	222	language	pending	Not yet reconciled
data.access.nested	spec/lang/08-data-and-enums.md	223	language	pending	Not yet reconciled
data.access.readonly-mut-field	spec/lang/08-data-and-enums.md	224	language	pending	Not yet reconciled
data.access.construct-mut-field	spec/lang/08-data-and-enums.md	225	language	pending	Not yet reconciled
data.access.generic	spec/lang/08-data-and-enums.md	226	language	pending	Not yet reconciled
data.access.assignment	spec/lang/08-data-and-enums.md	227	language	pending	Not yet reconciled
data.access.graph	spec/lang/08-data-and-enums.md	228	language	pending	Not yet reconciled
data.access.other-module	spec/lang/08-data-and-enums.md	229	language	pending	Not yet reconciled
data.pattern.form	spec/lang/08-data-and-enums.md	241	language	pending	Not yet reconciled
data.pattern.subset	spec/lang/08-data-and-enums.md	242	language	pending	Not yet reconciled
data.pattern.fields	spec/lang/08-data-and-enums.md	243	language	pending	Not yet reconciled
data.embed.member	spec/lang/08-data-and-enums.md	274	language	pending	Not yet reconciled
data.embed.data-only	spec/lang/08-data-and-enums.md	275	language	pending	Not yet reconciled
data.embed.unique	spec/lang/08-data-and-enums.md	276	language	pending	Not yet reconciled
data.embed.width	spec/lang/08-data-and-enums.md	298	language	pending	Not yet reconciled
data.embed.depth	spec/lang/08-data-and-enums.md	299	language	pending	Not yet reconciled
data.embed.depth.self	spec/lang/08-data-and-enums.md	300	language	pending	Not yet reconciled
data.part.construct	spec/lang/08-data-and-enums.md	356	language	pending	Not yet reconciled
data.part.copy-update	spec/lang/08-data-and-enums.md	357	language	pending	Not yet reconciled
data.part.marker-required	spec/lang/08-data-and-enums.md	374	language	pending	Not yet reconciled
data.part.copy-time	spec/lang/08-data-and-enums.md	401	language	pending	Not yet reconciled
data.part.access	spec/lang/08-data-and-enums.md	408	language	pending	Not yet reconciled
data.part.aliases-untracked	spec/lang/08-data-and-enums.md	442	language	pending	Not yet reconciled
data.part.unobservable	spec/lang/08-data-and-enums.md	443	language	pending	Not yet reconciled
data.promote.members	spec/lang/08-data-and-enums.md	500	language	pending	Not yet reconciled
data.enum.closed	spec/lang/08-data-and-enums.md	577	language	pending	Not yet reconciled
data.enum.unique	spec/lang/08-data-and-enums.md	578	language	pending	Not yet reconciled
data.enum.qualified	spec/lang/08-data-and-enums.md	579	language	pending	Not yet reconciled
data.enum.shorthand	spec/lang/08-data-and-enums.md	580	language	pending	Not yet reconciled
data.enum.shorthand.other-enum	spec/lang/08-data-and-enums.md	581	language	pending	Not yet reconciled
data.enum.shorthand.needs-type	spec/lang/08-data-and-enums.md	582	language	pending	Not yet reconciled
data.enum.payload	spec/lang/08-data-and-enums.md	595	language	pending	Not yet reconciled
data.enum.payload.order	spec/lang/08-data-and-enums.md	596	language	pending	Not yet reconciled
data.enum.payload.typed	spec/lang/08-data-and-enums.md	597	language	pending	Not yet reconciled
data.enum.payload.large	spec/lang/08-data-and-enums.md	598	language	pending	Not yet reconciled
data.enum.payload.no-field-blocks	spec/lang/08-data-and-enums.md	599	language	pending	Not yet reconciled
data.enum.immutable	spec/lang/08-data-and-enums.md	600	language	pending	Not yet reconciled
data.enum.immutable.shallow	spec/lang/08-data-and-enums.md	601	language	pending	Not yet reconciled
data.enum.construct.call	spec/lang/08-data-and-enums.md	611	language	pending	Not yet reconciled
data.enum.construct.unknown	spec/lang/08-data-and-enums.md	612	language	pending	Not yet reconciled
data.enum.construct.call-codes	spec/lang/08-data-and-enums.md	613	language	pending	Not yet reconciled
data.enum.fn-value	spec/lang/08-data-and-enums.md	642	language	pending	Not yet reconciled
data.enum.fn-value.type	spec/lang/08-data-and-enums.md	643	language	pending	Not yet reconciled
data.enum.fn-value.use	spec/lang/08-data-and-enums.md	644	language	pending	Not yet reconciled
data.enum.fn-value.positional	spec/lang/08-data-and-enums.md	645	language	pending	Not yet reconciled
data.enum.fn-value.generic-rule	spec/lang/08-data-and-enums.md	646	language	pending	Not yet reconciled
data.enum.fn-value.generic-argument	spec/lang/08-data-and-enums.md	647	language	pending	Not yet reconciled
data.enum.fn-value.generic-unsolved	spec/lang/08-data-and-enums.md	648	language	pending	Not yet reconciled
data.enum.fn-value.shorthand	spec/lang/08-data-and-enums.md	649	language	pending	Not yet reconciled
data.enum.fn-value.call	spec/lang/08-data-and-enums.md	650	language	pending	Not yet reconciled
data.enum.fn-value.multiple	spec/lang/08-data-and-enums.md	651	language	pending	Not yet reconciled
data.enum.fn-value.unsaturated	spec/lang/08-data-and-enums.md	652	language	pending	Not yet reconciled
data.enum.fn-value.closure	spec/lang/08-data-and-enums.md	653	language	pending	Not yet reconciled
data.enum.fn-value.payload-free	spec/lang/08-data-and-enums.md	654	language	pending	Not yet reconciled
data.shared.declare	spec/lang/08-data-and-enums.md	718	language	pending	Not yet reconciled
data.shared.parameters	spec/lang/08-data-and-enums.md	719	language	pending	Not yet reconciled
data.shared.constructor	spec/lang/08-data-and-enums.md	720	language	pending	Not yet reconciled
data.shared.arguments	spec/lang/08-data-and-enums.md	721	language	pending	Not yet reconciled
data.shared.per-variant	spec/lang/08-data-and-enums.md	722	language	pending	Not yet reconciled
data.shared.compile-time	spec/lang/08-data-and-enums.md	723	language	pending	Not yet reconciled
data.shared.no-payload	spec/lang/08-data-and-enums.md	724	language	pending	Not yet reconciled
data.shared.not-stored	spec/lang/08-data-and-enums.md	725	language	pending	Not yet reconciled
data.shared.default	spec/lang/08-data-and-enums.md	733	language	pending	Not yet reconciled
data.shared.default.order	spec/lang/08-data-and-enums.md	734	language	pending	Not yet reconciled
data.shared.default.requirement-free	spec/lang/08-data-and-enums.md	735	language	pending	Not yet reconciled
data.shared.default.eval-once	spec/lang/08-data-and-enums.md	736	language	pending	Not yet reconciled
data.shared.default.eval-order	spec/lang/08-data-and-enums.md	737	language	pending	Not yet reconciled
data.shared.default.scope	spec/lang/08-data-and-enums.md	738	language	pending	Not yet reconciled
data.shared.value-read	spec/lang/08-data-and-enums.md	754	language	pending	Not yet reconciled
data.shared.named-field	spec/lang/08-data-and-enums.md	755	language	pending	Not yet reconciled
data.shared.underscore-field	spec/lang/08-data-and-enums.md	756	language	pending	Not yet reconciled
data.shared.permissions	spec/lang/08-data-and-enums.md	757	language	pending	Not yet reconciled
data.shared.readonly	spec/lang/08-data-and-enums.md	758	language	pending	Not yet reconciled
data.shared.read-only	spec/lang/08-data-and-enums.md	759	language	pending	Not yet reconciled
data.shared.payload-fields	spec/lang/08-data-and-enums.md	760	language	pending	Not yet reconciled
data.shared.payload-names	spec/lang/08-data-and-enums.md	761	language	pending	Not yet reconciled
data.shared.payload-defaults	spec/lang/08-data-and-enums.md	762	language	pending	Not yet reconciled
data.enum.generic	spec/lang/08-data-and-enums.md	787	language	pending	Not yet reconciled
data.enum.generic.result	spec/lang/08-data-and-enums.md	788	language	pending	Not yet reconciled
data.match.exhaustive	spec/lang/08-data-and-enums.md	815	language	pending	Not yet reconciled
data.match.variant-patterns	spec/lang/08-data-and-enums.md	816	language	pending	Not yet reconciled
data.match.shorthand	spec/lang/08-data-and-enums.md	817	language	pending	Not yet reconciled
data.match.no-inference	spec/lang/08-data-and-enums.md	818	language	pending	Not yet reconciled
data.match.payload.parentheses	spec/lang/08-data-and-enums.md	834	language	pending	Not yet reconciled
data.match.payload.names	spec/lang/08-data-and-enums.md	835	language	pending	Not yet reconciled
data.match.payload.named	spec/lang/08-data-and-enums.md	836	language	pending	Not yet reconciled
data.match.payload.constrain	spec/lang/08-data-and-enums.md	837	language	pending	Not yet reconciled
data.prelude.option	spec/lang/08-data-and-enums.md	852	language	pending	Not yet reconciled
data.prelude.result	spec/lang/08-data-and-enums.md	853	language	pending	Not yet reconciled
data.prelude.values	spec/lang/08-data-and-enums.md	854	language	pending	Not yet reconciled
data.prelude.support	spec/lang/08-data-and-enums.md	855	language	pending	Not yet reconciled
data.prelude.abi	spec/lang/08-data-and-enums.md	856	language	pending	Not yet reconciled
data.prelude.null	spec/lang/08-data-and-enums.md	857	language	pending	Not yet reconciled
data.repr.backend	spec/lang/08-data-and-enums.md	864	language	pending	Not yet reconciled
data.repr.no-dependence	spec/lang/08-data-and-enums.md	865	language	pending	Not yet reconciled
data.repr.gc	spec/lang/08-data-and-enums.md	866	language	pending	Not yet reconciled
data.repr.no-manual	spec/lang/08-data-and-enums.md	867	language	pending	Not yet reconciled
data.repr.runtime-only	spec/lang/08-data-and-enums.md	868	language	pending	Not yet reconciled
data.repr.cleanup	spec/lang/08-data-and-enums.md	869	language	pending	Not yet reconciled
data.repr.defer	spec/lang/08-data-and-enums.md	870	language	pending	Not yet reconciled
data.gadt.declare	spec/lang/08-data-and-enums.md	878	language	pending	Not yet reconciled
data.gadt.refine	spec/lang/08-data-and-enums.md	879	language	pending	Not yet reconciled
data.derive.members	spec/lang/08-data-and-enums.md	888	language	pending	Not yet reconciled
data.derive.payload-names	spec/lang/08-data-and-enums.md	889	language	pending	Not yet reconciled
data.derive.shared	spec/lang/08-data-and-enums.md	890	language	pending	Not yet reconciled
data.derive.gadt	spec/lang/08-data-and-enums.md	891	language	pending	Not yet reconciled
data.derive.newtype	spec/lang/08-data-and-enums.md	892	language	pending	Not yet reconciled
data.unsupported.layout	spec/lang/08-data-and-enums.md	898	language	pending	Not yet reconciled
data.unsupported.non-exhaustive	spec/lang/08-data-and-enums.md	899	language	pending	Not yet reconciled
trait.kind.shared	spec/lang/09-traits.md	8	language	pending	Not yet reconciled
trait.kind.explicit	spec/lang/09-traits.md	9	language	pending	Not yet reconciled
trait.kind.no-structural	spec/lang/09-traits.md	10	language	pending	Not yet reconciled
trait.decl.required	spec/lang/09-traits.md	33	language	pending	Not yet reconciled
trait.decl.default	spec/lang/09-traits.md	34	language	pending	Not yet reconciled
trait.decl.unique	spec/lang/09-traits.md	35	language	pending	Not yet reconciled
trait.decl.typed	spec/lang/09-traits.md	36	language	pending	Not yet reconciled
trait.decl.method	spec/lang/09-traits.md	37	language	pending	Not yet reconciled
trait.decl.mut-receiver	spec/lang/09-traits.md	38	language	pending	Not yet reconciled
trait.decl.associated-fn	spec/lang/09-traits.md	39	language	pending	Not yet reconciled
trait.default.checked-once	spec/lang/09-traits.md	49	language	pending	Not yet reconciled
trait.default.visible	spec/lang/09-traits.md	50	language	pending	Not yet reconciled
trait.default.no-self-members	spec/lang/09-traits.md	51	language	pending	Not yet reconciled
trait.default.no-self-members.error	spec/lang/09-traits.md	52	language	pending	Not yet reconciled
trait.decl.generic	spec/lang/09-traits.md	76	language	pending	Not yet reconciled
trait.decl.generic.invariant	spec/lang/09-traits.md	77	language	pending	Not yet reconciled
trait.decl.generic.no-variance	spec/lang/09-traits.md	78	language	pending	Not yet reconciled
trait.decl.generic.default	spec/lang/09-traits.md	79	language	pending	Not yet reconciled
trait.marker.decl	spec/lang/09-traits.md	98	language	pending	Not yet reconciled
trait.marker.impl	spec/lang/09-traits.md	99	language	pending	Not yet reconciled
trait.marker.all-defaults	spec/lang/09-traits.md	100	language	pending	Not yet reconciled
trait.super.bound	spec/lang/09-traits.md	113	language	pending	Not yet reconciled
trait.super.satisfy	spec/lang/09-traits.md	114	language	pending	Not yet reconciled
trait.super.missing	spec/lang/09-traits.md	115	language	pending	Not yet reconciled
trait.super.impl-bounds	spec/lang/09-traits.md	116	language	pending	Not yet reconciled
trait.super.acyclic	spec/lang/09-traits.md	117	language	pending	Not yet reconciled
trait.super.cycle-report	spec/lang/09-traits.md	118	language	pending	Not yet reconciled
trait.super.no-redeclare	spec/lang/09-traits.md	145	language	pending	Not yet reconciled
trait.super.no-redeclare.when	spec/lang/09-traits.md	146	language	pending	Not yet reconciled
trait.super.no-redeclare.kinds	spec/lang/09-traits.md	147	language	pending	Not yet reconciled
trait.super.no-redeclare.report	spec/lang/09-traits.md	148	language	pending	Not yet reconciled
trait.super.no-redeclare.example	spec/lang/09-traits.md	149	language	pending	Not yet reconciled
trait.super.no-default-override	spec/lang/09-traits.md	150	language	pending	Not yet reconciled
trait.super.defaults	spec/lang/09-traits.md	151	language	pending	Not yet reconciled
trait.assoc.declare	spec/lang/09-traits.md	177	language	pending	Not yet reconciled
trait.assoc.self	spec/lang/09-traits.md	178	language	pending	Not yet reconciled
trait.assoc.projection	spec/lang/09-traits.md	179	language	pending	Not yet reconciled
trait.assoc.ambiguous-type	spec/lang/09-traits.md	180	language	pending	Not yet reconciled
trait.assoc.bound	spec/lang/09-traits.md	181	language	pending	Not yet reconciled
trait.cmp.equality	spec/lang/09-traits.md	208	language	pending	Not yet reconciled
trait.cmp.partial-ordering	spec/lang/09-traits.md	209	language	pending	Not yet reconciled
trait.cmp.total-ordering	spec/lang/09-traits.md	210	language	pending	Not yet reconciled
trait.cmp.std-module	spec/lang/09-traits.md	212	language	pending	Not yet reconciled
trait.cmp.ordering	spec/lang/09-traits.md	213	language	pending	Not yet reconciled
trait.cmp.one-eq	spec/lang/09-traits.md	214	language	pending	Not yet reconciled
trait.cmp.reflexive	spec/lang/09-traits.md	215	language	pending	Not yet reconciled
trait.cmp.ord-agree	spec/lang/09-traits.md	216	language	pending	Not yet reconciled
trait.cmp.laws	spec/lang/09-traits.md	217	language	pending	Not yet reconciled
trait.cmp.float-eq	spec/lang/09-traits.md	218	language	pending	Not yet reconciled
trait.cmp.float-ord	spec/lang/09-traits.md	219	language	pending	Not yet reconciled
trait.cmp.operators-comparison	spec/lang/09-traits.md	220	language	pending	Not yet reconciled
trait.hash.module	spec/lang/09-traits.md	237	language	pending	Not yet reconciled
trait.hash.map-key	spec/lang/09-traits.md	238	language	pending	Not yet reconciled
trait.hash.not-inferred	spec/lang/09-traits.md	239	language	pending	Not yet reconciled
trait.hash.unverified	spec/lang/09-traits.md	240	language	pending	Not yet reconciled
trait.derive.no-automatic	spec/lang/09-traits.md	247	language	pending	Not yet reconciled
trait.derive.explicit-impl	spec/lang/09-traits.md	248	language	pending	Not yet reconciled
trait.derive.intrinsic-decl	spec/lang/09-traits.md	249	language	pending	Not yet reconciled
trait.derive.arguments	spec/lang/09-traits.md	250	language	pending	Not yet reconciled
trait.derive.generate	spec/lang/09-traits.md	251	language	pending	Not yet reconciled
trait.derive.check	spec/lang/09-traits.md	252	language	pending	Not yet reconciled
trait.derive.bounds	spec/lang/09-traits.md	253	language	pending	Not yet reconciled
trait.derive.bounds.example	spec/lang/09-traits.md	254	language	pending	Not yet reconciled
trait.derive.supertraits	spec/lang/09-traits.md	255	language	pending	Not yet reconciled
trait.derive.cmp-templates	spec/lang/09-traits.md	256	language	pending	Not yet reconciled
trait.derive.cmp-every-member	spec/lang/09-traits.md	257	language	pending	Not yet reconciled
trait.derive.templated	spec/lang/09-traits.md	258	language	pending	Not yet reconciled
trait.derive.field-missing-trait	spec/lang/09-traits.md	259	language	pending	Not yet reconciled
trait.derive.field-missing-trait.template	spec/lang/09-traits.md	260	language	pending	Not yet reconciled
trait.derive.bound-unmet	spec/lang/09-traits.md	261	language	pending	Not yet reconciled
trait.derive.owner	spec/lang/09-traits.md	262	language	pending	Not yet reconciled
trait.derive.beside-written	spec/lang/09-traits.md	263	language	pending	Not yet reconciled
trait.derive.partners.hash	spec/lang/09-traits.md	309	language	pending	Not yet reconciled
trait.derive.partners.partial-ord	spec/lang/09-traits.md	310	language	pending	Not yet reconciled
trait.derive.partners.ord	spec/lang/09-traits.md	311	language	pending	Not yet reconciled
trait.derive.partners.same-list	spec/lang/09-traits.md	313	language	pending	Not yet reconciled
trait.derive.partners.no-mix	spec/lang/09-traits.md	314	language	pending	Not yet reconciled
trait.derive.partners.error	spec/lang/09-traits.md	315	language	pending	Not yet reconciled
trait.derive.newtype	spec/lang/09-traits.md	331	language	pending	Not yet reconciled
trait.derive.newtype.base	spec/lang/09-traits.md	332	language	pending	Not yet reconciled
trait.derive.newtype.requires	spec/lang/09-traits.md	333	language	pending	Not yet reconciled
trait.derive.newtype.requires.error	spec/lang/09-traits.md	334	language	pending	Not yet reconciled
trait.derive.newtype.not-inherited	spec/lang/09-traits.md	335	language	pending	Not yet reconciled
trait.derive.newtype.templated	spec/lang/09-traits.md	336	language	pending	Not yet reconciled
trait.derive.newtype.self-positions	spec/lang/09-traits.md	337	language	pending	Not yet reconciled
trait.derive.newtype.self-error	spec/lang/09-traits.md	338	language	pending	Not yet reconciled
trait.derive.hash.seeded	spec/lang/09-traits.md	381	language	pending	Not yet reconciled
trait.from.module	spec/lang/09-traits.md	397	language	pending	Not yet reconciled
trait.from.meaning	spec/lang/09-traits.md	398	language	pending	Not yet reconciled
trait.from.import	spec/lang/09-traits.md	399	language	pending	Not yet reconciled
trait.from.propagation	spec/lang/09-traits.md	400	language	pending	Not yet reconciled
trait.from.direct	spec/lang/09-traits.md	401	language	pending	Not yet reconciled
trait.from.pure	spec/lang/09-traits.md	407	language	pending	Not yet reconciled
trait.from.row	spec/lang/09-traits.md	408	language	pending	Not yet reconciled
trait.from.signature	spec/lang/09-traits.md	409	language	pending	Not yet reconciled
trait.from.panic	spec/lang/09-traits.md	410	language	pending	Not yet reconciled
trait.from.coherence	spec/lang/09-traits.md	423	language	pending	Not yet reconciled
trait.from.owners	spec/lang/09-traits.md	424	language	pending	Not yet reconciled
trait.from.no-overlap	spec/lang/09-traits.md	425	language	pending	Not yet reconciled
trait.from.reflexive	spec/lang/09-traits.md	426	language	pending	Not yet reconciled
trait.from.trait-value	spec/lang/09-traits.md	427	language	pending	Not yet reconciled
trait.from.instantiations	spec/lang/09-traits.md	428	language	pending	Not yet reconciled
trait.from.candidates	spec/lang/09-traits.md	429	language	pending	Not yet reconciled
trait.from.no-fit	spec/lang/09-traits.md	430	language	pending	Not yet reconciled
trait.error.module	spec/lang/09-traits.md	437	language	pending	Not yet reconciled
trait.error.supertraits	spec/lang/09-traits.md	438	language	pending	Not yet reconciled
trait.error.defaults	spec/lang/09-traits.md	439	language	pending	Not yet reconciled
trait.error.complete	spec/lang/09-traits.md	440	language	pending	Not yet reconciled
trait.error.not-inspectable	spec/lang/09-traits.md	441	language	pending	Not yet reconciled
trait.error.cause	spec/lang/09-traits.md	442	language	pending	Not yet reconciled
trait.error.api-helpers	spec/lang/09-traits.md	443	language	pending	Not yet reconciled
trait.error.derive	spec/lang/09-traits.md	444	language	pending	Not yet reconciled
trait.error.import	spec/lang/09-traits.md	445	language	pending	Not yet reconciled
trait.error.no-inspect-import	spec/lang/09-traits.md	446	language	pending	Not yet reconciled
trait.error.erased	spec/lang/09-traits.md	467	language	pending	Not yet reconciled
trait.error.result	spec/lang/09-traits.md	468	language	pending	Not yet reconciled
trait.error.entry-point	spec/lang/09-traits.md	469	language	pending	Not yet reconciled
trait.error.boundary	spec/lang/09-traits.md	470	language	pending	Not yet reconciled
trait.error.convert-first	spec/lang/09-traits.md	471	language	pending	Not yet reconciled
trait.error.downcast	spec/lang/09-traits.md	472	language	pending	Not yet reconciled
trait.debug.module	spec/lang/09-traits.md	522	language	pending	Not yet reconciled
trait.debug.method	spec/lang/09-traits.md	523	language	pending	Not yet reconciled
trait.debug.writer	spec/lang/09-traits.md	524	language	pending	Not yet reconciled
trait.debug.std-impls	spec/lang/09-traits.md	525	language	pending	Not yet reconciled
trait.debug.tuples	spec/lang/09-traits.md	526	language	pending	Not yet reconciled
trait.debug.tuples.rest	spec/lang/09-traits.md	527	language	pending	Not yet reconciled
trait.debug.derive	spec/lang/09-traits.md	528	language	pending	Not yet reconciled
trait.debug.not-display	spec/lang/09-traits.md	529	language	pending	Not yet reconciled
trait.debug.writer-import	spec/lang/09-traits.md	530	language	pending	Not yet reconciled
trait.impl.explicit	spec/lang/09-traits.md	558	language	pending	Not yet reconciled
trait.impl.required	spec/lang/09-traits.md	559	language	pending	Not yet reconciled
trait.impl.fill	spec/lang/09-traits.md	560	language	pending	Not yet reconciled
trait.impl.fill.never	spec/lang/09-traits.md	561	language	pending	Not yet reconciled
trait.impl.override	spec/lang/09-traits.md	562	language	pending	Not yet reconciled
trait.impl.signature	spec/lang/09-traits.md	563	language	pending	Not yet reconciled
trait.impl.extra-methods	spec/lang/09-traits.md	564	language	pending	Not yet reconciled
trait.impl.unique	spec/lang/09-traits.md	565	language	pending	Not yet reconciled
trait.impl.generics	spec/lang/09-traits.md	577	language	pending	Not yet reconciled
trait.impl.generics.count	spec/lang/09-traits.md	578	language	pending	Not yet reconciled
trait.impl.generics.markers	spec/lang/09-traits.md	579	language	pending	Not yet reconciled
trait.impl.generics.bounds	spec/lang/09-traits.md	580	language	pending	Not yet reconciled
trait.impl.generics.default	spec/lang/09-traits.md	581	language	pending	Not yet reconciled
trait.impl.generics.fixed-bounds	spec/lang/09-traits.md	582	language	pending	Not yet reconciled
trait.impl.generics.error	spec/lang/09-traits.md	583	language	pending	Not yet reconciled
trait.impl.local	spec/lang/09-traits.md	600	language	pending	Not yet reconciled
trait.impl.local.trait	spec/lang/09-traits.md	601	language	pending	Not yet reconciled
trait.impl.local.inherent	spec/lang/09-traits.md	602	language	pending	Not yet reconciled
trait.impl.local.nonlocal	spec/lang/09-traits.md	603	language	pending	Not yet reconciled
trait.impl.local.checks	spec/lang/09-traits.md	604	language	pending	Not yet reconciled
trait.impl.local.no-second	spec/lang/09-traits.md	605	language	source-reconciled-validation-pending	REPORT.md A01; subsystem and challenge evidence
trait.impl.local.no-capture	spec/lang/09-traits.md	606	language	pending	Not yet reconciled
trait.impl.local.lookup	spec/lang/09-traits.md	607	language	source-reconciled-validation-pending	REPORT.md A01; subsystem and challenge evidence
trait.impl.intrinsic	spec/lang/09-traits.md	622	language	pending	Not yet reconciled
trait.impl.intrinsic.std-only	spec/lang/09-traits.md	623	language	pending	Not yet reconciled
trait.impl.intrinsic.operation	spec/lang/09-traits.md	624	language	pending	Not yet reconciled
trait.impl.intrinsic.rules	spec/lang/09-traits.md	625	language	pending	Not yet reconciled
trait.impl.intrinsic.inline	spec/lang/09-traits.md	626	language	pending	Not yet reconciled
trait.target.declaration	spec/lang/09-traits.md	654	language	pending	Not yet reconciled
trait.target.builtin	spec/lang/09-traits.md	655	language	pending	Not yet reconciled
trait.target.tuple	spec/lang/09-traits.md	656	language	pending	Not yet reconciled
trait.target.function-type	spec/lang/09-traits.md	657	language	pending	Not yet reconciled
trait.target.constructor	spec/lang/09-traits.md	659	language	pending	Not yet reconciled
trait.target.tuple.valid	spec/lang/09-traits.md	660	language	pending	Not yet reconciled
trait.target.tuple.arity	spec/lang/09-traits.md	661	language	pending	Not yet reconciled
trait.target.option	spec/lang/09-traits.md	662	language	pending	Not yet reconciled
trait.target.arguments	spec/lang/09-traits.md	663	language	pending	Not yet reconciled
trait.target.bare-parameter	spec/lang/09-traits.md	664	language	pending	Not yet reconciled
trait.target.numeric-family	spec/lang/09-traits.md	665	language	pending	Not yet reconciled
trait.target.numeric-family.each	spec/lang/09-traits.md	666	language	pending	Not yet reconciled
trait.target.numeric-family.example	spec/lang/09-traits.md	667	language	pending	Not yet reconciled
trait.target.no-blanket	spec/lang/09-traits.md	668	language	pending	Not yet reconciled
trait.target.function-type.valid	spec/lang/09-traits.md	669	language	pending	Not yet reconciled
trait.target.row-argument	spec/lang/09-traits.md	670	language	pending	Not yet reconciled
trait.target.row-argument.extension	spec/lang/09-traits.md	671	language	pending	Not yet reconciled
trait.target.trait-value	spec/lang/09-traits.md	672	language	pending	Not yet reconciled
trait.target.trait-value.error	spec/lang/09-traits.md	673	language	pending	Not yet reconciled
trait.target.trait-value.argument	spec/lang/09-traits.md	674	language	pending	Not yet reconciled
trait.target.no-mut	spec/lang/09-traits.md	675	language	pending	Not yet reconciled
trait.target.permission	spec/lang/09-traits.md	676	language	pending	Not yet reconciled
trait.target.both-views	spec/lang/09-traits.md	677	language	pending	Not yet reconciled
trait.target.mut-self	spec/lang/09-traits.md	678	language	pending	Not yet reconciled
trait.target.inner-mut	spec/lang/09-traits.md	679	language	pending	Not yet reconciled
trait.target.inner-mut.distinct	spec/lang/09-traits.md	680	language	pending	Not yet reconciled
trait.target.template	spec/lang/09-traits.md	681	language	pending	Not yet reconciled
trait.target.tuple.templates	spec/lang/09-traits.md	729	language	pending	Not yet reconciled
trait.target.tuple.no-limit	spec/lang/09-traits.md	730	language	pending	Not yet reconciled
trait.own.trait	spec/lang/09-traits.md	753	language	pending	Not yet reconciled
trait.own.target	spec/lang/09-traits.md	754	language	pending	Not yet reconciled
trait.own.argument	spec/lang/09-traits.md	755	language	pending	Not yet reconciled
trait.own.rule	spec/lang/09-traits.md	757	language	pending	Not yet reconciled
trait.own.orphan	spec/lang/09-traits.md	758	language	pending	Not yet reconciled
trait.own.no-orphan-exception	spec/lang/09-traits.md	759	language	pending	Not yet reconciled
trait.own.argument.example	spec/lang/09-traits.md	760	language	pending	Not yet reconciled
trait.own.bare-parameter	spec/lang/09-traits.md	761	language	pending	Not yet reconciled
trait.own.aliases	spec/lang/09-traits.md	762	language	pending	Not yet reconciled
trait.own.std	spec/lang/09-traits.md	763	language	pending	Not yet reconciled
trait.own.optional	spec/lang/09-traits.md	764	language	pending	Not yet reconciled
trait.own.std.function	spec/lang/09-traits.md	765	language	pending	Not yet reconciled
trait.own.inherent	spec/lang/09-traits.md	766	language	pending	Not yet reconciled
trait.own.inherent.target-kinds	spec/lang/09-traits.md	767	language	pending	Not yet reconciled
trait.own.inherent.tuple-alias	spec/lang/09-traits.md	768	language	pending	Not yet reconciled
trait.own.inherent.trait-value	spec/lang/09-traits.md	769	language	pending	Not yet reconciled
trait.own.inherent.std	spec/lang/09-traits.md	770	language	pending	Not yet reconciled
trait.own.inherent.std.no-use	spec/lang/09-traits.md	771	language	pending	Not yet reconciled
trait.own.inherent.std.no-tuple	spec/lang/09-traits.md	772	language	pending	Not yet reconciled
trait.own.graph	spec/lang/09-traits.md	773	language	pending	Not yet reconciled
trait.own.module.inherent-target	spec/lang/09-traits.md	814	language	pending	Not yet reconciled
trait.own.module.inherent.std	spec/lang/09-traits.md	815	language	pending	Not yet reconciled
trait.own.module.trait	spec/lang/09-traits.md	816	language	pending	Not yet reconciled
trait.own.module.error	spec/lang/09-traits.md	817	language	pending	Not yet reconciled
trait.own.module.generated	spec/lang/09-traits.md	818	language	pending	Not yet reconciled
trait.overlap.generic	spec/lang/09-traits.md	835	language	pending	Not yet reconciled
trait.overlap.constrained-head	spec/lang/09-traits.md	836	language	pending	Not yet reconciled
trait.overlap.constrained-binding	spec/lang/09-traits.md	837	language	pending	Not yet reconciled
trait.overlap.definition	spec/lang/09-traits.md	838	language	pending	Not yet reconciled
trait.overlap.unify	spec/lang/09-traits.md	839	language	pending	Not yet reconciled
trait.overlap.heads-only	spec/lang/09-traits.md	840	language	pending	Not yet reconciled
trait.overlap.no-bounds	spec/lang/09-traits.md	841	language	pending	Not yet reconciled
trait.overlap.numeric-family	spec/lang/09-traits.md	842	language	pending	Not yet reconciled
trait.overlap.error	spec/lang/09-traits.md	843	language	pending	Not yet reconciled
trait.inherent.decl	spec/lang/09-traits.md	919	language	pending	Not yet reconciled
trait.inherent.members	spec/lang/09-traits.md	920	language	pending	Not yet reconciled
trait.inherent.owner	spec/lang/09-traits.md	921	language	pending	Not yet reconciled
trait.inherent.vs-trait	spec/lang/09-traits.md	922	language	pending	Not yet reconciled
trait.inherent.private	spec/lang/09-traits.md	934	language	pending	Not yet reconciled
trait.vis.trait-methods	spec/lang/09-traits.md	935	language	pending	Not yet reconciled
trait.vis.no-pub	spec/lang/09-traits.md	936	language	pending	Not yet reconciled
trait.vis.uniform	spec/lang/09-traits.md	937	language	pending	Not yet reconciled
trait.inherent.unique-unifying	spec/lang/09-traits.md	941	language	pending	Not yet reconciled
trait.inherent.unique-unifying.disjoint	spec/lang/09-traits.md	942	language	pending	Not yet reconciled
trait.inherent.unique-unifying.unify	spec/lang/09-traits.md	943	language	pending	Not yet reconciled
trait.inherent.target-match	spec/lang/09-traits.md	944	language	pending	Not yet reconciled
trait.inherent.field-names	spec/lang/09-traits.md	945	language	pending	Not yet reconciled
trait.inherent.no-overloading	spec/lang/09-traits.md	946	language	pending	Not yet reconciled
trait.inherent.assoc-call	spec/lang/09-traits.md	979	language	pending	Not yet reconciled
trait.resolve.lookup	spec/lang/09-traits.md	986	language	pending	Not yet reconciled
trait.resolve.lookup.kinds	spec/lang/09-traits.md	987	language	pending	Not yet reconciled
trait.resolve.no-field	spec/lang/09-traits.md	988	language	pending	Not yet reconciled
trait.avail.module	spec/lang/09-traits.md	997	language	pending	Not yet reconciled
trait.avail.scope	spec/lang/09-traits.md	998	language	pending	Not yet reconciled
trait.avail.prelude	spec/lang/09-traits.md	999	language	pending	Not yet reconciled
trait.avail.concrete	spec/lang/09-traits.md	1001	language	pending	Not yet reconciled
trait.avail.generic	spec/lang/09-traits.md	1002	language	pending	Not yet reconciled
trait.avail.dynamic	spec/lang/09-traits.md	1003	language	pending	Not yet reconciled
trait.avail.no-injection	spec/lang/09-traits.md	1004	language	pending	Not yet reconciled
trait.avail.not-candidate	spec/lang/09-traits.md	1005	language	pending	Not yet reconciled
trait.avail.as-absent	spec/lang/09-traits.md	1006	language	pending	Not yet reconciled
trait.avail.suggest	spec/lang/09-traits.md	1007	language	pending	Not yet reconciled
trait.resolve.inherent-first	spec/lang/09-traits.md	1011	language	pending	Not yet reconciled
trait.resolve.ambiguous	spec/lang/09-traits.md	1018	language	pending	Not yet reconciled
trait.resolve.ambiguous.defaults	spec/lang/09-traits.md	1019	language	pending	Not yet reconciled
trait.resolve.no-ranking	spec/lang/09-traits.md	1020	language	pending	Not yet reconciled
trait.resolve.qualified-fix	spec/lang/09-traits.md	1021	language	pending	Not yet reconciled
trait.resolve.instantiation	spec/lang/09-traits.md	1045	language	pending	Not yet reconciled
trait.resolve.instantiation.candidate	spec/lang/09-traits.md	1046	language	pending	Not yet reconciled
trait.resolve.fits	spec/lang/09-traits.md	1047	language	source-reconciled-validation-pending	REPORT.md A05; subsystem and challenge evidence
trait.resolve.fits.expected	spec/lang/09-traits.md	1048	language	source-reconciled-validation-pending	REPORT.md A05; subsystem and challenge evidence
trait.resolve.one-fit	spec/lang/09-traits.md	1049	language	source-reconciled-validation-pending	REPORT.md A05; subsystem and challenge evidence
trait.resolve.literal-default	spec/lang/09-traits.md	1050	language	pending	Not yet reconciled
trait.resolve.literal-default.example	spec/lang/09-traits.md	1051	language	pending	Not yet reconciled
trait.resolve.many-fit	spec/lang/09-traits.md	1052	language	pending	Not yet reconciled
trait.resolve.no-fit	spec/lang/09-traits.md	1053	language	pending	Not yet reconciled
trait.resolve.one-trait-only	spec/lang/09-traits.md	1054	language	pending	Not yet reconciled
trait.qualified.form	spec/lang/09-traits.md	1084	language	pending	Not yet reconciled
trait.qualified.receiver	spec/lang/09-traits.md	1085	language	pending	Not yet reconciled
trait.qualified.arguments	spec/lang/09-traits.md	1086	language	pending	Not yet reconciled
trait.qualified.bypass	spec/lang/09-traits.md	1087	language	pending	Not yet reconciled
trait.qualified.type-arguments	spec/lang/09-traits.md	1088	language	pending	Not yet reconciled
trait.qualified.trait-arguments	spec/lang/09-traits.md	1089	language	pending	Not yet reconciled
trait.qualified.generic-rules	spec/lang/09-traits.md	1090	language	pending	Not yet reconciled
trait.assoc-call.type	spec/lang/09-traits.md	1115	language	pending	Not yet reconciled
trait.assoc-call.type.traits	spec/lang/09-traits.md	1116	language	pending	Not yet reconciled
trait.assoc-call.type.ambiguous	spec/lang/09-traits.md	1117	language	pending	Not yet reconciled
trait.assoc-call.type.none	spec/lang/09-traits.md	1118	language	pending	Not yet reconciled
trait.assoc-call.parameter	spec/lang/09-traits.md	1119	language	pending	Not yet reconciled
trait.assoc-call.parameter.one	spec/lang/09-traits.md	1120	language	pending	Not yet reconciled
trait.assoc-call.parameter.static	spec/lang/09-traits.md	1121	language	pending	Not yet reconciled
trait.assoc-call.trait	spec/lang/09-traits.md	1122	language	pending	Not yet reconciled
trait.assoc-call.trait.undetermined	spec/lang/09-traits.md	1123	language	pending	Not yet reconciled
trait.bound.static	spec/lang/09-traits.md	1146	language	pending	Not yet reconciled
trait.bound.compose-and	spec/lang/09-traits.md	1147	language	pending	Not yet reconciled
trait.bound.repeat	spec/lang/09-traits.md	1148	language	pending	Not yet reconciled
trait.bound.mut	spec/lang/09-traits.md	1149	language	pending	Not yet reconciled
trait.bound.mut-any	spec/lang/09-traits.md	1150	language	pending	Not yet reconciled
trait.bound.supertraits	spec/lang/09-traits.md	1151	language	pending	Not yet reconciled
trait.bound.unsatisfied	spec/lang/09-traits.md	1152	language	pending	Not yet reconciled
trait.bound.unsatisfied.cases	spec/lang/09-traits.md	1153	language	pending	Not yet reconciled
trait.bound.depth	spec/lang/09-traits.md	1154	language	pending	Not yet reconciled
trait.bound.depth.limit	spec/lang/09-traits.md	1155	language	pending	Not yet reconciled
trait.bound.depth.fixed	spec/lang/09-traits.md	1156	language	pending	Not yet reconciled
trait.bound.representation	spec/lang/09-traits.md	1157	language	pending	Not yet reconciled
trait.bound.representation.semantics	spec/lang/09-traits.md	1158	language	pending	Not yet reconciled
trait.binding.form	spec/lang/09-traits.md	1220	language	pending	Not yet reconciled
trait.binding.meaning	spec/lang/09-traits.md	1221	language	pending	Not yet reconciled
trait.binding.equality	spec/lang/09-traits.md	1222	language	pending	Not yet reconciled
trait.binding.inside	spec/lang/09-traits.md	1223	language	pending	Not yet reconciled
trait.binding.interchangeable	spec/lang/09-traits.md	1224	language	pending	Not yet reconciled
trait.binding.use-site	spec/lang/09-traits.md	1225	language	pending	Not yet reconciled
trait.binding.inference	spec/lang/09-traits.md	1226	language	pending	Not yet reconciled
trait.binding.mismatch	spec/lang/09-traits.md	1227	language	pending	Not yet reconciled
trait.binding.reachable	spec/lang/09-traits.md	1228	language	pending	Not yet reconciled
trait.binding.reachable.example	spec/lang/09-traits.md	1229	language	pending	Not yet reconciled
trait.binding.scope	spec/lang/09-traits.md	1247	language	pending	Not yet reconciled
trait.binding.name-reach	spec/lang/09-traits.md	1248	language	pending	Not yet reconciled
trait.binding.name-reach.meaning	spec/lang/09-traits.md	1249	language	pending	Not yet reconciled
trait.binding.name-reach.ambiguous-type	spec/lang/09-traits.md	1250	language	pending	Not yet reconciled
trait.binding.once	spec/lang/09-traits.md	1251	language	pending	Not yet reconciled
trait.binding.once.error	spec/lang/09-traits.md	1252	language	pending	Not yet reconciled
trait.binding.positions-key	spec/lang/09-traits.md	1283	language	pending	Not yet reconciled
trait.binding.rejected-trait-type	spec/lang/09-traits.md	1284	language	pending	Not yet reconciled
trait.binding.non-trait	spec/lang/09-traits.md	1285	language	pending	Not yet reconciled
trait.binding.ambiguous-projection	spec/lang/09-traits.md	1286	language	pending	Not yet reconciled
trait.binding.super.form	spec/lang/09-traits.md	1302	language	pending	Not yet reconciled
trait.binding.super.meaning	spec/lang/09-traits.md	1303	language	pending	Not yet reconciled
trait.binding.super.projection	spec/lang/09-traits.md	1304	language	pending	Not yet reconciled
trait.binding.super.mismatch	spec/lang/09-traits.md	1305	language	pending	Not yet reconciled
trait.binding.super.names	spec/lang/09-traits.md	1306	language	pending	Not yet reconciled
trait.dyn.form	spec/lang/09-traits.md	1334	language	pending	Not yet reconciled
trait.dyn.contents	spec/lang/09-traits.md	1335	language	pending	Not yet reconciled
trait.dyn.no-dyn	spec/lang/09-traits.md	1336	language	pending	Not yet reconciled
trait.dyn.methods-supertraits	spec/lang/09-traits.md	1337	language	pending	Not yet reconciled
trait.dyn.safe	spec/lang/09-traits.md	1341	language	pending	Not yet reconciled
trait.dyn.safe.one-copy	spec/lang/09-traits.md	1342	language	pending	Not yet reconciled
trait.dyn.safe.error	spec/lang/09-traits.md	1343	language	pending	Not yet reconciled
trait.dyn.safe.assoc-type	spec/lang/09-traits.md	1349	language	pending	Not yet reconciled
trait.dyn.safe.assoc-function	spec/lang/09-traits.md	1350	language	pending	Not yet reconciled
trait.dyn.safe.anyref-type-param	spec/lang/09-traits.md	1351	language	pending	Not yet reconciled
trait.dyn.safe.self	spec/lang/09-traits.md	1352	language	pending	Not yet reconciled
trait.dyn.safe.suspending	spec/lang/09-traits.md	1353	language	pending	Not yet reconciled
trait.dyn.safe.row-parameter	spec/lang/09-traits.md	1354	language	pending	Not yet reconciled
trait.dyn.static-still	spec/lang/09-traits.md	1356	language	pending	Not yet reconciled
trait.dyn.generic-trait	spec/lang/09-traits.md	1357	language	pending	Not yet reconciled
trait.dyn.generic-trait.self-default	spec/lang/09-traits.md	1358	language	pending	Not yet reconciled
trait.dyn.binding.form	spec/lang/09-traits.md	1404	language	pending	Not yet reconciled
trait.dyn.binding.complete	spec/lang/09-traits.md	1405	language	pending	Not yet reconciled
trait.dyn.binding.names	spec/lang/09-traits.md	1406	language	pending	Not yet reconciled
trait.dyn.binding.signatures	spec/lang/09-traits.md	1407	language	pending	Not yet reconciled
trait.dyn.binding.convert	spec/lang/09-traits.md	1408	language	pending	Not yet reconciled
trait.dyn.binding.identity	spec/lang/09-traits.md	1409	language	pending	Not yet reconciled
trait.dyn.binding.widen	spec/lang/09-traits.md	1410	language	pending	Not yet reconciled
trait.dyn.binding.no-function	spec/lang/09-traits.md	1411	language	pending	Not yet reconciled
trait.dyn.supertrait-methods	spec/lang/09-traits.md	1436	language	pending	Not yet reconciled
trait.dyn.widen	spec/lang/09-traits.md	1437	language	pending	Not yet reconciled
trait.dyn.no-narrow	spec/lang/09-traits.md	1438	language	pending	Not yet reconciled
trait.dyn.recover	spec/lang/09-traits.md	1439	language	pending	Not yet reconciled
trait.dyn.bound	spec/lang/09-traits.md	1457	language	pending	Not yet reconciled
trait.dyn.bound.projection	spec/lang/09-traits.md	1458	language	pending	Not yet reconciled
trait.dyn.bound.binding	spec/lang/09-traits.md	1459	language	pending	Not yet reconciled
trait.dyn.bound.instantiation	spec/lang/09-traits.md	1460	language	pending	Not yet reconciled
trait.dyn.bound.dispatch	spec/lang/09-traits.md	1461	language	pending	Not yet reconciled
trait.dyn.bound.mut	spec/lang/09-traits.md	1462	language	pending	Not yet reconciled
trait.dyn.bound.no-impl	spec/lang/09-traits.md	1463	language	pending	Not yet reconciled
trait.dyn.convert	spec/lang/09-traits.md	1471	language	pending	Not yet reconciled
trait.dyn.convert.any-type	spec/lang/09-traits.md	1472	language	pending	Not yet reconciled
trait.dyn.mut	spec/lang/09-traits.md	1473	language	pending	Not yet reconciled
trait.dyn.type-test	spec/lang/09-traits.md	1474	language	pending	Not yet reconciled
trait.dyn.no-trait-test	spec/lang/09-traits.md	1475	language	pending	Not yet reconciled
trait.any.universal	spec/lang/09-traits.md	1483	language	pending	Not yet reconciled
trait.any.all	spec/lang/09-traits.md	1484	language	pending	Not yet reconciled
trait.any.never	spec/lang/09-traits.md	1485	language	pending	Not yet reconciled
trait.any.erases	spec/lang/09-traits.md	1486	language	pending	Not yet reconciled
trait.any.optional	spec/lang/09-traits.md	1487	language	pending	Not yet reconciled
trait.any.none	spec/lang/09-traits.md	1488	language	pending	Not yet reconciled
trait.any.mut	spec/lang/09-traits.md	1489	language	pending	Not yet reconciled
trait.sealed.any	spec/lang/09-traits.md	1502	language	pending	Not yet reconciled
trait.sealed.anyval-types	spec/lang/09-traits.md	1503	language	pending	Not yet reconciled
trait.sealed.anyref	spec/lang/09-traits.md	1504	language	pending	Not yet reconciled
trait.sealed.suspend	spec/lang/09-traits.md	1505	language	pending	Not yet reconciled
trait.sealed.inspectable	spec/lang/09-traits.md	1506	language	pending	Not yet reconciled
trait.sealed.structure	spec/lang/09-traits.md	1507	language	pending	Not yet reconciled
trait.sealed.num	spec/lang/09-traits.md	1508	language	pending	Not yet reconciled
trait.sealed.integer	spec/lang/09-traits.md	1509	language	pending	Not yet reconciled
trait.sealed.float	spec/lang/09-traits.md	1510	language	pending	Not yet reconciled
trait.sealed.tuple	spec/lang/09-traits.md	1511	language	pending	Not yet reconciled
trait.sealed.definition	spec/lang/09-traits.md	1513	language	pending	Not yet reconciled
trait.sealed.list	spec/lang/09-traits.md	1514	language	pending	Not yet reconciled
trait.sealed.use-positions-structure	spec/lang/09-traits.md	1515	language	pending	Not yet reconciled
trait.sealed.no-user-impl	spec/lang/09-traits.md	1516	language	pending	Not yet reconciled
trait.sealed.user-impl	spec/lang/09-traits.md	1517	language	pending	Not yet reconciled
trait.sealed.supplied	spec/lang/09-traits.md	1535	language	pending	Not yet reconciled
trait.sealed.behaves	spec/lang/09-traits.md	1536	language	pending	Not yet reconciled
trait.sealed.no-replace	spec/lang/09-traits.md	1537	language	pending	Not yet reconciled
trait.sealed.member-names	spec/lang/09-traits.md	1538	language	pending	Not yet reconciled
trait.sealed.member-names.impl	spec/lang/09-traits.md	1539	language	pending	Not yet reconciled
trait.sealed.member-names.error	spec/lang/09-traits.md	1540	language	pending	Not yet reconciled
trait.sealed.inherent-ok	spec/lang/09-traits.md	1541	language	pending	Not yet reconciled
trait.sealed.inherent-lookup	spec/lang/09-traits.md	1542	language	pending	Not yet reconciled
trait.sealed.extend	spec/lang/09-traits.md	1546	language	pending	Not yet reconciled
trait.sealed.extend.members	spec/lang/09-traits.md	1547	language	pending	Not yet reconciled
trait.sealed.extend.missing	spec/lang/09-traits.md	1548	language	pending	Not yet reconciled
trait.num.num-ordered	spec/lang/09-traits.md	1579	language	pending	Not yet reconciled
trait.num.integer	spec/lang/09-traits.md	1580	language	pending	Not yet reconciled
trait.num.float	spec/lang/09-traits.md	1581	language	pending	Not yet reconciled
trait.num.module	spec/lang/09-traits.md	1583	language	pending	Not yet reconciled
trait.num.sealed	spec/lang/09-traits.md	1584	language	pending	Not yet reconciled
trait.num.not-newtypes	spec/lang/09-traits.md	1585	language	pending	Not yet reconciled
trait.num.members	spec/lang/09-traits.md	1586	language	pending	Not yet reconciled
trait.num.zero-one	spec/lang/09-traits.md	1587	language	pending	Not yet reconciled
trait.num.from-i64-checked	spec/lang/09-traits.md	1588	language	pending	Not yet reconciled
trait.num.from-i64-cast	spec/lang/09-traits.md	1589	language	pending	Not yet reconciled
trait.num.division	spec/lang/09-traits.md	1590	language	pending	Not yet reconciled
trait.num.std-operators	spec/lang/09-traits.md	1591	language	pending	Not yet reconciled
trait.rtti.module	spec/lang/09-traits.md	1657	language	pending	Not yet reconciled
trait.rtti.import	spec/lang/09-traits.md	1658	language	pending	Not yet reconciled
trait.rtti.surface	spec/lang/09-traits.md	1659	language	pending	Not yet reconciled
trait.rtti.defaults	spec/lang/09-traits.md	1660	language	pending	Not yet reconciled
trait.inspect.sealed	spec/lang/09-traits.md	1664	language	pending	Not yet reconciled
trait.inspect.safe	spec/lang/09-traits.md	1665	language	pending	Not yet reconciled
trait.inspect.supplied	spec/lang/09-traits.md	1666	language	pending	Not yet reconciled
trait.inspect.supplied.members	spec/lang/09-traits.md	1667	language	pending	Not yet reconciled
trait.inspect.runtime-type	spec/lang/09-traits.md	1668	language	pending	Not yet reconciled
trait.inspect.static	spec/lang/09-traits.md	1669	language	pending	Not yet reconciled
trait.inspect.dynamic	spec/lang/09-traits.md	1670	language	pending	Not yet reconciled
trait.typeid.opaque	spec/lang/09-traits.md	1676	language	pending	Not yet reconciled
trait.typeid.traits	spec/lang/09-traits.md	1677	language	pending	Not yet reconciled
trait.typeid.of	spec/lang/09-traits.md	1678	language	pending	Not yet reconciled
trait.typeid.equality	spec/lang/09-traits.md	1679	language	pending	Not yet reconciled
trait.typeid.no-ops	spec/lang/09-traits.md	1680	language	pending	Not yet reconciled
trait.typeid.no-trait-query	spec/lang/09-traits.md	1681	language	pending	Not yet reconciled
trait.identity.definition	spec/lang/09-traits.md	1685	language	pending	Not yet reconciled
trait.identity.normalize	spec/lang/09-traits.md	1686	language	pending	Not yet reconciled
trait.identity.inner-mut	spec/lang/09-traits.md	1687	language	pending	Not yet reconciled
trait.identity.declarations	spec/lang/09-traits.md	1688	language	pending	Not yet reconciled
trait.identity.trait-value	spec/lang/09-traits.md	1689	language	pending	Not yet reconciled
trait.identity.alias	spec/lang/09-traits.md	1695	language	pending	Not yet reconciled
trait.identity.newtype	spec/lang/09-traits.md	1696	language	pending	Not yet reconciled
trait.identity.arguments	spec/lang/09-traits.md	1697	language	pending	Not yet reconciled
trait.identity.outer-mut	spec/lang/09-traits.md	1698	language	pending	Not yet reconciled
trait.identity.inner-permission	spec/lang/09-traits.md	1699	language	pending	Not yet reconciled
trait.identity.no-conversion	spec/lang/09-traits.md	1700	language	pending	Not yet reconciled
trait.identity.modules	spec/lang/09-traits.md	1701	language	pending	Not yet reconciled
trait.typeid.build	spec/lang/09-traits.md	1707	language	pending	Not yet reconciled
trait.typeid.stable	spec/lang/09-traits.md	1708	language	pending	Not yet reconciled
trait.typeid.cross-build	spec/lang/09-traits.md	1709	language	pending	Not yet reconciled
trait.typeid.boundary	spec/lang/09-traits.md	1710	language	pending	Not yet reconciled
trait.typeid.name	spec/lang/09-traits.md	1711	language	pending	Not yet reconciled
trait.typeid.name.no-parse	spec/lang/09-traits.md	1712	language	pending	Not yet reconciled
trait.typeid.name.prelude	spec/lang/09-traits.md	1716	language	pending	Not yet reconciled
trait.typeid.name.qualified	spec/lang/09-traits.md	1717	language	pending	Not yet reconciled
trait.typeid.name.option	spec/lang/09-traits.md	1718	language	pending	Not yet reconciled
trait.typeid.name.tuple	spec/lang/09-traits.md	1719	language	pending	Not yet reconciled
trait.typeid.name.separator	spec/lang/09-traits.md	1720	language	pending	Not yet reconciled
trait.typeid.name.inner-mut	spec/lang/09-traits.md	1721	language	pending	Not yet reconciled
trait.typeid.name.outer-mut	spec/lang/09-traits.md	1722	language	pending	Not yet reconciled
trait.inspectable.primitive	spec/lang/09-traits.md	1736	language	pending	Not yet reconciled
trait.inspectable.declared	spec/lang/09-traits.md	1737	language	pending	Not yet reconciled
trait.inspectable.collections	spec/lang/09-traits.md	1738	language	pending	Not yet reconciled
trait.inspectable.dynamic	spec/lang/09-traits.md	1739	language	pending	Not yet reconciled
trait.inspectable.parameter	spec/lang/09-traits.md	1740	language	pending	Not yet reconciled
trait.inspectable.exact	spec/lang/09-traits.md	1742	language	pending	Not yet reconciled
trait.inspectable.option	spec/lang/09-traits.md	1743	language	pending	Not yet reconciled
trait.inspectable.fields	spec/lang/09-traits.md	1744	language	pending	Not yet reconciled
trait.inspectable.argument-only	spec/lang/09-traits.md	1745	language	pending	Not yet reconciled
trait.inspectable.argument-examples	spec/lang/09-traits.md	1746	language	pending	Not yet reconciled
trait.inspectable.not.function	spec/lang/09-traits.md	1754	language	pending	Not yet reconciled
trait.inspectable.not.suspend	spec/lang/09-traits.md	1755	language	pending	Not yet reconciled
trait.inspectable.not.local	spec/lang/09-traits.md	1756	language	pending	Not yet reconciled
trait.inspectable.not.never	spec/lang/09-traits.md	1757	language	pending	Not yet reconciled
trait.inspectable.not.argument	spec/lang/09-traits.md	1758	language	pending	Not yet reconciled
trait.inspectable.not.parameter	spec/lang/09-traits.md	1759	language	pending	Not yet reconciled
trait.inspectable.dynamic-values	spec/lang/09-traits.md	1761	language	pending	Not yet reconciled
trait.inspectable.one-way	spec/lang/09-traits.md	1762	language	pending	Not yet reconciled
trait.erase.expected	spec/lang/09-traits.md	1769	language	pending	Not yet reconciled
trait.erase.no-cast	spec/lang/09-traits.md	1770	language	pending	Not yet reconciled
trait.erase.child-impl	spec/lang/09-traits.md	1771	language	pending	Not yet reconciled
trait.erase.recorded	spec/lang/09-traits.md	1772	language	pending	Not yet reconciled
trait.erase.parameter	spec/lang/09-traits.md	1773	language	pending	Not yet reconciled
trait.erase.built	spec/lang/09-traits.md	1774	language	pending	Not yet reconciled
trait.erase.weakened	spec/lang/09-traits.md	1775	language	pending	Not yet reconciled
trait.erase.bound-required	spec/lang/09-traits.md	1776	language	pending	Not yet reconciled
trait.erase.widen	spec/lang/09-traits.md	1777	language	pending	Not yet reconciled
trait.erase.keeps	spec/lang/09-traits.md	1778	language	pending	Not yet reconciled
trait.erase.mut	spec/lang/09-traits.md	1779	language	pending	Not yet reconciled
trait.erase.mut.source	spec/lang/09-traits.md	1780	language	pending	Not yet reconciled
trait.downcast.some	spec/lang/09-traits.md	1815	language	pending	Not yet reconciled
trait.downcast.mut	spec/lang/09-traits.md	1816	language	pending	Not yet reconciled
trait.downcast.val	spec/lang/09-traits.md	1817	language	pending	Not yet reconciled
trait.downcast.val.readonly	spec/lang/09-traits.md	1818	language	pending	Not yet reconciled
trait.downcast.exact	spec/lang/09-traits.md	1819	language	pending	Not yet reconciled
trait.downcast.no-conversion	spec/lang/09-traits.md	1820	language	pending	Not yet reconciled
trait.downcast.optional	spec/lang/09-traits.md	1821	language	pending	Not yet reconciled
trait.downcast.same-reference	spec/lang/09-traits.md	1822	language	pending	Not yet reconciled
trait.downcast.unboxed	spec/lang/09-traits.md	1823	language	pending	Not yet reconciled
trait.downcast.ordinary	spec/lang/09-traits.md	1830	language	pending	Not yet reconciled
trait.downcast.val-ordinary	spec/lang/09-traits.md	1831	language	pending	Not yet reconciled
trait.downcast.no-special	spec/lang/09-traits.md	1832	language	pending	Not yet reconciled
trait.downcast.evidence	spec/lang/09-traits.md	1833	language	pending	Not yet reconciled
trait.downcast.pass-on	spec/lang/09-traits.md	1834	language	pending	Not yet reconciled
trait.downcast.readonly	spec/lang/09-traits.md	1835	language	pending	Not yet reconciled
trait.downcast.mut-receiver	spec/lang/09-traits.md	1836	language	pending	Not yet reconciled
trait.downcast.target	spec/lang/09-traits.md	1837	language	pending	Not yet reconciled
trait.downcast.visibility	spec/lang/09-traits.md	1838	language	pending	Not yet reconciled
trait.downcast.bound	spec/lang/09-traits.md	1839	language	pending	Not yet reconciled
trait.downcast.bound.examples	spec/lang/09-traits.md	1840	language	pending	Not yet reconciled
trait.limit.no-trait-tests	spec/lang/09-traits.md	1851	language	pending	Not yet reconciled
trait.limit.no-requirement-keys	spec/lang/09-traits.md	1852	language	pending	Not yet reconciled
trait.limit.signatures	spec/lang/09-traits.md	1853	language	pending	Not yet reconciled
trait.limit.signatures.branch	spec/lang/09-traits.md	1854	language	pending	Not yet reconciled
trait.limit.deterministic	spec/lang/09-traits.md	1855	language	pending	Not yet reconciled
trait.embed.no-conformance	spec/lang/09-traits.md	1864	language	pending	Not yet reconciled
trait.by.form	spec/lang/09-traits.md	1962	language	pending	Not yet reconciled
trait.by.valid-part	spec/lang/09-traits.md	1963	language	pending	Not yet reconciled
trait.by.part-impl	spec/lang/09-traits.md	1964	language	pending	Not yet reconciled
trait.by.invalid	spec/lang/09-traits.md	1965	language	pending	Not yet reconciled
trait.by.structure	spec/lang/09-traits.md	1966	language	pending	Not yet reconciled
trait.by.trait-less	spec/lang/09-traits.md	1967	language	pending	Not yet reconciled
trait.by.trait-less.error	spec/lang/09-traits.md	1968	language	pending	Not yet reconciled
trait.by.generated	spec/lang/09-traits.md	1991	language	pending	Not yet reconciled
trait.by.written	spec/lang/09-traits.md	1992	language	pending	Not yet reconciled
trait.by.assoc-types	spec/lang/09-traits.md	2016	language	pending	Not yet reconciled
trait.by.assoc-binding	spec/lang/09-traits.md	2017	language	pending	Not yet reconciled
trait.by.assoc-fn	spec/lang/09-traits.md	2018	language	pending	Not yet reconciled
trait.by.ordinary	spec/lang/09-traits.md	2043	language	pending	Not yet reconciled
trait.conflict.ambiguous-available	spec/lang/09-traits.md	2050	language	pending	Not yet reconciled
trait.conflict.inherent	spec/lang/09-traits.md	2051	language	pending	Not yet reconciled
trait.conflict.qualified	spec/lang/09-traits.md	2052	language	pending	Not yet reconciled
trait.unsupported.list	spec/lang/09-traits.md	2075	language	pending	Not yet reconciled
trait.unsupported.abi	spec/lang/09-traits.md	2076	language	pending	Not yet reconciled
module.kind.module	spec/lang/10-modules.md	8	language	pending	Not yet reconciled
module.kind.package	spec/lang/10-modules.md	9	language	pending	Not yet reconciled
module.manifest.file	spec/lang/10-modules.md	26	language	pending	Not yet reconciled
module.manifest.source-root	spec/lang/10-modules.md	27	language	pending	Not yet reconciled
module.manifest.dependency	spec/lang/10-modules.md	28	language	pending	Not yet reconciled
module.manifest.no-registry	spec/lang/10-modules.md	29	language	pending	Not yet reconciled
module.manifest.targets	spec/lang/10-modules.md	30	language	pending	Not yet reconciled
module.manifest.no-features	spec/lang/10-modules.md	31	language	pending	Not yet reconciled
module.dep.key-name	spec/lang/10-modules.md	54	language	pending	Not yet reconciled
module.dep.key-name.collision	spec/lang/10-modules.md	55	language	pending	Not yet reconciled
module.dep.requirement-value	spec/lang/10-modules.md	56	language	pending	Not yet reconciled
module.dep.path-manifest-only	spec/lang/10-modules.md	57	language	pending	Not yet reconciled
module.dep.identity	spec/lang/10-modules.md	58	language	pending	Not yet reconciled
module.dep.no-self-path	spec/lang/10-modules.md	59	language	pending	Not yet reconciled
module.dep.two-lines	spec/lang/10-modules.md	60	language	pending	Not yet reconciled
module.dep.one-key-per-line	spec/lang/10-modules.md	61	language	pending	Not yet reconciled
module.dep.no-major-suffix	spec/lang/10-modules.md	62	language	pending	Not yet reconciled
module.repo.github	spec/lang/10-modules.md	78	language	pending	Not yet reconciled
module.repo.git-suffix	spec/lang/10-modules.md	79	language	pending	Not yet reconciled
module.repo.no-discovery	spec/lang/10-modules.md	80	language	pending	Not yet reconciled
module.repo.subdirectory	spec/lang/10-modules.md	81	language	pending	Not yet reconciled
module.repo.credentials	spec/lang/10-modules.md	82	language	pending	Not yet reconciled
module.repo.no-stored-credentials	spec/lang/10-modules.md	83	language	pending	Not yet reconciled
module.repo.private-pattern	spec/lang/10-modules.md	84	language	pending	Not yet reconciled
module.version.tag	spec/lang/10-modules.md	96	language	pending	Not yet reconciled
module.version.tag-prefix	spec/lang/10-modules.md	97	language	pending	Not yet reconciled
module.version.tag-only	spec/lang/10-modules.md	98	language	pending	Not yet reconciled
module.version.pseudo	spec/lang/10-modules.md	99	language	pending	Not yet reconciled
module.version.pseudo.commit	spec/lang/10-modules.md	100	language	pending	Not yet reconciled
module.version.order	spec/lang/10-modules.md	101	language	pending	Not yet reconciled
module.version.line	spec/lang/10-modules.md	102	language	pending	Not yet reconciled
module.version.pseudo.release	spec/lang/10-modules.md	103	language	pending	Not yet reconciled
module.version.no-bare-path-release	spec/lang/10-modules.md	104	language	pending	Not yet reconciled
module.version.tag-missing	spec/lang/10-modules.md	105	language	pending	Not yet reconciled
module.version.no-fallback	spec/lang/10-modules.md	106	language	pending	Not yet reconciled
module.version.pseudo-missing	spec/lang/10-modules.md	107	language	pending	Not yet reconciled
module.version.pseudo-missing.no-fallback	spec/lang/10-modules.md	108	language	pending	Not yet reconciled
module.select.minimum	spec/lang/10-modules.md	139	language	pending	Not yet reconciled
module.select.reach	spec/lang/10-modules.md	140	language	pending	Not yet reconciled
module.select.dev-dependencies	spec/lang/10-modules.md	141	language	pending	Not yet reconciled
module.select.largest	spec/lang/10-modules.md	142	language	pending	Not yet reconciled
module.select.one-per-line	spec/lang/10-modules.md	143	language	pending	Not yet reconciled
module.select.no-lock	spec/lang/10-modules.md	144	language	pending	Not yet reconciled
module.sum.file	spec/lang/10-modules.md	154	language	pending	Not yet reconciled
module.sum.committed	spec/lang/10-modules.md	155	language	pending	Not yet reconciled
module.sum.mismatch	spec/lang/10-modules.md	156	language	pending	Not yet reconciled
module.sum.only	spec/lang/10-modules.md	157	language	pending	Not yet reconciled
module.workspace.definition	spec/lang/10-modules.md	167	language	pending	Not yet reconciled
module.workspace.committed	spec/lang/10-modules.md	168	language	pending	Not yet reconciled
module.workspace.selection	spec/lang/10-modules.md	169	language	pending	Not yet reconciled
module.workspace.sum	spec/lang/10-modules.md	170	language	pending	Not yet reconciled
module.workspace.path-requirement	spec/lang/10-modules.md	171	language	pending	Not yet reconciled
module.workspace.path-version	spec/lang/10-modules.md	172	language	pending	Not yet reconciled
module.workspace.path-version.locally	spec/lang/10-modules.md	173	language	pending	Not yet reconciled
module.workspace.path-version.fetched-version	spec/lang/10-modules.md	174	language	pending	Not yet reconciled
module.workspace.path-version.fetched-host	spec/lang/10-modules.md	175	language	pending	Not yet reconciled
module.workspace.no-host-path	spec/lang/10-modules.md	176	language	pending	Not yet reconciled
module.workspace.fetched-member	spec/lang/10-modules.md	177	language	pending	Not yet reconciled
module.workspace.fetched-member.two	spec/lang/10-modules.md	178	language	pending	Not yet reconciled
module.toolchain.minimum	spec/lang/10-modules.md	204	language	pending	Not yet reconciled
module.toolchain.graph-minimum	spec/lang/10-modules.md	205	language	pending	Not yet reconciled
module.toolchain.pin	spec/lang/10-modules.md	206	language	pending	Not yet reconciled
module.toolchain.no-editions	spec/lang/10-modules.md	207	language	pending	Not yet reconciled
module.path.name	spec/lang/10-modules.md	218	language	pending	Not yet reconciled
module.path.no-declaration	spec/lang/10-modules.md	219	language	pending	Not yet reconciled
module.path.directory	spec/lang/10-modules.md	230	language	pending	Not yet reconciled
module.path.mod-file	spec/lang/10-modules.md	231	language	pending	Not yet reconciled
module.path.no-child-import	spec/lang/10-modules.md	232	language	pending	Not yet reconciled
module.path.no-parent-scope	spec/lang/10-modules.md	233	language	pending	Not yet reconciled
module.path.lib-file	spec/lang/10-modules.md	244	language	pending	Not yet reconciled
module.path.lib-index	spec/lang/10-modules.md	245	language	pending	Not yet reconciled
module.path.main-file	spec/lang/10-modules.md	246	language	pending	Not yet reconciled
module.path.main-no-use	spec/lang/10-modules.md	247	language	pending	Not yet reconciled
module.path.lib-only-root	spec/lang/10-modules.md	248	language	pending	Not yet reconciled
module.path.no-root-mod	spec/lang/10-modules.md	249	language	pending	Not yet reconciled
module.path.lib-target	spec/lang/10-modules.md	250	language	pending	Not yet reconciled
module.path.executable-only	spec/lang/10-modules.md	251	language	pending	Not yet reconciled
module.path.no-lib-dependency	spec/lang/10-modules.md	252	language	pending	Not yet reconciled
module.path.unique	spec/lang/10-modules.md	267	language	pending	Not yet reconciled
module.path.case-source	spec/lang/10-modules.md	268	language	pending	Not yet reconciled
module.path.identifier	spec/lang/10-modules.md	269	language	pending	Not yet reconciled
module.path.case-sensitive	spec/lang/10-modules.md	270	language	pending	Not yet reconciled
module.path.case-collision	spec/lang/10-modules.md	271	language	pending	Not yet reconciled
module.path.suffix	spec/lang/10-modules.md	272	language	pending	Not yet reconciled
module.path.unicode-version	spec/lang/10-modules.md	273	language	pending	Not yet reconciled
module.test.module	spec/lang/10-modules.md	290	language	pending	Not yet reconciled
module.test.integration	spec/lang/10-modules.md	291	language	pending	Not yet reconciled
module.test.code	spec/lang/10-modules.md	292	language	pending	Not yet reconciled
module.test.module.view	spec/lang/10-modules.md	293	language	pending	Not yet reconciled
module.test.integration.view	spec/lang/10-modules.md	294	language	source-reconciled-validation-pending	REPORT.md A01; subsystem and challenge evidence
module.test.integration.program	spec/lang/10-modules.md	295	language	pending	Not yet reconciled
module.test.integration.shared	spec/lang/10-modules.md	296	language	pending	Not yet reconciled
module.test.integration.beside-dir	spec/lang/10-modules.md	297	language	pending	Not yet reconciled
module.test.integration.program-use	spec/lang/10-modules.md	298	language	pending	Not yet reconciled
module.test.integration.shared-copy	spec/lang/10-modules.md	299	language	pending	Not yet reconciled
module.test.integration.shared-unused	spec/lang/10-modules.md	300	language	pending	Not yet reconciled
module.test.integration.pkg-root	spec/lang/10-modules.md	301	language	pending	Not yet reconciled
module.test.integration.self-shared	spec/lang/10-modules.md	302	language	pending	Not yet reconciled
module.test.no-tests-root	spec/lang/10-modules.md	303	language	pending	Not yet reconciled
module.test.no-tests-block	spec/lang/10-modules.md	304	language	pending	Not yet reconciled
module.test.dev-dependency	spec/lang/10-modules.md	305	language	pending	Not yet reconciled
module.test.non-test-use.test-module	spec/lang/10-modules.md	306	language	pending	Not yet reconciled
module.test.non-test-use.dev-dependency	spec/lang/10-modules.md	307	language	pending	Not yet reconciled
module.test.cyclic-dev-unit	spec/lang/10-modules.md	308	language	pending	Not yet reconciled
module.test.cyclic-dev-allowed	spec/lang/10-modules.md	309	language	pending	Not yet reconciled
module.root.absolute	spec/lang/10-modules.md	336	language	pending	Not yet reconciled
module.root.manifest	spec/lang/10-modules.md	337	language	pending	Not yet reconciled
module.root.dep-prefix	spec/lang/10-modules.md	338	language	pending	Not yet reconciled
module.relative.keywords	spec/lang/10-modules.md	361	language	pending	Not yet reconciled
module.relative.base.current	spec/lang/10-modules.md	362	language	pending	Not yet reconciled
module.relative.root-file	spec/lang/10-modules.md	363	language	pending	Not yet reconciled
module.relative.self.current	spec/lang/10-modules.md	364	language	pending	Not yet reconciled
module.relative.super	spec/lang/10-modules.md	365	language	pending	Not yet reconciled
module.relative.root-file.super	spec/lang/10-modules.md	366	language	pending	Not yet reconciled
module.relative.example.nested	spec/lang/10-modules.md	367	language	pending	Not yet reconciled
module.relative.example.top-level	spec/lang/10-modules.md	368	language	pending	Not yet reconciled
module.relative.example.mod-file	spec/lang/10-modules.md	369	language	pending	Not yet reconciled
module.relative.example.main	spec/lang/10-modules.md	370	language	pending	Not yet reconciled
module.relative.above-root	spec/lang/10-modules.md	371	language	pending	Not yet reconciled
module.relative.no-cross	spec/lang/10-modules.md	372	language	pending	Not yet reconciled
module.relative.test-root.current	spec/lang/10-modules.md	373	language	pending	Not yet reconciled
module.relative.above-test-root	spec/lang/10-modules.md	374	language	pending	Not yet reconciled
module.single-file.definition	spec/lang/10-modules.md	397	language	pending	Not yet reconciled
module.single-file.roots	spec/lang/10-modules.md	398	language	pending	Not yet reconciled
module.use.single	spec/lang/10-modules.md	423	language	pending	Not yet reconciled
module.use.grouped	spec/lang/10-modules.md	424	language	pending	Not yet reconciled
module.use.trailing-comma	spec/lang/10-modules.md	425	language	pending	Not yet reconciled
module.use.no-wildcard	spec/lang/10-modules.md	426	language	pending	Not yet reconciled
module.use.no-variant	spec/lang/10-modules.md	427	language	pending	Not yet reconciled
module.use.private-or-missing	spec/lang/10-modules.md	428	language	pending	Not yet reconciled
module.use.missing-name	spec/lang/10-modules.md	429	language	pending	Not yet reconciled
module.use.private-name	spec/lang/10-modules.md	430	language	pending	Not yet reconciled
module.use.pub-grouped	spec/lang/10-modules.md	431	language	pending	Not yet reconciled
module.use.facade	spec/lang/10-modules.md	432	language	pending	Not yet reconciled
module.use.whole-module	spec/lang/10-modules.md	433	language	pending	Not yet reconciled
module.folder.holder	spec/lang/10-modules.md	471	language	pending	Not yet reconciled
module.folder.parent-file	spec/lang/10-modules.md	472	language	pending	Not yet reconciled
module.folder.interchangeable	spec/lang/10-modules.md	473	language	pending	Not yet reconciled
module.folder.parent-child	spec/lang/10-modules.md	474	language	pending	Not yet reconciled
module.folder.mod-file	spec/lang/10-modules.md	475	language	pending	Not yet reconciled
module.folder.nested	spec/lang/10-modules.md	476	language	pending	Not yet reconciled
module.cycle.folder-edge	spec/lang/10-modules.md	480	language	pending	Not yet reconciled
module.cycle.same-package	spec/lang/10-modules.md	481	language	pending	Not yet reconciled
module.cycle.test-code	spec/lang/10-modules.md	482	language	pending	Not yet reconciled
module.cycle.nested	spec/lang/10-modules.md	483	language	pending	Not yet reconciled
module.cycle.acyclic	spec/lang/10-modules.md	484	language	pending	Not yet reconciled
module.cycle.within-folder	spec/lang/10-modules.md	485	language	pending	Not yet reconciled
module.cycle.package	spec/lang/10-modules.md	486	language	pending	Not yet reconciled
module.cycle.diagnostic.loop	spec/lang/10-modules.md	515	language	pending	Not yet reconciled
module.cycle.diagnostic.size	spec/lang/10-modules.md	516	language	pending	Not yet reconciled
module.cycle.diagnostic.fix	spec/lang/10-modules.md	517	language	pending	Not yet reconciled
module.prelude.names	spec/lang/10-modules.md	538	language	pending	Not yet reconciled
module.prelude.fixed-uses	spec/lang/10-modules.md	539	language	pending	Not yet reconciled
module.prelude.no-authority	spec/lang/10-modules.md	540	language	pending	Not yet reconciled
module.prelude.no-shadow	spec/lang/10-modules.md	541	language	pending	Not yet reconciled
module.prelude.same-use	spec/lang/10-modules.md	542	language	pending	Not yet reconciled
module.prelude.imported	spec/lang/10-modules.md	559	language	pending	Not yet reconciled
module.prelude.from-error	spec/lang/10-modules.md	560	language	pending	Not yet reconciled
module.prelude.own-from-error	spec/lang/10-modules.md	561	language	pending	Not yet reconciled
module.prelude.question-from	spec/lang/10-modules.md	562	language	pending	Not yet reconciled
module.prelude.inspect	spec/lang/10-modules.md	563	language	pending	Not yet reconciled
module.prelude.error-inspectable	spec/lang/10-modules.md	564	language	pending	Not yet reconciled
module.prelude.function-items	spec/lang/10-modules.md	565	language	pending	Not yet reconciled
module.prelude.function-sugar	spec/lang/10-modules.md	566	language	pending	Not yet reconciled
module.prelude.annotation-targets	spec/lang/10-modules.md	567	language	pending	Not yet reconciled
module.prelude.ops-literal-markers	spec/lang/10-modules.md	568	language	pending	Not yet reconciled
module.prelude.no-literal-fn	spec/lang/10-modules.md	569	language	pending	Not yet reconciled
module.prelude.ops-operator-traits	spec/lang/10-modules.md	570	language	pending	Not yet reconciled
module.prelude.ops-call-traits	spec/lang/10-modules.md	571	language	pending	Not yet reconciled
module.prelude.num	spec/lang/10-modules.md	572	language	pending	Not yet reconciled
module.prelude.collections	spec/lang/10-modules.md	588	language	pending	Not yet reconciled
module.prelude.capitalized	spec/lang/10-modules.md	589	language	pending	Not yet reconciled
module.prelude.lowercase	spec/lang/10-modules.md	590	language	pending	Not yet reconciled
module.prelude.lowercase-unknown	spec/lang/10-modules.md	591	language	pending	Not yet reconciled
module.prelude.panic	spec/lang/10-modules.md	601	language	pending	Not yet reconciled
module.prelude.println	spec/lang/10-modules.md	602	language	pending	Not yet reconciled
module.prelude.it-function	spec/lang/10-modules.md	603	language	pending	Not yet reconciled
module.prelude.debug	spec/lang/10-modules.md	604	language	pending	Not yet reconciled
module.console.host-trait	spec/lang/10-modules.md	618	language	pending	Not yet reconciled
module.console.write-line-mut	spec/lang/10-modules.md	619	language	pending	Not yet reconciled
module.console.write-error-line	spec/lang/10-modules.md	620	language	pending	Not yet reconciled
module.console.write-error-line.default	spec/lang/10-modules.md	621	language	pending	Not yet reconciled
module.console.error	spec/lang/10-modules.md	622	language	pending	Not yet reconciled
module.console.println	spec/lang/10-modules.md	623	language	pending	Not yet reconciled
module.console.println-write	spec/lang/10-modules.md	624	language	pending	Not yet reconciled
module.console.println-drive.block-on	spec/lang/10-modules.md	625	language	pending	Not yet reconciled
module.console.println-drive.pending	spec/lang/10-modules.md	626	language	pending	Not yet reconciled
module.console.println-non-suspending	spec/lang/10-modules.md	627	language	pending	Not yet reconciled
module.console.println-error	spec/lang/10-modules.md	628	language	pending	Not yet reconciled
module.console.println-std	spec/lang/10-modules.md	629	language	pending	Not yet reconciled
module.console.println-panics	spec/lang/10-modules.md	630	language	pending	Not yet reconciled
module.console.println-error.category	spec/lang/10-modules.md	631	language	pending	Not yet reconciled
module.console.println-block-on	spec/lang/10-modules.md	632	language	pending	Not yet reconciled
module.console.println-block-on.under-driver	spec/lang/10-modules.md	633	language	pending	Not yet reconciled
module.console.println-block-on.contexts	spec/lang/10-modules.md	634	language	pending	Not yet reconciled
module.console.println-script	spec/lang/10-modules.md	635	language	pending	Not yet reconciled
module.process.host-trait	spec/lang/10-modules.md	707	language	pending	Not yet reconciled
module.process.run	spec/lang/10-modules.md	708	language	pending	Not yet reconciled
module.process.output	spec/lang/10-modules.md	709	language	pending	Not yet reconciled
module.process.missing	spec/lang/10-modules.md	710	language	pending	Not yet reconciled
module.process.mut	spec/lang/10-modules.md	711	language	pending	Not yet reconciled
module.process.import	spec/lang/10-modules.md	712	language	pending	Not yet reconciled
module.prelude.any-subtraits	spec/lang/10-modules.md	742	language	pending	Not yet reconciled
module.prelude.anyref	spec/lang/10-modules.md	743	language	pending	Not yet reconciled
module.prelude.anyref-not	spec/lang/10-modules.md	744	language	pending	Not yet reconciled
module.prelude.anyval-types	spec/lang/10-modules.md	745	language	pending	Not yet reconciled
module.prelude.newtype-category	spec/lang/10-modules.md	746	language	pending	Not yet reconciled
module.prelude.any-sealed	spec/lang/10-modules.md	747	language	pending	Not yet reconciled
module.method.normative	spec/lang/10-modules.md	766	language	pending	Not yet reconciled
module.method.i32-bytes	spec/lang/10-modules.md	767	language	pending	Not yet reconciled
module.method.no-set	spec/lang/10-modules.md	768	language	pending	Not yet reconciled
module.map.complexity	spec/lang/10-modules.md	777	language	pending	Not yet reconciled
module.map.complexity.operations	spec/lang/10-modules.md	778	language	pending	Not yet reconciled
module.map.complexity.step	spec/lang/10-modules.md	779	language	pending	Not yet reconciled
module.string.utf8	spec/lang/10-modules.md	796	language	pending	Not yet reconciled
module.string.byte-offsets	spec/lang/10-modules.md	797	language	pending	Not yet reconciled
module.string.chars	spec/lang/10-modules.md	798	language	pending	Not yet reconciled
module.string.char-indices	spec/lang/10-modules.md	799	language	pending	Not yet reconciled
module.string.bytes	spec/lang/10-modules.md	800	language	pending	Not yet reconciled
module.string.slice	spec/lang/10-modules.md	801	language	pending	Not yet reconciled
module.string.slice.shared	spec/lang/10-modules.md	802	language	pending	Not yet reconciled
module.string.slice.bad-offset	spec/lang/10-modules.md	803	language	pending	Not yet reconciled
module.string.slice.reversed	spec/lang/10-modules.md	804	language	pending	Not yet reconciled
module.string.slice.negative	spec/lang/10-modules.md	805	language	pending	Not yet reconciled
module.testing.exports	spec/lang/10-modules.md	820	language	pending	Not yet reconciled
module.testing.reason	spec/lang/10-modules.md	821	language	pending	Not yet reconciled
module.testing.assert-panic	spec/lang/10-modules.md	822	language	pending	Not yet reconciled
module.testing.shows-reason	spec/lang/10-modules.md	823	language	pending	Not yet reconciled
module.testing.uses-eq	spec/lang/10-modules.md	824	language	pending	Not yet reconciled
module.testing.no-implicit-eq	spec/lang/10-modules.md	825	language	pending	Not yet reconciled
module.testing.assert-equal-debug	spec/lang/10-modules.md	826	language	pending	Not yet reconciled
module.testing.it-function	spec/lang/10-modules.md	865	language	pending	Not yet reconciled
module.testing.it.form	spec/lang/10-modules.md	866	language	pending	Not yet reconciled
module.testing.it.body	spec/lang/10-modules.md	867	language	pending	Not yet reconciled
module.testing.it.name	spec/lang/10-modules.md	868	language	pending	Not yet reconciled
module.testing.it.options-strings	spec/lang/10-modules.md	869	language	pending	Not yet reconciled
module.testing.it.unknown-option	spec/lang/10-modules.md	870	language	pending	Not yet reconciled
module.testing.test-position	spec/lang/10-modules.md	871	language	pending	Not yet reconciled
module.testing.position-statements	spec/lang/10-modules.md	872	language	spec-conflict-inspected	REPORT.md S01; subsystem and challenge evidence
module.testing.direct-call	spec/lang/10-modules.md	873	language	pending	Not yet reconciled
module.testing.it.unique	spec/lang/10-modules.md	874	language	source-reconciled-validation-pending	REPORT.md A01; subsystem and challenge evidence
module.testing.option.ignore	spec/lang/10-modules.md	878	language	pending	Not yet reconciled
module.testing.option.expect-panic	spec/lang/10-modules.md	879	language	pending	Not yet reconciled
module.testing.option.expect-panic.known	spec/lang/10-modules.md	881	language	pending	Not yet reconciled
module.testing.instance	spec/lang/10-modules.md	947	language	pending	Not yet reconciled
module.testing.no-reuse	spec/lang/10-modules.md	948	language	pending	Not yet reconciled
module.testing.driven	spec/lang/10-modules.md	949	language	pending	Not yet reconciled
module.testing.unit-row	spec/lang/10-modules.md	950	language	pending	Not yet reconciled
module.testing.profile	spec/lang/10-modules.md	951	language	pending	Not yet reconciled
module.testing.integration-row	spec/lang/10-modules.md	952	language	pending	Not yet reconciled
module.testing.skipped	spec/lang/10-modules.md	953	language	pending	Not yet reconciled
module.testing.pass	spec/lang/10-modules.md	954	language	pending	Not yet reconciled
module.testing.fail	spec/lang/10-modules.md	955	language	pending	Not yet reconciled
module.testing.err-print	spec/lang/10-modules.md	956	language	pending	Not yet reconciled
module.testing.expect-panic-fail	spec/lang/10-modules.md	957	language	pending	Not yet reconciled
module.testing.snapshot.literal	spec/lang/10-modules.md	998	language	pending	Not yet reconciled
module.init.script	spec/lang/10-modules.md	1026	language	pending	Not yet reconciled
module.init.entry-module.selected	spec/lang/10-modules.md	1027	language	pending	Not yet reconciled
module.init.statements-and-main	spec/lang/10-modules.md	1028	language	pending	Not yet reconciled
module.init.program-instance	spec/lang/10-modules.md	1029	language	pending	Not yet reconciled
module.init.use-graph	spec/lang/10-modules.md	1033	language	pending	Not yet reconciled
module.init.group	spec/lang/10-modules.md	1034	language	pending	Not yet reconciled
module.init.group.once	spec/lang/10-modules.md	1035	language	pending	Not yet reconciled
module.init.group.ready-order	spec/lang/10-modules.md	1036	language	pending	Not yet reconciled
module.init.group.dependency	spec/lang/10-modules.md	1061	language	source-reconciled-validation-pending	REPORT.md A01; subsystem and challenge evidence
module.init.group.step	spec/lang/10-modules.md	1062	language	source-reconciled-validation-pending	REPORT.md A01; subsystem and challenge evidence
module.init.group.earliest	spec/lang/10-modules.md	1063	language	pending	Not yet reconciled
module.init.group.cycle	spec/lang/10-modules.md	1064	language	pending	Not yet reconciled
module.init.declarations	spec/lang/10-modules.md	1071	language	pending	Not yet reconciled
module.init.source-order-single	spec/lang/10-modules.md	1072	language	pending	Not yet reconciled
module.init.uses	spec/lang/10-modules.md	1073	language	pending	Not yet reconciled
module.init.binding	spec/lang/10-modules.md	1074	language	pending	Not yet reconciled
module.init.storage	spec/lang/10-modules.md	1075	language	pending	Not yet reconciled
module.init.no-step	spec/lang/10-modules.md	1076	language	pending	Not yet reconciled
module.init.definite	spec/lang/10-modules.md	1080	language	pending	Not yet reconciled
module.init.definite.implicit	spec/lang/10-modules.md	1081	language	pending	Not yet reconciled
module.init.definite.dispatch	spec/lang/10-modules.md	1082	language	pending	Not yet reconciled
module.init.definite.whole-module	spec/lang/10-modules.md	1083	language	pending	Not yet reconciled
module.init.definite.local	spec/lang/10-modules.md	1084	language	pending	Not yet reconciled
module.init.script-body	spec/lang/10-modules.md	1105	language	pending	Not yet reconciled
module.init.main	spec/lang/10-modules.md	1106	language	pending	Not yet reconciled
module.init.tests	spec/lang/10-modules.md	1107	language	pending	Not yet reconciled
module.init.test-cases	spec/lang/10-modules.md	1108	language	pending	Not yet reconciled
module.init.script-empty	spec/lang/10-modules.md	1109	language	pending	Not yet reconciled
module.init.requirement-free	spec/lang/10-modules.md	1113	language	pending	Not yet reconciled
module.init.requirement-free.forms	spec/lang/10-modules.md	1114	language	pending	Not yet reconciled
module.init.script-row	spec/lang/10-modules.md	1115	language	pending	Not yet reconciled
module.init.script-row.report	spec/lang/10-modules.md	1116	language	pending	Not yet reconciled
module.init.script-not-driver	spec/lang/10-modules.md	1117	language	pending	Not yet reconciled
module.init.per-instance	spec/lang/10-modules.md	1121	language	pending	Not yet reconciled
module.init.histories	spec/lang/10-modules.md	1122	language	pending	Not yet reconciled
module.vis.private-default	spec/lang/10-modules.md	1137	language	source-reconciled-validation-pending	REPORT.md A01; subsystem and challenge evidence
module.vis.pub	spec/lang/10-modules.md	1138	language	pending	Not yet reconciled
module.pub-use.facade	spec/lang/10-modules.md	1155	language	pending	Not yet reconciled
module.pub-use.public-source	spec/lang/10-modules.md	1156	language	pending	Not yet reconciled
module.pub-use.binding	spec/lang/10-modules.md	1157	language	pending	Not yet reconciled
module.pub-use.identity	spec/lang/10-modules.md	1158	language	pending	Not yet reconciled
module.pub-use.chain	spec/lang/10-modules.md	1159	language	pending	Not yet reconciled
module.pub-use.chain.loop	spec/lang/10-modules.md	1160	language	pending	Not yet reconciled
module.pub-use.chain.loop-use	spec/lang/10-modules.md	1161	language	pending	Not yet reconciled
module.vis.no-package-private	spec/lang/10-modules.md	1179	language	source-reconciled-validation-pending	REPORT.md A01; subsystem and challenge evidence
module.vis.members	spec/lang/10-modules.md	1180	language	pending	Not yet reconciled
module.vis.variants	spec/lang/10-modules.md	1181	language	pending	Not yet reconciled
module.vis.trait-methods	spec/lang/10-modules.md	1182	language	pending	Not yet reconciled
module.vis.impl-target	spec/lang/10-modules.md	1183	language	pending	Not yet reconciled
module.vis.signature	spec/lang/10-modules.md	1187	language	pending	Not yet reconciled
module.vis.signature.coverage	spec/lang/10-modules.md	1188	language	pending	Not yet reconciled
module.vis.body	spec/lang/10-modules.md	1189	language	pending	Not yet reconciled
module.package.identity	spec/lang/10-modules.md	1203	language	pending	Not yet reconciled
module.package.no-sharing	spec/lang/10-modules.md	1204	language	pending	Not yet reconciled
module.package.identity-part	spec/lang/10-modules.md	1205	language	pending	Not yet reconciled
module.package.public-surface	spec/lang/10-modules.md	1206	language	pending	Not yet reconciled
module.package.separate	spec/lang/10-modules.md	1207	language	pending	Not yet reconciled
module.package.annotated	spec/lang/10-modules.md	1211	language	pending	Not yet reconciled
module.package.annotated.parts	spec/lang/10-modules.md	1212	language	pending	Not yet reconciled
module.package.no-inference	spec/lang/10-modules.md	1213	language	pending	Not yet reconciled
module.package.no-pub-binding	spec/lang/10-modules.md	1214	language	pending	Not yet reconciled
module.interface.contents	spec/lang/10-modules.md	1234	language	pending	Not yet reconciled
module.interface.generic-bodies	spec/lang/10-modules.md	1235	language	pending	Not yet reconciled
module.interface.dictionaries	spec/lang/10-modules.md	1236	language	pending	Not yet reconciled
module.interface.fact-values	spec/lang/10-modules.md	1237	language	pending	Not yet reconciled
module.interface.determined-facts	spec/lang/10-modules.md	1238	language	pending	Not yet reconciled
module.interface.early-facts	spec/lang/10-modules.md	1239	language	pending	Not yet reconciled
module.interface.coherence	spec/lang/10-modules.md	1240	language	pending	Not yet reconciled
module.interface.link-reject	spec/lang/10-modules.md	1241	language	pending	Not yet reconciled
module.entry.definition	spec/lang/10-modules.md	1252	language	pending	Not yet reconciled
module.entry.result-termination	spec/lang/10-modules.md	1253	language	pending	Not yet reconciled
module.entry.row	spec/lang/10-modules.md	1254	language	pending	Not yet reconciled
module.entry.row.host	spec/lang/10-modules.md	1255	language	pending	Not yet reconciled
module.entry.private-main	spec/lang/10-modules.md	1256	language	pending	Not yet reconciled
module.entry.suspending	spec/lang/10-modules.md	1257	language	pending	Not yet reconciled
module.entry.private-main.warn	spec/lang/10-modules.md	1258	language	pending	Not yet reconciled
module.entry.exit-report	spec/lang/10-modules.md	1272	language	pending	Not yet reconciled
module.entry.err-host-prints	spec/lang/10-modules.md	1273	language	pending	Not yet reconciled
module.entry.err-dynamic	spec/lang/10-modules.md	1274	language	pending	Not yet reconciled
module.entry.err-render-chain	spec/lang/10-modules.md	1275	language	pending	Not yet reconciled
module.entry.err-render-chain.line	spec/lang/10-modules.md	1276	language	pending	Not yet reconciled
module.entry.err-render-display	spec/lang/10-modules.md	1277	language	pending	Not yet reconciled
module.entry.panic	spec/lang/10-modules.md	1278	language	pending	Not yet reconciled
module.entry.exit-code	spec/lang/10-modules.md	1301	language	pending	Not yet reconciled
module.entry.termination	spec/lang/10-modules.md	1302	language	pending	Not yet reconciled
module.entry.termination.void	spec/lang/10-modules.md	1303	language	pending	Not yet reconciled
module.entry.termination.exit-code	spec/lang/10-modules.md	1304	language	pending	Not yet reconciled
module.entry.termination.result	spec/lang/10-modules.md	1305	language	pending	Not yet reconciled
module.entry.termination.ok	spec/lang/10-modules.md	1306	language	pending	Not yet reconciled
module.entry.termination.err-code	spec/lang/10-modules.md	1307	language	pending	Not yet reconciled
module.entry.termination.no-print	spec/lang/10-modules.md	1308	language	pending	Not yet reconciled
module.entry.process-import	spec/lang/10-modules.md	1309	language	pending	Not yet reconciled
module.entry.no-arguments	spec/lang/10-modules.md	1336	language	pending	Not yet reconciled
module.entry.host-facilities	spec/lang/10-modules.md	1337	language	pending	Not yet reconciled
module.profile.definition	spec/lang/10-modules.md	1346	language	pending	Not yet reconciled
module.profile.trait-access	spec/lang/10-modules.md	1347	language	pending	Not yet reconciled
module.profile.build	spec/lang/10-modules.md	1348	language	pending	Not yet reconciled
module.profile.default	spec/lang/10-modules.md	1349	language	pending	Not yet reconciled
module.profile.other	spec/lang/10-modules.md	1350	language	pending	Not yet reconciled
module.profile.toolchain-names	spec/lang/10-modules.md	1351	language	pending	Not yet reconciled
module.profile.panic-status	spec/lang/10-modules.md	1352	language	pending	Not yet reconciled
module.register.pub	spec/lang/10-modules.md	1362	language	pending	Not yet reconciled
module.register.explicit	spec/lang/10-modules.md	1363	language	pending	Not yet reconciled
module.register.entry	spec/lang/10-modules.md	1364	language	pending	Not yet reconciled
module.register.contract-traits	spec/lang/10-modules.md	1365	language	pending	Not yet reconciled
module.register.application	spec/lang/10-modules.md	1366	language	pending	Not yet reconciled
module.register.row	spec/lang/10-modules.md	1367	language	pending	Not yet reconciled
module.register.failure	spec/lang/10-modules.md	1368	language	pending	Not yet reconciled
module.boundary.allowed	spec/lang/10-modules.md	1380	language	pending	Not yet reconciled
module.boundary.not-safe	spec/lang/10-modules.md	1381	language	pending	Not yet reconciled
module.boundary.rows	spec/lang/10-modules.md	1382	language	pending	Not yet reconciled
module.boundary.erased-error	spec/lang/10-modules.md	1383	language	pending	Not yet reconciled
module.boundary.domain-error	spec/lang/10-modules.md	1384	language	pending	Not yet reconciled
module.boundary.tree	spec/lang/10-modules.md	1395	language	pending	Not yet reconciled
module.boundary.cycle	spec/lang/10-modules.md	1396	language	pending	Not yet reconciled
module.boundary.sharing	spec/lang/10-modules.md	1397	language	pending	Not yet reconciled
module.boundary.pub	spec/lang/10-modules.md	1398	language	pending	Not yet reconciled
module.boundary.map-decode	spec/lang/10-modules.md	1399	language	pending	Not yet reconciled
module.boundary.decoder-panic	spec/lang/10-modules.md	1400	language	pending	Not yet reconciled
module.boundary.decoder-poison	spec/lang/10-modules.md	1401	language	pending	Not yet reconciled
module.instance.thread	spec/lang/10-modules.md	1408	language	pending	Not yet reconciled
module.instance.parallel	spec/lang/10-modules.md	1409	language	pending	Not yet reconciled
module.instance.disjoint	spec/lang/10-modules.md	1410	language	pending	Not yet reconciled
module.host.wasm	spec/lang/10-modules.md	1414	language	pending	Not yet reconciled
module.host.runtime	spec/lang/10-modules.md	1415	language	pending	Not yet reconciled
module.host.providers	spec/lang/10-modules.md	1416	language	pending	Not yet reconciled
module.host.component-model	spec/lang/10-modules.md	1417	language	pending	Not yet reconciled
module.host.tooling-hooks	spec/lang/10-modules.md	1418	language	pending	Not yet reconciled
module.host.requirements	spec/lang/10-modules.md	1419	language	pending	Not yet reconciled
module.host.capability-set	spec/lang/10-modules.md	1420	language	pending	Not yet reconciled
module.host.abi	spec/lang/10-modules.md	1421	language	pending	Not yet reconciled
module.resource.error	spec/lang/10-modules.md	1433	language	pending	Not yet reconciled
module.resource.result	spec/lang/10-modules.md	1434	language	pending	Not yet reconciled
module.resource.disposed	spec/lang/10-modules.md	1435	language	pending	Not yet reconciled
module.resource.close	spec/lang/10-modules.md	1436	language	pending	Not yet reconciled
module.resource.aliases	spec/lang/10-modules.md	1437	language	pending	Not yet reconciled
module.tooling.abi	spec/lang/10-modules.md	1441	language	pending	Not yet reconciled
module.unsupported.visibility	spec/lang/10-modules.md	1442	language	pending	Not yet reconciled
req.model.one-shot	spec/lang/11-requirements-and-suspension.md	21	language	pending	Not yet reconciled
req.model.not-capability	spec/lang/11-requirements-and-suspension.md	22	language	pending	Not yet reconciled
req.model.errors	spec/lang/11-requirements-and-suspension.md	23	language	pending	Not yet reconciled
req.model.lookup-no-suspend	spec/lang/11-requirements-and-suspension.md	24	language	pending	Not yet reconciled
req.model.suspend-no-errors	spec/lang/11-requirements-and-suspension.md	25	language	pending	Not yet reconciled
req.model.no-provider-choice	spec/lang/11-requirements-and-suspension.md	26	language	pending	Not yet reconciled
req.model.runtimes	spec/lang/11-requirements-and-suspension.md	27	language	pending	Not yet reconciled
req.model.never-reinterpreted	spec/lang/11-requirements-and-suspension.md	28	language	pending	Not yet reconciled
req.row.definition	spec/lang/11-requirements-and-suspension.md	35	language	pending	Not yet reconciled
req.row.parameter	spec/lang/11-requirements-and-suspension.md	36	language	pending	Not yet reconciled
req.row.syntax.signature	spec/lang/11-requirements-and-suspension.md	52	language	pending	Not yet reconciled
req.row.syntax.plus-list	spec/lang/11-requirements-and-suspension.md	53	language	pending	Not yet reconciled
req.row.syntax.single-bare	spec/lang/11-requirements-and-suspension.md	54	language	pending	Not yet reconciled
req.row.syntax.same-form	spec/lang/11-requirements-and-suspension.md	55	language	pending	Not yet reconciled
req.row.syntax.empty	spec/lang/11-requirements-and-suspension.md	56	language	pending	Not yet reconciled
req.row.syntax.no-mut	spec/lang/11-requirements-and-suspension.md	57	language	pending	Not yet reconciled
req.row.syntax.old-separator	spec/lang/11-requirements-and-suspension.md	58	language	pending	Not yet reconciled
req.row.callable.same-clause	spec/lang/11-requirements-and-suspension.md	80	language	pending	Not yet reconciled
req.row.callable.methods	spec/lang/11-requirements-and-suspension.md	81	language	pending	Not yet reconciled
req.row.callable.impl-agrees	spec/lang/11-requirements-and-suspension.md	82	language	pending	Not yet reconciled
req.row.omitted.empty-pub	spec/lang/11-requirements-and-suspension.md	86	language	pending	Not yet reconciled
req.row.omitted.empty.body	spec/lang/11-requirements-and-suspension.md	87	language	pending	Not yet reconciled
req.row.omitted.inferred-private	spec/lang/11-requirements-and-suspension.md	88	language	pending	Not yet reconciled
req.row.omitted.cycle	spec/lang/11-requirements-and-suspension.md	89	language	pending	Not yet reconciled
req.row.omitted.closure-row	spec/lang/11-requirements-and-suspension.md	90	language	pending	Not yet reconciled
req.row.omitted.outer-scope	spec/lang/11-requirements-and-suspension.md	91	language	pending	Not yet reconciled
req.row.omitted.parameter-calls	spec/lang/11-requirements-and-suspension.md	92	language	pending	Not yet reconciled
req.row.omitted.expected-parameter	spec/lang/11-requirements-and-suspension.md	93	language	pending	Not yet reconciled
req.row.omitted.not-empty	spec/lang/11-requirements-and-suspension.md	94	language	pending	Not yet reconciled
req.row.omitted.written	spec/lang/11-requirements-and-suspension.md	95	language	pending	Not yet reconciled
req.row.set.order	spec/lang/11-requirements-and-suspension.md	121	language	pending	Not yet reconciled
req.row.set.once	spec/lang/11-requirements-and-suspension.md	122	language	pending	Not yet reconciled
req.row.set.union	spec/lang/11-requirements-and-suspension.md	123	language	pending	Not yet reconciled
req.row.set.parameter	spec/lang/11-requirements-and-suspension.md	124	language	pending	Not yet reconciled
req.row.set.duplicate	spec/lang/11-requirements-and-suspension.md	125	language	pending	Not yet reconciled
req.row.set.call	spec/lang/11-requirements-and-suspension.md	126	language	pending	Not yet reconciled
req.row.entail.sets	spec/lang/11-requirements-and-suspension.md	140	language	pending	Not yet reconciled
req.row.entail.available	spec/lang/11-requirements-and-suspension.md	141	language	pending	Not yet reconciled
req.row.entail.member	spec/lang/11-requirements-and-suspension.md	142	language	pending	Not yet reconciled
req.row.entail.membership	spec/lang/11-requirements-and-suspension.md	143	language	pending	Not yet reconciled
req.row.entail.concrete	spec/lang/11-requirements-and-suspension.md	144	language	pending	Not yet reconciled
req.row.entail.concrete.parameter	spec/lang/11-requirements-and-suspension.md	145	language	pending	Not yet reconciled
req.row.entail.parameter	spec/lang/11-requirements-and-suspension.md	146	language	pending	Not yet reconciled
req.row.entail.parameter.concrete	spec/lang/11-requirements-and-suspension.md	147	language	pending	Not yet reconciled
req.row.entail.generic	spec/lang/11-requirements-and-suspension.md	148	language	pending	Not yet reconciled
req.row.least.solution	spec/lang/11-requirements-and-suspension.md	152	language	pending	Not yet reconciled
req.row.least.examples	spec/lang/11-requirements-and-suspension.md	153	language	pending	Not yet reconciled
req.row.least.absent-key	spec/lang/11-requirements-and-suspension.md	154	language	pending	Not yet reconciled
req.row.least.removal	spec/lang/11-requirements-and-suspension.md	155	language	pending	Not yet reconciled
req.row.least.one-unknown	spec/lang/11-requirements-and-suspension.md	156	language	pending	Not yet reconciled
req.row.least.fixed	spec/lang/11-requirements-and-suspension.md	157	language	pending	Not yet reconciled
req.row.least.ambiguous	spec/lang/11-requirements-and-suspension.md	158	language	pending	Not yet reconciled
req.row.least.ambiguous.reported	spec/lang/11-requirements-and-suspension.md	159	language	pending	Not yet reconciled
req.row.subsume	spec/lang/11-requirements-and-suspension.md	204	language	pending	Not yet reconciled
req.row.subsume.sites	spec/lang/11-requirements-and-suspension.md	205	language	pending	Not yet reconciled
req.row.subsume.missing	spec/lang/11-requirements-and-suspension.md	206	language	pending	Not yet reconciled
req.row.subsume.adapt	spec/lang/11-requirements-and-suspension.md	207	language	pending	Not yet reconciled
req.row.subsume.closure	spec/lang/11-requirements-and-suspension.md	208	language	pending	Not yet reconciled
req.row.union.literal	spec/lang/11-requirements-and-suspension.md	269	language	pending	Not yet reconciled
req.row.union.literal.map	spec/lang/11-requirements-and-suspension.md	270	language	pending	Not yet reconciled
req.row.union.literal.type	spec/lang/11-requirements-and-suspension.md	271	language	pending	Not yet reconciled
req.row.union.literal.fit	spec/lang/11-requirements-and-suspension.md	272	language	pending	Not yet reconciled
req.row.union.literal.spread	spec/lang/11-requirements-and-suspension.md	273	language	pending	Not yet reconciled
req.row.union.literal.other-parts	spec/lang/11-requirements-and-suspension.md	274	language	pending	Not yet reconciled
req.row.union.literal.direct	spec/lang/11-requirements-and-suspension.md	275	language	pending	Not yet reconciled
req.row.union.literal.expected	spec/lang/11-requirements-and-suspension.md	276	language	pending	Not yet reconciled
req.row.union.literal.invariant	spec/lang/11-requirements-and-suspension.md	277	language	pending	Not yet reconciled
req.row.union.literal.diagnostics	spec/lang/11-requirements-and-suspension.md	278	language	pending	Not yet reconciled
req.row.union.literal.diagnostics.expanded	spec/lang/11-requirements-and-suspension.md	279	language	pending	Not yet reconciled
req.row.union.sites	spec/lang/11-requirements-and-suspension.md	280	language	pending	Not yet reconciled
req.row.union.sites.type	spec/lang/11-requirements-and-suspension.md	281	language	pending	Not yet reconciled
req.row.union.sites.direct	spec/lang/11-requirements-and-suspension.md	282	language	pending	Not yet reconciled
req.row.param.marked	spec/lang/11-requirements-and-suspension.md	325	language	pending	Not yet reconciled
req.row.param.marked.owners	spec/lang/11-requirements-and-suspension.md	326	language	pending	Not yet reconciled
req.row.param.marked.use	spec/lang/11-requirements-and-suspension.md	327	language	pending	Not yet reconciled
req.row.param.no-inference	spec/lang/11-requirements-and-suspension.md	328	language	pending	Not yet reconciled
req.row.param.unmarked	spec/lang/11-requirements-and-suspension.md	329	language	pending	Not yet reconciled
req.row.param.as-type	spec/lang/11-requirements-and-suspension.md	330	language	pending	Not yet reconciled
req.row.param.one-kind	spec/lang/11-requirements-and-suspension.md	331	language	pending	Not yet reconciled
req.row.param.no-data	spec/lang/11-requirements-and-suspension.md	332	language	pending	Not yet reconciled
req.row.param.no-data.marked	spec/lang/11-requirements-and-suspension.md	333	language	pending	Not yet reconciled
req.row.param.no-data.error	spec/lang/11-requirements-and-suspension.md	334	language	pending	Not yet reconciled
req.row.param.no-newtype	spec/lang/11-requirements-and-suspension.md	335	language	pending	Not yet reconciled
req.row.param.context	spec/lang/11-requirements-and-suspension.md	336	language	pending	Not yet reconciled
req.row.slot	spec/lang/11-requirements-and-suspension.md	385	language	pending	Not yet reconciled
req.row.slot.list	spec/lang/11-requirements-and-suspension.md	386	language	pending	Not yet reconciled
req.row.slot.dollar	spec/lang/11-requirements-and-suspension.md	387	language	pending	Not yet reconciled
req.row.slot.empty	spec/lang/11-requirements-and-suspension.md	388	language	pending	Not yet reconciled
req.row.slot.bare	spec/lang/11-requirements-and-suspension.md	389	language	pending	Not yet reconciled
req.row.alias.dollar	spec/lang/11-requirements-and-suspension.md	427	language	pending	Not yet reconciled
req.row.alias.empty	spec/lang/11-requirements-and-suspension.md	428	language	pending	Not yet reconciled
req.row.alias.expand	spec/lang/11-requirements-and-suspension.md	429	language	pending	Not yet reconciled
req.row.alias.expand.first	spec/lang/11-requirements-and-suspension.md	430	language	pending	Not yet reconciled
req.row.alias.nested	spec/lang/11-requirements-and-suspension.md	431	language	pending	Not yet reconciled
req.row.alias.dollar.missing	spec/lang/11-requirements-and-suspension.md	432	language	pending	Not yet reconciled
req.row.alias.duplicate	spec/lang/11-requirements-and-suspension.md	433	language	pending	Not yet reconciled
req.row.alias.in-rows	spec/lang/11-requirements-and-suspension.md	434	language	pending	Not yet reconciled
req.row.alias.type-or-key	spec/lang/11-requirements-and-suspension.md	435	language	pending	Not yet reconciled
req.row.alias.one-key	spec/lang/11-requirements-and-suspension.md	436	language	pending	Not yet reconciled
req.row.alias.bound-key	spec/lang/11-requirements-and-suspension.md	437	language	pending	Not yet reconciled
req.row.alias.access	spec/lang/11-requirements-and-suspension.md	438	language	pending	Not yet reconciled
req.row.alias.no-mut	spec/lang/11-requirements-and-suspension.md	439	language	pending	Not yet reconciled
req.row.alias.generic.marked	spec/lang/11-requirements-and-suspension.md	440	language	pending	Not yet reconciled
req.row.alias.generic.use	spec/lang/11-requirements-and-suspension.md	441	language	pending	Not yet reconciled
req.row.alias.generic.kind	spec/lang/11-requirements-and-suspension.md	442	language	pending	Not yet reconciled
req.row.alias.cycle	spec/lang/11-requirements-and-suspension.md	443	language	pending	Not yet reconciled
req.row.alias.diagnostics	spec/lang/11-requirements-and-suspension.md	513	language	pending	Not yet reconciled
req.row.alias.diagnostics.expanded	spec/lang/11-requirements-and-suspension.md	514	language	pending	Not yet reconciled
req.key.traits	spec/lang/11-requirements-and-suspension.md	530	language	pending	Not yet reconciled
req.key.no-effect-syntax	spec/lang/11-requirements-and-suspension.md	531	language	pending	Not yet reconciled
req.key.inspectable	spec/lang/11-requirements-and-suspension.md	532	language	pending	Not yet reconciled
req.key.inspectable.error	spec/lang/11-requirements-and-suspension.md	533	language	pending	Not yet reconciled
req.key.inspectable.bound	spec/lang/11-requirements-and-suspension.md	534	language	pending	Not yet reconciled
req.key.dynamically-safe	spec/lang/11-requirements-and-suspension.md	535	language	pending	Not yet reconciled
req.key.binding	spec/lang/11-requirements-and-suspension.md	585	language	pending	Not yet reconciled
req.key.binding.names	spec/lang/11-requirements-and-suspension.md	586	language	pending	Not yet reconciled
req.key.binding.identity	spec/lang/11-requirements-and-suspension.md	587	language	pending	Not yet reconciled
req.key.binding.identity.example	spec/lang/11-requirements-and-suspension.md	588	language	pending	Not yet reconciled
req.key.binding.rows	spec/lang/11-requirements-and-suspension.md	589	language	pending	Not yet reconciled
req.key.binding.value	spec/lang/11-requirements-and-suspension.md	590	language	pending	Not yet reconciled
req.key.binding.complete	spec/lang/11-requirements-and-suspension.md	591	language	pending	Not yet reconciled
req.key.binding.complete.error	spec/lang/11-requirements-and-suspension.md	592	language	pending	Not yet reconciled
req.use.context	spec/lang/11-requirements-and-suspension.md	620	language	pending	Not yet reconciled
req.use.order	spec/lang/11-requirements-and-suspension.md	621	language	pending	Not yet reconciled
req.use.missing	spec/lang/11-requirements-and-suspension.md	622	language	pending	Not yet reconciled
req.use.entry-row	spec/lang/11-requirements-and-suspension.md	623	language	pending	Not yet reconciled
req.use.registered-profile-set	spec/lang/11-requirements-and-suspension.md	624	language	pending	Not yet reconciled
req.use.host-configuration	spec/lang/11-requirements-and-suspension.md	625	language	pending	Not yet reconciled
req.use.no-dynamic-search	spec/lang/11-requirements-and-suspension.md	626	language	pending	Not yet reconciled
req.use.value.ordinary	spec/lang/11-requirements-and-suspension.md	636	language	pending	Not yet reconciled
req.use.value.access	spec/lang/11-requirements-and-suspension.md	637	language	pending	Not yet reconciled
req.use.value.flow	spec/lang/11-requirements-and-suspension.md	638	language	pending	Not yet reconciled
req.use.value.outlives-scope	spec/lang/11-requirements-and-suspension.md	639	language	pending	Not yet reconciled
req.use.value.row-meaning	spec/lang/11-requirements-and-suspension.md	640	language	pending	Not yet reconciled
req.use.namespace	spec/lang/11-requirements-and-suspension.md	644	language	pending	Not yet reconciled
req.use.namespace.keys	spec/lang/11-requirements-and-suspension.md	645	language	pending	Not yet reconciled
req.with.block	spec/lang/11-requirements-and-suspension.md	657	language	pending	Not yet reconciled
req.with.evaluated	spec/lang/11-requirements-and-suspension.md	658	language	pending	Not yet reconciled
req.with.type	spec/lang/11-requirements-and-suspension.md	659	language	pending	Not yet reconciled
req.with.type.binding	spec/lang/11-requirements-and-suspension.md	660	language	pending	Not yet reconciled
req.with.nested	spec/lang/11-requirements-and-suspension.md	661	language	pending	Not yet reconciled
req.with.nearest	spec/lang/11-requirements-and-suspension.md	662	language	pending	Not yet reconciled
req.with.nearest.which	spec/lang/11-requirements-and-suspension.md	663	language	pending	Not yet reconciled
req.with.nearest.suspending	spec/lang/11-requirements-and-suspension.md	664	language	pending	Not yet reconciled
req.with.nearest.row-parameter	spec/lang/11-requirements-and-suspension.md	665	language	pending	Not yet reconciled
req.with.nearest.forced	spec/lang/11-requirements-and-suspension.md	666	language	pending	Not yet reconciled
req.with.nearest.not-error	spec/lang/11-requirements-and-suspension.md	667	language	pending	Not yet reconciled
req.with.dynamic	spec/lang/11-requirements-and-suspension.md	736	language	pending	Not yet reconciled
req.with.lexical	spec/lang/11-requirements-and-suspension.md	737	language	pending	Not yet reconciled
req.with.lexical.row	spec/lang/11-requirements-and-suspension.md	738	language	pending	Not yet reconciled
req.with.collision.compared	spec/lang/11-requirements-and-suspension.md	749	language	pending	Not yet reconciled
req.with.collision.closure	spec/lang/11-requirements-and-suspension.md	750	language	pending	Not yet reconciled
req.with.collision.closure.outer	spec/lang/11-requirements-and-suspension.md	751	language	pending	Not yet reconciled
req.with.collision	spec/lang/11-requirements-and-suspension.md	752	language	pending	Not yet reconciled
req.with.collision.context	spec/lang/11-requirements-and-suspension.md	753	language	pending	Not yet reconciled
req.with.collision.exact	spec/lang/11-requirements-and-suspension.md	754	language	pending	Not yet reconciled
req.with.collision.before-erasure	spec/lang/11-requirements-and-suspension.md	755	language	pending	Not yet reconciled
req.with.collision.concrete	spec/lang/11-requirements-and-suspension.md	756	language	pending	Not yet reconciled
req.with.collision.bindings	spec/lang/11-requirements-and-suspension.md	757	language	pending	Not yet reconciled
req.context.row	spec/lang/11-requirements-and-suspension.md	815	language	pending	Not yet reconciled
req.context.dollar	spec/lang/11-requirements-and-suspension.md	816	language	pending	Not yet reconciled
req.context.empty	spec/lang/11-requirements-and-suspension.md	817	language	pending	Not yet reconciled
req.context.create	spec/lang/11-requirements-and-suspension.md	818	language	pending	Not yet reconciled
req.context.spread	spec/lang/11-requirements-and-suspension.md	819	language	pending	Not yet reconciled
req.context.spread.suffix	spec/lang/11-requirements-and-suspension.md	820	language	pending	Not yet reconciled
req.context.order	spec/lang/11-requirements-and-suspension.md	821	language	pending	Not yet reconciled
req.context.one-per-key	spec/lang/11-requirements-and-suspension.md	822	language	pending	Not yet reconciled
req.context.grammar.categories	spec/lang/11-requirements-and-suspension.md	843	language	pending	Not yet reconciled
req.context.ordinary-values	spec/lang/11-requirements-and-suspension.md	844	language	pending	Not yet reconciled
req.context.no-handler	spec/lang/11-requirements-and-suspension.md	845	language	pending	Not yet reconciled
req.mut.trait	spec/lang/11-requirements-and-suspension.md	878	language	pending	Not yet reconciled
req.mut.trait-access	spec/lang/11-requirements-and-suspension.md	879	language	pending	Not yet reconciled
req.mut.no-spelling	spec/lang/11-requirements-and-suspension.md	880	language	pending	Not yet reconciled
req.mut.install-mutable	spec/lang/11-requirements-and-suspension.md	907	language	pending	Not yet reconciled
req.mut.install-readonly-trait	spec/lang/11-requirements-and-suspension.md	908	language	pending	Not yet reconciled
req.mut.use-mutable	spec/lang/11-requirements-and-suspension.md	923	language	pending	Not yet reconciled
req.mut.use-readonly-trait	spec/lang/11-requirements-and-suspension.md	924	language	pending	Not yet reconciled
req.mut.use.binding	spec/lang/11-requirements-and-suspension.md	925	language	pending	Not yet reconciled
req.mut.row.plain	spec/lang/11-requirements-and-suspension.md	938	language	pending	Not yet reconciled
req.mut.row.no-access-rules	spec/lang/11-requirements-and-suspension.md	939	language	pending	Not yet reconciled
req.mut.row.missing-key	spec/lang/11-requirements-and-suspension.md	940	language	pending	Not yet reconciled
req.mut.entry.trait-access	spec/lang/11-requirements-and-suspension.md	944	language	pending	Not yet reconciled
req.mut.entry.registered-access	spec/lang/11-requirements-and-suspension.md	945	language	pending	Not yet reconciled
req.mut.entry.no-marking	spec/lang/11-requirements-and-suspension.md	946	language	pending	Not yet reconciled
req.mut.capture-trait	spec/lang/11-requirements-and-suspension.md	952	language	pending	Not yet reconciled
req.mut.capture.fixed	spec/lang/11-requirements-and-suspension.md	953	language	pending	Not yet reconciled
req.suspend.marker	spec/lang/11-requirements-and-suspension.md	971	language	pending	Not yet reconciled
req.suspend.two-forms	spec/lang/11-requirements-and-suspension.md	972	language	pending	Not yet reconciled
req.suspend.cold	spec/lang/11-requirements-and-suspension.md	973	language	pending	Not yet reconciled
req.suspend.cold.captures	spec/lang/11-requirements-and-suspension.md	974	language	pending	Not yet reconciled
req.suspend.bang	spec/lang/11-requirements-and-suspension.md	975	language	pending	Not yet reconciled
req.suspend.bang.point	spec/lang/11-requirements-and-suspension.md	976	language	pending	Not yet reconciled
req.suspend.type.equivalent	spec/lang/11-requirements-and-suspension.md	989	language	pending	Not yet reconciled
req.suspend.type.spellings	spec/lang/11-requirements-and-suspension.md	990	language	pending	Not yet reconciled
req.suspend.type.conversion	spec/lang/11-requirements-and-suspension.md	991	language	pending	Not yet reconciled
req.suspend.type.plain-call	spec/lang/11-requirements-and-suspension.md	992	language	pending	Not yet reconciled
req.suspend.type.bang	spec/lang/11-requirements-and-suspension.md	993	language	pending	Not yet reconciled
req.suspend.type.not-suspending	spec/lang/11-requirements-and-suspension.md	994	language	pending	Not yet reconciled
req.suspend.type.readonly-binding	spec/lang/11-requirements-and-suspension.md	995	language	pending	Not yet reconciled
req.suspend.closure.marker	spec/lang/11-requirements-and-suspension.md	1015	language	pending	Not yet reconciled
req.suspend.closure.requirements	spec/lang/11-requirements-and-suspension.md	1016	language	pending	Not yet reconciled
req.suspend.closure.row-inference	spec/lang/11-requirements-and-suspension.md	1017	language	pending	Not yet reconciled
req.suspend.closure.trailing-only	spec/lang/11-requirements-and-suspension.md	1018	language	pending	Not yet reconciled
req.bang.suffix	spec/lang/11-requirements-and-suspension.md	1025	language	pending	Not yet reconciled
req.bang.not-negation	spec/lang/11-requirements-and-suspension.md	1026	language	pending	Not yet reconciled
req.bang.driver-contexts	spec/lang/11-requirements-and-suspension.md	1027	language	pending	Not yet reconciled
req.bang.top-level	spec/lang/11-requirements-and-suspension.md	1028	language	pending	Not yet reconciled
req.bang.active	spec/lang/11-requirements-and-suspension.md	1029	language	pending	Not yet reconciled
req.bang.pending-not-active	spec/lang/11-requirements-and-suspension.md	1030	language	pending	Not yet reconciled
req.bang.test-driven	spec/lang/11-requirements-and-suspension.md	1031	language	pending	Not yet reconciled
req.bang.requirements-not-suspending	spec/lang/11-requirements-and-suspension.md	1032	language	pending	Not yet reconciled
req.drive.bang	spec/lang/11-requirements-and-suspension.md	1041	language	pending	Not yet reconciled
req.drive.once	spec/lang/11-requirements-and-suspension.md	1042	language	pending	Not yet reconciled
req.drive.not-method	spec/lang/11-requirements-and-suspension.md	1043	language	pending	Not yet reconciled
req.drive.block-on	spec/lang/11-requirements-and-suspension.md	1044	language	pending	Not yet reconciled
req.drive.block-on.forbidden-contexts	spec/lang/11-requirements-and-suspension.md	1045	language	pending	Not yet reconciled
req.drive.block-on.fact-contexts	spec/lang/11-requirements-and-suspension.md	1046	language	pending	Not yet reconciled
req.drive.block-on.transitive	spec/lang/11-requirements-and-suspension.md	1047	language	pending	Not yet reconciled
req.drive.block-on.unprovable	spec/lang/11-requirements-and-suspension.md	1048	language	pending	Not yet reconciled
req.drive.block-on.error	spec/lang/11-requirements-and-suspension.md	1049	language	pending	Not yet reconciled
req.drive.block-on.under-driver	spec/lang/11-requirements-and-suspension.md	1050	language	pending	Not yet reconciled
req.drive.block-on.inner-only	spec/lang/11-requirements-and-suspension.md	1051	language	pending	Not yet reconciled
req.entry.driver	spec/lang/11-requirements-and-suspension.md	1069	language	source-reconciled-validation-pending	REPORT.md A06; subsystem and challenge evidence
req.entry.waker-driven	spec/lang/11-requirements-and-suspension.md	1070	language	source-reconciled-validation-pending	REPORT.md A06; subsystem and challenge evidence
req.entry.pending	spec/lang/11-requirements-and-suspension.md	1071	language	source-reconciled-validation-pending	REPORT.md A06; subsystem and challenge evidence
req.entry.busy-poll	spec/lang/11-requirements-and-suspension.md	1072	language	source-reconciled-validation-pending	REPORT.md A06; subsystem and challenge evidence
req.host-wait.leaf	spec/lang/11-requirements-and-suspension.md	1076	language	pending	Not yet reconciled
req.host-wait.source	spec/lang/11-requirements-and-suspension.md	1077	language	pending	Not yet reconciled
req.protocol.sealed	spec/lang/11-requirements-and-suspension.md	1094	language	pending	Not yet reconciled
req.protocol.implementers	spec/lang/11-requirements-and-suspension.md	1095	language	pending	Not yet reconciled
req.protocol.no-other	spec/lang/11-requirements-and-suspension.md	1096	language	pending	Not yet reconciled
req.value.cold	spec/lang/11-requirements-and-suspension.md	1105	language	pending	Not yet reconciled
req.value.single	spec/lang/11-requirements-and-suspension.md	1106	language	pending	Not yet reconciled
req.value.exclusive	spec/lang/11-requirements-and-suspension.md	1107	language	pending	Not yet reconciled
req.value.stateful	spec/lang/11-requirements-and-suspension.md	1108	language	pending	Not yet reconciled
req.poll-context.construction	spec/lang/11-requirements-and-suspension.md	1125	language	pending	Not yet reconciled
req.poll-context.waker	spec/lang/11-requirements-and-suspension.md	1126	language	pending	Not yet reconciled
req.poll-context.user	spec/lang/11-requirements-and-suspension.md	1127	language	pending	Not yet reconciled
req.waker.arrange	spec/lang/11-requirements-and-suspension.md	1131	language	pending	Not yet reconciled
req.waker.retained	spec/lang/11-requirements-and-suspension.md	1132	language	pending	Not yet reconciled
req.waker.coalesced	spec/lang/11-requirements-and-suspension.md	1133	language	pending	Not yet reconciled
req.waker.no-result	spec/lang/11-requirements-and-suspension.md	1134	language	pending	Not yet reconciled
req.check.panics	spec/lang/11-requirements-and-suspension.md	1138	language	pending	Not yet reconciled
req.check.cancel-active	spec/lang/11-requirements-and-suspension.md	1139	language	pending	Not yet reconciled
req.check.cancel-active.no-effect	spec/lang/11-requirements-and-suspension.md	1140	language	pending	Not yet reconciled
req.check.cancel-idempotent	spec/lang/11-requirements-and-suspension.md	1141	language	pending	Not yet reconciled
req.check.poll-cancelled	spec/lang/11-requirements-and-suspension.md	1142	language	pending	Not yet reconciled
req.check.runtime-only	spec/lang/11-requirements-and-suspension.md	1143	language	pending	Not yet reconciled
req.check.code.competing	spec/lang/11-requirements-and-suspension.md	1144	language	pending	Not yet reconciled
req.check.code.reentrant	spec/lang/11-requirements-and-suspension.md	1145	language	pending	Not yet reconciled
req.check.code.invalid-state	spec/lang/11-requirements-and-suspension.md	1146	language	pending	Not yet reconciled
req.discard.cold	spec/lang/11-requirements-and-suspension.md	1150	language	pending	Not yet reconciled
req.discard.started	spec/lang/11-requirements-and-suspension.md	1151	language	pending	Not yet reconciled
req.discard.abandoned	spec/lang/11-requirements-and-suspension.md	1152	language	pending	Not yet reconciled
req.schedule.one-thread	spec/lang/11-requirements-and-suspension.md	1156	language	pending	Not yet reconciled
req.schedule.yield-points	spec/lang/11-requirements-and-suspension.md	1157	language	pending	Not yet reconciled
req.schedule.all-unfinished	spec/lang/11-requirements-and-suspension.md	1158	language	pending	Not yet reconciled
req.schedule.all-completed	spec/lang/11-requirements-and-suspension.md	1159	language	pending	Not yet reconciled
req.lowering.sugar	spec/lang/11-requirements-and-suspension.md	1166	language	pending	Not yet reconciled
req.lowering.frame	spec/lang/11-requirements-and-suspension.md	1167	language	pending	Not yet reconciled
req.lowering.poll	spec/lang/11-requirements-and-suspension.md	1168	language	pending	Not yet reconciled
req.lowering.representation	spec/lang/11-requirements-and-suspension.md	1169	language	pending	Not yet reconciled
req.bind.construction	spec/lang/11-requirements-and-suspension.md	1218	language	pending	Not yet reconciled
req.bind.captured	spec/lang/11-requirements-and-suspension.md	1219	language	pending	Not yet reconciled
req.bind.caller	spec/lang/11-requirements-and-suspension.md	1220	language	pending	Not yet reconciled
req.cancel.synchronous	spec/lang/11-requirements-and-suspension.md	1242	language	pending	Not yet reconciled
req.cancel.steps	spec/lang/11-requirements-and-suspension.md	1243	language	pending	Not yet reconciled
req.cancel.defer	spec/lang/11-requirements-and-suspension.md	1244	language	pending	Not yet reconciled
req.cancel.cooperative	spec/lang/11-requirements-and-suspension.md	1245	language	pending	Not yet reconciled
req.cancel.external-abort	spec/lang/11-requirements-and-suspension.md	1246	language	pending	Not yet reconciled
req.cancel.no-ownership	spec/lang/11-requirements-and-suspension.md	1247	language	pending	Not yet reconciled
req.cancel.hook-synchronous	spec/lang/11-requirements-and-suspension.md	1248	language	pending	Not yet reconciled
req.combinator.cancel-children	spec/lang/11-requirements-and-suspension.md	1252	language	pending	Not yet reconciled
req.combinator.race-losers	spec/lang/11-requirements-and-suspension.md	1253	language	pending	Not yet reconciled
req.combinator.intrinsic	spec/lang/11-requirements-and-suspension.md	1254	language	pending	Not yet reconciled
req.combinator.bang-called	spec/lang/11-requirements-and-suspension.md	1255	language	pending	Not yet reconciled
req.combinator.not-syntax	spec/lang/11-requirements-and-suspension.md	1256	language	pending	Not yet reconciled
req.combinator.user	spec/lang/11-requirements-and-suspension.md	1257	language	pending	Not yet reconciled
req.combinator.race-signature	spec/lang/11-requirements-and-suspension.md	1258	language	pending	Not yet reconciled
req.combinator.race-join	spec/lang/11-requirements-and-suspension.md	1259	language	pending	Not yet reconciled
req.combinator.race-empty	spec/lang/11-requirements-and-suspension.md	1260	language	pending	Not yet reconciled
req.combinator.race-empty-literal	spec/lang/11-requirements-and-suspension.md	1261	language	pending	Not yet reconciled
req.combinator.race-empty-run	spec/lang/11-requirements-and-suspension.md	1262	language	pending	Not yet reconciled
req.combinator.library-rest	spec/lang/11-requirements-and-suspension.md	1263	language	pending	Not yet reconciled
req.combinator.all-typing	spec/lang/11-requirements-and-suspension.md	1287	language	pending	Not yet reconciled
req.combinator.all-argument	spec/lang/11-requirements-and-suspension.md	1288	language	pending	Not yet reconciled
req.combinator.all-direct	spec/lang/11-requirements-and-suspension.md	1289	language	pending	Not yet reconciled
req.combinator.all-bang-child	spec/lang/11-requirements-and-suspension.md	1290	language	pending	Not yet reconciled
req.poly.row-parameter	spec/lang/11-requirements-and-suspension.md	1338	language	pending	Not yet reconciled
req.poly.extension	spec/lang/11-requirements-and-suspension.md	1339	language	pending	Not yet reconciled
req.poly.extension.form	spec/lang/11-requirements-and-suspension.md	1340	language	pending	Not yet reconciled
req.poly.kind.marked	spec/lang/11-requirements-and-suspension.md	1341	language	pending	Not yet reconciled
req.poly.naming	spec/lang/11-requirements-and-suspension.md	1342	language	pending	Not yet reconciled
req.poly.least	spec/lang/11-requirements-and-suspension.md	1343	language	pending	Not yet reconciled
req.poly.least.example	spec/lang/11-requirements-and-suspension.md	1344	language	pending	Not yet reconciled
req.poly.absent-matches	spec/lang/11-requirements-and-suspension.md	1345	language	pending	Not yet reconciled
req.poly.body	spec/lang/11-requirements-and-suspension.md	1346	language	pending	Not yet reconciled
req.poly.one-body	spec/lang/11-requirements-and-suspension.md	1347	language	pending	Not yet reconciled
req.poly.no-subtraction	spec/lang/11-requirements-and-suspension.md	1348	language	pending	Not yet reconciled
req.poly.rows-only	spec/lang/11-requirements-and-suspension.md	1349	language	pending	Not yet reconciled
req.runtime.driver	spec/lang/11-requirements-and-suspension.md	1384	language	pending	Not yet reconciled
req.runtime.exclusive	spec/lang/11-requirements-and-suspension.md	1385	language	pending	Not yet reconciled
req.runtime.explicit-provider	spec/lang/11-requirements-and-suspension.md	1386	language	pending	Not yet reconciled
req.runtime.library	spec/lang/11-requirements-and-suspension.md	1387	language	pending	Not yet reconciled
req.runtime.cancel-cleanup	spec/lang/11-requirements-and-suspension.md	1388	language	pending	Not yet reconciled
req.determinism.inputs	spec/lang/11-requirements-and-suspension.md	1392	language	pending	Not yet reconciled
req.determinism.depends	spec/lang/11-requirements-and-suspension.md	1393	language	pending	Not yet reconciled
req.determinism.no-other-source	spec/lang/11-requirements-and-suspension.md	1394	language	pending	Not yet reconciled
req.determinism.replay	spec/lang/11-requirements-and-suspension.md	1395	language	pending	Not yet reconciled
req.determinism.hash-seeded	spec/lang/11-requirements-and-suspension.md	1396	language	pending	Not yet reconciled
req.determinism.limits	spec/lang/11-requirements-and-suspension.md	1397	language	pending	Not yet reconciled
req.determinism.limits-profile	spec/lang/11-requirements-and-suspension.md	1398	language	pending	Not yet reconciled
req.determinism.weak	spec/lang/11-requirements-and-suspension.md	1399	language	pending	Not yet reconciled
gadt.intro.refine	spec/lang/13-gadts.md	7	language	pending	Not yet reconciled
gadt.intro.recover	spec/lang/13-gadts.md	8	language	pending	Not yet reconciled
gadt.result.declare	spec/lang/13-gadts.md	33	language	pending	Not yet reconciled
gadt.result.owner	spec/lang/13-gadts.md	34	language	pending	Not yet reconciled
gadt.result.refine	spec/lang/13-gadts.md	35	language	pending	Not yet reconciled
gadt.result.shared-data	spec/lang/13-gadts.md	36	language	pending	Not yet reconciled
gadt.result.default	spec/lang/13-gadts.md	37	language	pending	Not yet reconciled
gadt.shared.assignable	spec/lang/13-gadts.md	62	language	pending	Not yet reconciled
gadt.construct.syntax	spec/lang/13-gadts.md	76	language	pending	Not yet reconciled
gadt.construct.order	spec/lang/13-gadts.md	77	language	pending	Not yet reconciled
gadt.construct.infer	spec/lang/13-gadts.md	78	language	pending	Not yet reconciled
gadt.construct.no-explicit	spec/lang/13-gadts.md	79	language	pending	Not yet reconciled
gadt.construct.ambiguous	spec/lang/13-gadts.md	80	language	pending	Not yet reconciled
gadt.refine.equalities	spec/lang/13-gadts.md	105	language	pending	Not yet reconciled
gadt.refine.arm-local	spec/lang/13-gadts.md	106	language	pending	Not yet reconciled
gadt.refine.scope	spec/lang/13-gadts.md	107	language	pending	Not yet reconciled
gadt.refine.match-type	spec/lang/13-gadts.md	108	language	pending	Not yet reconciled
gadt.refine.impossible	spec/lang/13-gadts.md	109	language	pending	Not yet reconciled
gadt.refine.exhaustive	spec/lang/13-gadts.md	110	language	pending	Not yet reconciled
gadt.pattern.syntax	spec/lang/13-gadts.md	133	language	pending	Not yet reconciled
gadt.pattern.positional	spec/lang/13-gadts.md	134	language	pending	Not yet reconciled
gadt.pattern.named	spec/lang/13-gadts.md	135	language	pending	Not yet reconciled
gadt.pattern.literal	spec/lang/13-gadts.md	136	language	pending	Not yet reconciled
gadt.pattern.order	spec/lang/13-gadts.md	137	language	pending	Not yet reconciled
gadt.check.owner	spec/lang/13-gadts.md	145	language	pending	Not yet reconciled
gadt.check.well-formed	spec/lang/13-gadts.md	146	language	pending	Not yet reconciled
gadt.check.payload	spec/lang/13-gadts.md	147	language	pending	Not yet reconciled
gadt.check.construct	spec/lang/13-gadts.md	148	language	pending	Not yet reconciled
gadt.check.no-escape	spec/lang/13-gadts.md	149	language	pending	Not yet reconciled
gadt.existential.def	spec/lang/13-gadts.md	155	language	pending	Not yet reconciled
gadt.existential.fresh	spec/lang/13-gadts.md	156	language	pending	Not yet reconciled
gadt.existential.bounds	spec/lang/13-gadts.md	157	language	pending	Not yet reconciled
gadt.existential.no-escape	spec/lang/13-gadts.md	158	language	pending	Not yet reconciled
gadt.runtime.compile-time	spec/lang/13-gadts.md	162	language	pending	Not yet reconciled
gadt.runtime.tag	spec/lang/13-gadts.md	163	language	pending	Not yet reconciled
gadt.runtime.erased	spec/lang/13-gadts.md	164	language	pending	Not yet reconciled
gadt.runtime.evidence	spec/lang/13-gadts.md	165	language	pending	Not yet reconciled
gadt.runtime.evidence.match	spec/lang/13-gadts.md	166	language	pending	Not yet reconciled
gadt.unify.first-order	spec/lang/13-gadts.md	184	language	pending	Not yet reconciled
gadt.unify.aliases	spec/lang/13-gadts.md	185	language	pending	Not yet reconciled
gadt.unify.solvable	spec/lang/13-gadts.md	186	language	pending	Not yet reconciled
gadt.unify.nominal	spec/lang/13-gadts.md	187	language	pending	Not yet reconciled
gadt.unify.solution	spec/lang/13-gadts.md	188	language	pending	Not yet reconciled
gadt.unify.exhaustive	spec/lang/13-gadts.md	192	language	pending	Not yet reconciled
gadt.unify.catch-all	spec/lang/13-gadts.md	193	language	pending	Not yet reconciled
gadt.unify.nested	spec/lang/13-gadts.md	194	language	pending	Not yet reconciled
gadt.unify.contradiction	spec/lang/13-gadts.md	195	language	pending	Not yet reconciled
gadt.unify.variance	spec/lang/13-gadts.md	196	language	pending	Not yet reconciled
gadt.unify.no-cast	spec/lang/13-gadts.md	197	language	pending	Not yet reconciled
gadt.erasure.dynamic	spec/lang/13-gadts.md	201	language	pending	Not yet reconciled
gadt.erasure.no-descriptor	spec/lang/13-gadts.md	202	language	pending	Not yet reconciled
annot.decorator.targets	spec/lang/14-annotations.md	93	language	pending	Not yet reconciled
annot.decorator.members	spec/lang/14-annotations.md	94	language	pending	Not yet reconciled
annot.decorator.attach	spec/lang/14-annotations.md	95	language	pending	Not yet reconciled
annot.decorator.no-locals	spec/lang/14-annotations.md	96	language	pending	Not yet reconciled
annot.decorator.no-module	spec/lang/14-annotations.md	97	language	pending	Not yet reconciled
annot.decorator.function-derive	spec/lang/14-annotations.md	98	language	pending	Not yet reconciled
annot.decorator.derive-targets	spec/lang/14-annotations.md	99	language	pending	Not yet reconciled
annot.decorator.duplicate	spec/lang/14-annotations.md	100	language	pending	Not yet reconciled
annot.decorator.facts-of	spec/lang/14-annotations.md	101	language	pending	Not yet reconciled
annot.decorator.no-listing	spec/lang/14-annotations.md	102	language	pending	Not yet reconciled
annot.decorator.bare-call	spec/lang/14-annotations.md	137	language	pending	Not yet reconciled
annot.decorator.bare-call.only	spec/lang/14-annotations.md	138	language	pending	Not yet reconciled
annot.facts-of.declared	spec/lang/14-annotations.md	211	language	pending	Not yet reconciled
annot.facts-of.target	spec/lang/14-annotations.md	212	language	pending	Not yet reconciled
annot.facts-of.result	spec/lang/14-annotations.md	213	language	pending	Not yet reconciled
annot.facts-of.target.error	spec/lang/14-annotations.md	214	language	pending	Not yet reconciled
annot.metadata.places	spec/lang/14-annotations.md	252	language	pending	Not yet reconciled
annot.metadata.params-at-only	spec/lang/14-annotations.md	253	language	pending	Not yet reconciled
annot.metadata.list-any	spec/lang/14-annotations.md	254	language	pending	Not yet reconciled
annot.metadata.any-value	spec/lang/14-annotations.md	255	language	pending	Not yet reconciled
annot.metadata.eval	spec/lang/14-annotations.md	256	language	pending	Not yet reconciled
annot.metadata.duplicate	spec/lang/14-annotations.md	257	language	pending	Not yet reconciled
annot.target.kind.fn	spec/lang/14-annotations.md	346	language	pending	Not yet reconciled
annot.target.kind.data	spec/lang/14-annotations.md	347	language	pending	Not yet reconciled
annot.target.kind.enum	spec/lang/14-annotations.md	348	language	pending	Not yet reconciled
annot.target.kind.field	spec/lang/14-annotations.md	349	language	pending	Not yet reconciled
annot.target.kind.variant	spec/lang/14-annotations.md	350	language	pending	Not yet reconciled
annot.target.kind.param	spec/lang/14-annotations.md	351	language	pending	Not yet reconciled
annot.target.kind.trait	spec/lang/14-annotations.md	352	language	pending	Not yet reconciled
annot.target.kind.impl	spec/lang/14-annotations.md	353	language	pending	Not yet reconciled
annot.target.kind.method	spec/lang/14-annotations.md	354	language	pending	Not yet reconciled
annot.target.kind.newtype-kind	spec/lang/14-annotations.md	355	language	pending	Not yet reconciled
annot.target.declarations	spec/lang/14-annotations.md	357	language	pending	Not yet reconciled
annot.target.limit	spec/lang/14-annotations.md	358	language	pending	Not yet reconciled
annot.target.limit.kind-error	spec/lang/14-annotations.md	359	language	pending	Not yet reconciled
annot.target.unlimited	spec/lang/14-annotations.md	360	language	pending	Not yet reconciled
annot.target.recognized	spec/lang/14-annotations.md	361	language	pending	Not yet reconciled
annot.target.bootstrap	spec/lang/14-annotations.md	362	language	pending	Not yet reconciled
annot.target.kind-only.untyped	spec/lang/14-annotations.md	363	language	pending	Not yet reconciled
annot.typed-fact.declare	spec/lang/14-annotations.md	441	language	pending	Not yet reconciled
annot.typed-fact.pattern	spec/lang/14-annotations.md	442	language	pending	Not yet reconciled
annot.typed-fact.pattern.scope	spec/lang/14-annotations.md	443	language	pending	Not yet reconciled
annot.typed-fact.pattern.trivial	spec/lang/14-annotations.md	444	language	pending	Not yet reconciled
annot.typed-fact.pattern.concrete	spec/lang/14-annotations.md	445	language	pending	Not yet reconciled
annot.typed-fact.untyped	spec/lang/14-annotations.md	446	language	pending	Not yet reconciled
annot.typed-fact.untyped.no-annotate	spec/lang/14-annotations.md	447	language	pending	Not yet reconciled
annot.typed-fact.targets	spec/lang/14-annotations.md	448	language	pending	Not yet reconciled
annot.typed-fact.declared-type	spec/lang/14-annotations.md	449	language	pending	Not yet reconciled
annot.typed-fact.monomorphic	spec/lang/14-annotations.md	450	language	pending	Not yet reconciled
annot.typed-fact.monomorphic.bound	spec/lang/14-annotations.md	451	language	pending	Not yet reconciled
annot.typed-fact.infer	spec/lang/14-annotations.md	452	language	pending	Not yet reconciled
annot.typed-fact.infer.call	spec/lang/14-annotations.md	453	language	pending	Not yet reconciled
annot.typed-fact.infer.suspending	spec/lang/14-annotations.md	454	language	pending	Not yet reconciled
annot.typed-fact.infer.row	spec/lang/14-annotations.md	455	language	pending	Not yet reconciled
annot.typed-fact.infer.weaken	spec/lang/14-annotations.md	456	language	pending	Not yet reconciled
annot.typed-fact.infer.mismatch	spec/lang/14-annotations.md	457	language	pending	Not yet reconciled
annot.typed-fact.check.bounds	spec/lang/14-annotations.md	458	language	pending	Not yet reconciled
annot.typed-fact.check	spec/lang/14-annotations.md	459	language	pending	Not yet reconciled
annot.typed-fact.check.other-params	spec/lang/14-annotations.md	460	language	pending	Not yet reconciled
annot.typed-fact.check.inferred	spec/lang/14-annotations.md	461	language	pending	Not yet reconciled
annot.typed-fact.check.reported	spec/lang/14-annotations.md	462	language	pending	Not yet reconciled
annot.typed-fact.read	spec/lang/14-annotations.md	463	language	pending	Not yet reconciled
annot.derive.definition	spec/lang/14-annotations.md	638	language	pending	Not yet reconciled
annot.derive.supplied	spec/lang/14-annotations.md	639	language	pending	Not yet reconciled
annot.derive.library	spec/lang/14-annotations.md	640	language	pending	Not yet reconciled
annot.derive.opt-in	spec/lang/14-annotations.md	653	language	pending	Not yet reconciled
annot.derive.accepted	spec/lang/14-annotations.md	654	language	pending	Not yet reconciled
annot.derive.means	spec/lang/14-annotations.md	655	language	pending	Not yet reconciled
annot.derive.no-use	spec/lang/14-annotations.md	656	language	pending	Not yet reconciled
annot.derive.other	spec/lang/14-annotations.md	657	language	pending	Not yet reconciled
annot.derive.error-trait	spec/lang/14-annotations.md	658	language	pending	Not yet reconciled
annot.derive.facts-only	spec/lang/14-annotations.md	659	language	pending	Not yet reconciled
annot.derive.overlap	spec/lang/14-annotations.md	660	language	pending	Not yet reconciled
annot.structure.module	spec/lang/14-annotations.md	763	language	pending	Not yet reconciled
annot.structure.bodies	spec/lang/14-annotations.md	764	language	pending	Not yet reconciled
annot.structure.facts-contents	spec/lang/14-annotations.md	765	language	pending	Not yet reconciled
annot.structure.find-lookup	spec/lang/14-annotations.md	766	language	pending	Not yet reconciled
annot.structure.find-key	spec/lang/14-annotations.md	767	language	pending	Not yet reconciled
annot.structure.members-api	spec/lang/14-annotations.md	768	language	pending	Not yet reconciled
annot.structure.no-names	spec/lang/14-annotations.md	769	language	pending	Not yet reconciled
annot.structure.self-ref-enum	spec/lang/14-annotations.md	770	language	pending	Not yet reconciled
annot.structure.self-ref-field	spec/lang/14-annotations.md	771	language	pending	Not yet reconciled
annot.structure.sealed	spec/lang/14-annotations.md	804	language	pending	Not yet reconciled
annot.structure.generated	spec/lang/14-annotations.md	805	language	pending	Not yet reconciled
annot.structure.per-derivation	spec/lang/14-annotations.md	806	language	pending	Not yet reconciled
annot.structure.named-positions	spec/lang/14-annotations.md	807	language	pending	Not yet reconciled
annot.structure.named-positions.error	spec/lang/14-annotations.md	808	language	pending	Not yet reconciled
annot.structure.receivers	spec/lang/14-annotations.md	809	language	pending	Not yet reconciled
annot.structure.build-fresh	spec/lang/14-annotations.md	810	language	pending	Not yet reconciled
annot.structure.private	spec/lang/14-annotations.md	811	language	pending	Not yet reconciled
annot.structure.pure	spec/lang/14-annotations.md	812	language	pending	Not yet reconciled
annot.structure.pure.impl	spec/lang/14-annotations.md	813	language	pending	Not yet reconciled
annot.structure.name	spec/lang/14-annotations.md	814	language	pending	Not yet reconciled
annot.structure.name.constant	spec/lang/14-annotations.md	815	language	pending	Not yet reconciled
annot.structure.name.newtype	spec/lang/14-annotations.md	816	language	pending	Not yet reconciled
annot.structure.name.alias	spec/lang/14-annotations.md	817	language	pending	Not yet reconciled
annot.template.form	spec/lang/14-annotations.md	867	language	pending	Not yet reconciled
annot.template.not-impl	spec/lang/14-annotations.md	868	language	pending	Not yet reconciled
annot.template.module	spec/lang/14-annotations.md	869	language	pending	Not yet reconciled
annot.template.unique	spec/lang/14-annotations.md	870	language	pending	Not yet reconciled
annot.template.structure	spec/lang/14-annotations.md	871	language	pending	Not yet reconciled
annot.template.qualified-self	spec/lang/14-annotations.md	872	language	pending	Not yet reconciled
annot.template.qualified-self.receiverless	spec/lang/14-annotations.md	873	language	pending	Not yet reconciled
annot.template.body	spec/lang/14-annotations.md	874	language	pending	Not yet reconciled
annot.template.body.error	spec/lang/14-annotations.md	875	language	pending	Not yet reconciled
annot.template.instance	spec/lang/14-annotations.md	876	language	pending	Not yet reconciled
annot.template.no-families	spec/lang/14-annotations.md	877	language	pending	Not yet reconciled
annot.template.checked	spec/lang/14-annotations.md	878	language	pending	Not yet reconciled
annot.template.tuple.form	spec/lang/14-annotations.md	931	language	pending	Not yet reconciled
annot.template.tuple.rules	spec/lang/14-annotations.md	932	language	pending	Not yet reconciled
annot.template.tuple.separate	spec/lang/14-annotations.md	933	language	pending	Not yet reconciled
annot.template.tuple.implements	spec/lang/14-annotations.md	934	language	pending	Not yet reconciled
annot.template.tuple.unmet	spec/lang/14-annotations.md	935	language	pending	Not yet reconciled
annot.template.tuple.overlap	spec/lang/14-annotations.md	936	language	pending	Not yet reconciled
annot.template.tuple.instance	spec/lang/14-annotations.md	937	language	pending	Not yet reconciled
annot.block.form	spec/lang/14-annotations.md	962	language	pending	Not yet reconciled
annot.block.template	spec/lang/14-annotations.md	963	language	pending	Not yet reconciled
annot.block.module	spec/lang/14-annotations.md	964	language	pending	Not yet reconciled
annot.block.structure-use	spec/lang/14-annotations.md	965	language	pending	Not yet reconciled
annot.block.not-delegation	spec/lang/14-annotations.md	966	language	pending	Not yet reconciled
annot.block.methods	spec/lang/14-annotations.md	967	language	pending	Not yet reconciled
annot.block.lines	spec/lang/14-annotations.md	968	language	pending	Not yet reconciled
annot.block.local	spec/lang/14-annotations.md	969	language	pending	Not yet reconciled
annot.block.header	spec/lang/14-annotations.md	970	language	pending	Not yet reconciled
annot.block.gadt	spec/lang/14-annotations.md	971	language	pending	Not yet reconciled
annot.block.newtype	spec/lang/14-annotations.md	972	language	pending	Not yet reconciled
annot.block.newtype.error	spec/lang/14-annotations.md	973	language	pending	Not yet reconciled
annot.line.extend	spec/lang/14-annotations.md	1006	language	pending	Not yet reconciled
annot.line.replace	spec/lang/14-annotations.md	1007	language	pending	Not yet reconciled
annot.line.omit	spec/lang/14-annotations.md	1008	language	pending	Not yet reconciled
annot.line.self	spec/lang/14-annotations.md	1009	language	pending	Not yet reconciled
annot.line.name	spec/lang/14-annotations.md	1011	language	pending	Not yet reconciled
annot.line.enum	spec/lang/14-annotations.md	1012	language	pending	Not yet reconciled
annot.line.right-typed	spec/lang/14-annotations.md	1013	language	pending	Not yet reconciled
annot.line.right.error	spec/lang/14-annotations.md	1014	language	pending	Not yet reconciled
annot.line.right.not-list	spec/lang/14-annotations.md	1015	language	pending	Not yet reconciled
annot.line.typed	spec/lang/14-annotations.md	1016	language	pending	Not yet reconciled
annot.line.duplicate	spec/lang/14-annotations.md	1017	language	pending	Not yet reconciled
annot.line.unchanged	spec/lang/14-annotations.md	1018	language	pending	Not yet reconciled
annot.line.placement-blocks	spec/lang/14-annotations.md	1019	language	pending	Not yet reconciled
annot.omit.skip	spec/lang/14-annotations.md	1048	language	pending	Not yet reconciled
annot.omit.default	spec/lang/14-annotations.md	1049	language	pending	Not yet reconciled
annot.omit.no-default	spec/lang/14-annotations.md	1050	language	pending	Not yet reconciled
annot.omit.exempt	spec/lang/14-annotations.md	1051	language	pending	Not yet reconciled
annot.omit.only-code	spec/lang/14-annotations.md	1052	language	pending	Not yet reconciled
annot.line.drift	spec/lang/14-annotations.md	1076	language	pending	Not yet reconciled
annot.line.drift.derive	spec/lang/14-annotations.md	1077	language	pending	Not yet reconciled
annot.line.drift.legal	spec/lang/14-annotations.md	1078	language	pending	Not yet reconciled
annot.traitless.form	spec/lang/14-annotations.md	1110	language	pending	Not yet reconciled
annot.traitless.not-inherent	spec/lang/14-annotations.md	1111	language	pending	Not yet reconciled
annot.traitless.lines-only	spec/lang/14-annotations.md	1112	language	pending	Not yet reconciled
annot.traitless.no-omit	spec/lang/14-annotations.md	1113	language	pending	Not yet reconciled
annot.traitless.after-decorators	spec/lang/14-annotations.md	1114	language	pending	Not yet reconciled
annot.traitless.self	spec/lang/14-annotations.md	1115	language	pending	Not yet reconciled
annot.traitless.declaration-facts	spec/lang/14-annotations.md	1116	language	pending	Not yet reconciled
annot.traitless.then-blocks	spec/lang/14-annotations.md	1117	language	pending	Not yet reconciled
annot.traitless.module	spec/lang/14-annotations.md	1118	language	pending	Not yet reconciled
annot.traitless.local	spec/lang/14-annotations.md	1119	language	pending	Not yet reconciled
annot.traitless.target	spec/lang/14-annotations.md	1120	language	pending	Not yet reconciled
annot.traitless.by	spec/lang/14-annotations.md	1121	language	pending	Not yet reconciled
annot.traitless.generic	spec/lang/14-annotations.md	1122	language	pending	Not yet reconciled
annot.traitless.generic.rename	spec/lang/14-annotations.md	1123	language	pending	Not yet reconciled
annot.traitless.generic.error	spec/lang/14-annotations.md	1124	language	pending	Not yet reconciled
annot.traitless.unique	spec/lang/14-annotations.md	1125	language	pending	Not yet reconciled
annot.fact.descriptive	spec/lang/14-annotations.md	1173	language	pending	Not yet reconciled
annot.fact.type-level-decorator	spec/lang/14-annotations.md	1174	language	pending	Not yet reconciled
annot.fact.member-metadata	spec/lang/14-annotations.md	1175	language	pending	Not yet reconciled
annot.fact.payload	spec/lang/14-annotations.md	1176	language	pending	Not yet reconciled
annot.fact.shared	spec/lang/14-annotations.md	1177	language	pending	Not yet reconciled
annot.fact.eval	spec/lang/14-annotations.md	1178	language	pending	Not yet reconciled
annot.fact.read	spec/lang/14-annotations.md	1179	language	pending	Not yet reconciled
annot.fact.default	spec/lang/14-annotations.md	1180	language	pending	Not yet reconciled
annot.fact.unused-non-std	spec/lang/14-annotations.md	1181	language	pending	Not yet reconciled
annot.fact.unused-std	spec/lang/14-annotations.md	1182	language	pending	Not yet reconciled
annot.fact.unused-self-line	spec/lang/14-annotations.md	1183	language	pending	Not yet reconciled
annot.fact.unused-self-line.per-trait	spec/lang/14-annotations.md	1184	language	pending	Not yet reconciled
annot.fact.unused-block-decorator	spec/lang/14-annotations.md	1185	language	pending	Not yet reconciled
annot.fact.unused-block-decorator.any-type	spec/lang/14-annotations.md	1186	language	pending	Not yet reconciled
annot.fact.unused-block-decorator.fix	spec/lang/14-annotations.md	1187	language	pending	Not yet reconciled
annot.fact.duplicate-decorator	spec/lang/14-annotations.md	1188	language	pending	Not yet reconciled
annot.fact.no-block-on	spec/lang/14-annotations.md	1227	language	pending	Not yet reconciled
annot.fact.no-block-on.unprovable	spec/lang/14-annotations.md	1228	language	pending	Not yet reconciled
annot.fact.no-block-on.error	spec/lang/14-annotations.md	1229	language	pending	Not yet reconciled
annot.walk.match	spec/lang/14-annotations.md	1266	language	pending	Not yet reconciled
annot.walk.members	spec/lang/14-annotations.md	1267	language	source-reconciled-validation-pending	REPORT.md A04; subsystem and challenge evidence
annot.walk.value	spec/lang/14-annotations.md	1268	language	pending	Not yet reconciled
annot.walk.error	spec/lang/14-annotations.md	1269	language	pending	Not yet reconciled
annot.walk.nested	spec/lang/14-annotations.md	1270	language	pending	Not yet reconciled
annot.walk.rest	spec/lang/14-annotations.md	1271	language	pending	Not yet reconciled
annot.walk.rest.default	spec/lang/14-annotations.md	1272	language	pending	Not yet reconciled
annot.describe.order	spec/lang/14-annotations.md	1276	language	pending	Not yet reconciled
annot.describe.no-value	spec/lang/14-annotations.md	1277	language	pending	Not yet reconciled
annot.describe.error	spec/lang/14-annotations.md	1278	language	pending	Not yet reconciled
annot.build.variant	spec/lang/14-annotations.md	1282	language	pending	Not yet reconciled
annot.build.next	spec/lang/14-annotations.md	1283	language	pending	Not yet reconciled
annot.build.member	spec/lang/14-annotations.md	1284	language	pending	Not yet reconciled
annot.build.missing	spec/lang/14-annotations.md	1285	language	pending	Not yet reconciled
annot.build.construct	spec/lang/14-annotations.md	1286	language	pending	Not yet reconciled
annot.build.errors	spec/lang/14-annotations.md	1287	language	pending	Not yet reconciled
annot.build.foreign-key	spec/lang/14-annotations.md	1288	language	pending	Not yet reconciled
annot.build.shared	spec/lang/14-annotations.md	1289	language	pending	Not yet reconciled
annot.member.info	spec/lang/14-annotations.md	1293	language	pending	Not yet reconciled
annot.member.embedded	spec/lang/14-annotations.md	1294	language	pending	Not yet reconciled
annot.member.positional	spec/lang/14-annotations.md	1295	language	pending	Not yet reconciled
annot.variant.info	spec/lang/14-annotations.md	1296	language	pending	Not yet reconciled
annot.variant.data	spec/lang/14-annotations.md	1297	language	pending	Not yet reconciled
annot.variant.data-facts	spec/lang/14-annotations.md	1298	language	pending	Not yet reconciled
annot.variant.shared	spec/lang/14-annotations.md	1299	language	pending	Not yet reconciled
annot.variant.shared.no-handle	spec/lang/14-annotations.md	1300	language	pending	Not yet reconciled
annot.tuple.structure	spec/lang/14-annotations.md	1326	language	pending	Not yet reconciled
annot.tuple.variant	spec/lang/14-annotations.md	1327	language	pending	Not yet reconciled
annot.tuple.members	spec/lang/14-annotations.md	1328	language	pending	Not yet reconciled
annot.tuple.name	spec/lang/14-annotations.md	1329	language	pending	Not yet reconciled
annot.tuple.rest	spec/lang/14-annotations.md	1330	language	pending	Not yet reconciled
annot.tuple.self-ref	spec/lang/14-annotations.md	1331	language	pending	Not yet reconciled
annot.tuple.no-default	spec/lang/14-annotations.md	1332	language	pending	Not yet reconciled
annot.tuple.build	spec/lang/14-annotations.md	1333	language	pending	Not yet reconciled
annot.self-ref.enclosing	spec/lang/14-annotations.md	1346	language	pending	Not yet reconciled
annot.self-ref.enclosing.arguments	spec/lang/14-annotations.md	1347	language	pending	Not yet reconciled
annot.self-ref.refers	spec/lang/14-annotations.md	1348	language	pending	Not yet reconciled
annot.self-ref.refers.members	spec/lang/14-annotations.md	1349	language	pending	Not yet reconciled
annot.self-ref.needs.self	spec/lang/14-annotations.md	1350	language	pending	Not yet reconciled
annot.self-ref.needs.compound	spec/lang/14-annotations.md	1351	language	pending	Not yet reconciled
annot.self-ref.needs.result	spec/lang/14-annotations.md	1352	language	pending	Not yet reconciled
annot.self-ref.needs.enum	spec/lang/14-annotations.md	1353	language	pending	Not yet reconciled
annot.self-ref.needs.stop	spec/lang/14-annotations.md	1354	language	pending	Not yet reconciled
annot.self-ref.needs.only	spec/lang/14-annotations.md	1355	language	pending	Not yet reconciled
annot.self-ref.member	spec/lang/14-annotations.md	1356	language	pending	Not yet reconciled
annot.self-ref.variant	spec/lang/14-annotations.md	1357	language	pending	Not yet reconciled
annot.self-ref.variant.empty	spec/lang/14-annotations.md	1358	language	pending	Not yet reconciled
annot.self-ref.variant.omitted	spec/lang/14-annotations.md	1359	language	pending	Not yet reconciled
annot.handle.constants	spec/lang/14-annotations.md	1408	language	pending	Not yet reconciled
annot.handle.read-type	spec/lang/14-annotations.md	1409	language	pending	Not yet reconciled
annot.handle.declared-type	spec/lang/14-annotations.md	1410	language	pending	Not yet reconciled
annot.handle.field-variance	spec/lang/14-annotations.md	1411	language	pending	Not yet reconciled
annot.handle.get	spec/lang/14-annotations.md	1412	language	source-reconciled-validation-pending	REPORT.md A04; subsystem and challenge evidence
annot.handle.get.views	spec/lang/14-annotations.md	1413	language	pending	Not yet reconciled
annot.handle.get.variant	spec/lang/14-annotations.md	1414	language	pending	Not yet reconciled
annot.handle.holds	spec/lang/14-annotations.md	1415	language	pending	Not yet reconciled
annot.handle.default	spec/lang/14-annotations.md	1416	language	pending	Not yet reconciled
annot.handle.escape	spec/lang/14-annotations.md	1417	language	pending	Not yet reconciled
annot.handle.fact.typed	spec/lang/14-annotations.md	1418	language	pending	Not yet reconciled
annot.handle.fact.pattern	spec/lang/14-annotations.md	1419	language	pending	Not yet reconciled
annot.handle.fact.pattern.example	spec/lang/14-annotations.md	1420	language	pending	Not yet reconciled
annot.handle.fact.pattern.mismatch	spec/lang/14-annotations.md	1421	language	pending	Not yet reconciled
annot.handle.fact.pattern.written	spec/lang/14-annotations.md	1422	language	pending	Not yet reconciled
annot.handle.fact.exact	spec/lang/14-annotations.md	1423	language	pending	Not yet reconciled
annot.handle.fact.key	spec/lang/14-annotations.md	1424	language	pending	Not yet reconciled
annot.walker.strengthen-member	spec/lang/14-annotations.md	1482	language	pending	Not yet reconciled
annot.walker.strengthen-rest	spec/lang/14-annotations.md	1483	language	pending	Not yet reconciled
annot.walker.missing-fixed	spec/lang/14-annotations.md	1484	language	pending	Not yet reconciled
annot.walker.missing-fixed.error	spec/lang/14-annotations.md	1485	language	pending	Not yet reconciled
annot.walker.not-sealed	spec/lang/14-annotations.md	1486	language	pending	Not yet reconciled
annot.walker.obligation	spec/lang/14-annotations.md	1487	language	pending	Not yet reconciled
annot.walker.obligation.rest	spec/lang/14-annotations.md	1488	language	pending	Not yet reconciled
annot.walker.obligation.error	spec/lang/14-annotations.md	1489	language	pending	Not yet reconciled
annot.walker.generic-member-call	spec/lang/14-annotations.md	1490	language	pending	Not yet reconciled
annot.walker.generic-rest-call	spec/lang/14-annotations.md	1491	language	pending	Not yet reconciled
annot.walker.generic-missing	spec/lang/14-annotations.md	1492	language	pending	Not yet reconciled
annot.walker.concrete-call	spec/lang/14-annotations.md	1493	language	pending	Not yet reconciled
annot.bound.params	spec/lang/14-annotations.md	1520	language	pending	Not yet reconciled
annot.bound.omitted	spec/lang/14-annotations.md	1521	language	pending	Not yet reconciled
annot.bound.recursive	spec/lang/14-annotations.md	1522	language	pending	Not yet reconciled
annot.bound.more	spec/lang/14-annotations.md	1523	language	pending	Not yet reconciled
annot.limit.in-place	spec/lang/14-annotations.md	1534	language	pending	Not yet reconciled
annot.limit.interfaces	spec/lang/14-annotations.md	1535	language	pending	Not yet reconciled
annot.limit.specialize	spec/lang/14-annotations.md	1536	language	pending	Not yet reconciled
annot.error.intrinsic	spec/lang/14-annotations.md	1613	language	pending	Not yet reconciled
annot.error.name	spec/lang/14-annotations.md	1614	language	pending	Not yet reconciled
annot.error.type	spec/lang/14-annotations.md	1615	language	pending	Not yet reconciled
annot.error.generates	spec/lang/14-annotations.md	1616	language	pending	Not yet reconciled
annot.error.ordinary	spec/lang/14-annotations.md	1617	language	pending	Not yet reconciled
annot.error.hand-written	spec/lang/14-annotations.md	1618	language	pending	Not yet reconciled
annot.error.form.enum	spec/lang/14-annotations.md	1624	language	pending	Not yet reconciled
annot.error.form.variant-message	spec/lang/14-annotations.md	1625	language	pending	Not yet reconciled
annot.error.form.variant-transparent	spec/lang/14-annotations.md	1626	language	pending	Not yet reconciled
annot.error.form.data-message	spec/lang/14-annotations.md	1627	language	pending	Not yet reconciled
annot.error.form.data-transparent	spec/lang/14-annotations.md	1628	language	pending	Not yet reconciled
annot.error.form.from	spec/lang/14-annotations.md	1629	language	pending	Not yet reconciled
annot.error.form.source	spec/lang/14-annotations.md	1630	language	pending	Not yet reconciled
annot.error.form.other	spec/lang/14-annotations.md	1632	language	pending	Not yet reconciled
annot.error.form.misplaced	spec/lang/14-annotations.md	1633	language	pending	Not yet reconciled
annot.error.form.misplaced.examples	spec/lang/14-annotations.md	1634	language	pending	Not yet reconciled
annot.error.form.argument	spec/lang/14-annotations.md	1635	language	pending	Not yet reconciled
annot.error.form.argument.examples	spec/lang/14-annotations.md	1636	language	pending	Not yet reconciled
annot.error.form.marker-argument	spec/lang/14-annotations.md	1637	language	pending	Not yet reconciled
annot.error.marker	spec/lang/14-annotations.md	1638	language	pending	Not yet reconciled
annot.error.marker.no-value	spec/lang/14-annotations.md	1639	language	pending	Not yet reconciled
annot.error.marker.outside	spec/lang/14-annotations.md	1640	language	pending	Not yet reconciled
annot.error.no-use	spec/lang/14-annotations.md	1641	language	pending	Not yet reconciled
annot.error.message.string	spec/lang/14-annotations.md	1678	language	pending	Not yet reconciled
annot.error.message.scope	spec/lang/14-annotations.md	1679	language	pending	Not yet reconciled
annot.error.message.unnamed	spec/lang/14-annotations.md	1680	language	pending	Not yet reconciled
annot.error.message.shared	spec/lang/14-annotations.md	1681	language	pending	Not yet reconciled
annot.error.message.shared-unnamed	spec/lang/14-annotations.md	1682	language	pending	Not yet reconciled
annot.error.message.data	spec/lang/14-annotations.md	1683	language	pending	Not yet reconciled
annot.error.message.checked	spec/lang/14-annotations.md	1684	language	pending	Not yet reconciled
annot.error.message.display	spec/lang/14-annotations.md	1685	language	pending	Not yet reconciled
annot.error.message.no-self	spec/lang/14-annotations.md	1686	language	pending	Not yet reconciled
annot.error.message.eval	spec/lang/14-annotations.md	1687	language	pending	Not yet reconciled
annot.error.message.absent	spec/lang/14-annotations.md	1688	language	pending	Not yet reconciled
annot.error.cause.method	spec/lang/14-annotations.md	1719	language	pending	Not yet reconciled
annot.error.cause.member	spec/lang/14-annotations.md	1720	language	pending	Not yet reconciled
annot.error.cause.explicit	spec/lang/14-annotations.md	1721	language	pending	Not yet reconciled
annot.error.cause.one	spec/lang/14-annotations.md	1722	language	pending	Not yet reconciled
annot.error.cause.type	spec/lang/14-annotations.md	1723	language	pending	Not yet reconciled
annot.error.cause.optional	spec/lang/14-annotations.md	1724	language	pending	Not yet reconciled
annot.error.from.generate	spec/lang/14-annotations.md	1745	language	pending	Not yet reconciled
annot.error.from.data	spec/lang/14-annotations.md	1746	language	pending	Not yet reconciled
annot.error.from.unmarked	spec/lang/14-annotations.md	1747	language	pending	Not yet reconciled
annot.error.from.same-type	spec/lang/14-annotations.md	1748	language	pending	Not yet reconciled
annot.error.from.type-parameter	spec/lang/14-annotations.md	1749	language	pending	Not yet reconciled
annot.error.transparent.display	spec/lang/14-annotations.md	1775	language	pending	Not yet reconciled
annot.error.transparent.cause	spec/lang/14-annotations.md	1776	language	pending	Not yet reconciled
annot.error.transparent.type	spec/lang/14-annotations.md	1777	language	pending	Not yet reconciled
annot.error.bound.display	spec/lang/14-annotations.md	1799	language	pending	Not yet reconciled
annot.error.bound.error	spec/lang/14-annotations.md	1800	language	pending	Not yet reconciled
annot.error.bound.display-carried	spec/lang/14-annotations.md	1801	language	pending	Not yet reconciled
annot.error.bound.transparent	spec/lang/14-annotations.md	1802	language	pending	Not yet reconciled
annot.error.bound.carried	spec/lang/14-annotations.md	1803	language	pending	Not yet reconciled
annot.error.bound.interpolated	spec/lang/14-annotations.md	1804	language	pending	Not yet reconciled
std-cmp.derive.eq.template	spec/std/cmp.md	36	std	pending	Not yet reconciled
std-cmp.derive.eq.compare-fields	spec/std/cmp.md	37	std	pending	Not yet reconciled
std-cmp.derive.eq.no-exclusion	spec/std/cmp.md	38	std	pending	Not yet reconciled
std-cmp.derive.eq.enum	spec/std/cmp.md	39	std	pending	Not yet reconciled
std-cmp.derive.eq.variants	spec/std/cmp.md	40	std	pending	Not yet reconciled
std-cmp.derive.eq.eq	spec/std/cmp.md	41	std	pending	Not yet reconciled
std-cmp.derive.eq.cycles	spec/std/cmp.md	42	std	pending	Not yet reconciled
std-cmp.derive.eq.stack	spec/std/cmp.md	43	std	pending	Not yet reconciled
std-cmp.derive.ord.template	spec/std/cmp.md	59	std	pending	Not yet reconciled
std-cmp.derive.ord.support	spec/std/cmp.md	60	std	pending	Not yet reconciled
std-cmp.derive.ord.data	spec/std/cmp.md	61	std	pending	Not yet reconciled
std-cmp.derive.ord.variants	spec/std/cmp.md	62	std	pending	Not yet reconciled
std-cmp.derive.ord.same-variant	spec/std/cmp.md	63	std	pending	Not yet reconciled
std-cmp.derive.ord.argument-order	spec/std/cmp.md	64	std	pending	Not yet reconciled
std-cmp.derive.ord.partial	spec/std/cmp.md	65	std	pending	Not yet reconciled
std-cmp.derive.ord.ord	spec/std/cmp.md	66	std	pending	Not yet reconciled
std-cmp.tuple.templates	spec/std/cmp.md	77	std	pending	Not yet reconciled
std-cmp.tuple.elementwise	spec/std/cmp.md	78	std	pending	Not yet reconciled
std-cmp.tuple.partial	spec/std/cmp.md	79	std	pending	Not yet reconciled
std-cmp.tuple.rest	spec/std/cmp.md	80	std	pending	Not yet reconciled
std-cmp.clamp.decl	spec/std/cmp.md	100	std	pending	Not yet reconciled
std-cmp.clamp.result	spec/std/cmp.md	101	std	pending	Not yet reconciled
std-cmp.clamp.order	spec/std/cmp.md	102	std	pending	Not yet reconciled
std-collections.list.no-negative	spec/std/collections.md	30	std	pending	Not yet reconciled
std-collections.list.chunks	spec/std/collections.md	31	std	pending	Not yet reconciled
std-collections.list.chunks.size	spec/std/collections.md	32	std	pending	Not yet reconciled
std-collections.view	spec/std/collections.md	73	std	pending	Not yet reconciled
std-collections.view.type	spec/std/collections.md	74	std	pending	Not yet reconciled
std-collections.view.import	spec/std/collections.md	75	std	pending	Not yet reconciled
std-collections.view.no-copy	spec/std/collections.md	76	std	pending	Not yet reconciled
std-collections.view.range	spec/std/collections.md	77	std	pending	Not yet reconciled
std-collections.view.reversed	spec/std/collections.md	78	std	pending	Not yet reconciled
std-collections.view.len	spec/std/collections.md	79	std	pending	Not yet reconciled
std-collections.view.index	spec/std/collections.md	80	std	pending	Not yet reconciled
std-collections.view.index.range	spec/std/collections.md	81	std	pending	Not yet reconciled
std-collections.view.iter	spec/std/collections.md	82	std	pending	Not yet reconciled
std-collections.view.to-list.mut	spec/std/collections.md	83	std	pending	Not yet reconciled
std-collections.view.read-only	spec/std/collections.md	84	std	pending	Not yet reconciled
std-collections.view.writes	spec/std/collections.md	85	std	pending	Not yet reconciled
std-collections.view.invalidate	spec/std/collections.md	86	std	pending	Not yet reconciled
std-collections.view.invalidate.anywhere	spec/std/collections.md	87	std	pending	Not yet reconciled
std-collections.view.invalid-use	spec/std/collections.md	88	std	pending	Not yet reconciled
std-collections.map.contains-key	spec/std/collections.md	126	std	pending	Not yet reconciled
std-collections.map.keys	spec/std/collections.md	127	std	pending	Not yet reconciled
std-collections.map.values	spec/std/collections.md	128	std	pending	Not yet reconciled
std-collections.map.snapshot	spec/std/collections.md	129	std	pending	Not yet reconciled
std-console.eprintln.decl	spec/std/console.md	31	std	pending	Not yet reconciled
std-console.eprintln.write	spec/std/console.md	32	std	pending	Not yet reconciled
std-console.eprintln.like-println	spec/std/console.md	33	std	pending	Not yet reconciled
std-console.eprintln.row	spec/std/console.md	34	std	pending	Not yet reconciled
std-console.input.decl	spec/std/console.md	56	std	pending	Not yet reconciled
std-console.input.read-line	spec/std/console.md	57	std	pending	Not yet reconciled
std-console.input.suspends	spec/std/console.md	58	std	pending	Not yet reconciled
std-console.input.helper	spec/std/console.md	59	std	pending	Not yet reconciled
std-format.debug.render	spec/std/format.md	24	std	pending	Not yet reconciled
std-format.debug.builder.struct	spec/std/format.md	44	std	pending	Not yet reconciled
std-format.debug.builder.tuple	spec/std/format.md	45	std	pending	Not yet reconciled
std-format.debug.builder.list	spec/std/format.md	46	std	pending	Not yet reconciled
std-format.debug.builder.map	spec/std/format.md	47	std	pending	Not yet reconciled
std-format.debug.builder.write	spec/std/format.md	48	std	pending	Not yet reconciled
std-format.debug.builder.types	spec/std/format.md	50	std	pending	Not yet reconciled
std-format.debug.builder.values	spec/std/format.md	51	std	pending	Not yet reconciled
std-format.debug.builder.chain	spec/std/format.md	52	std	pending	Not yet reconciled
std-format.debug.builder.tuple.unnamed	spec/std/format.md	53	std	pending	Not yet reconciled
std-format.debug.layout	spec/std/format.md	54	std	pending	Not yet reconciled
std-format.debug.derive-builders	spec/std/format.md	55	std	pending	Not yet reconciled
std-format.debug.derive-builders.mapping	spec/std/format.md	56	std	pending	Not yet reconciled
std-format.debug.derive-builders.data	spec/std/format.md	60	std	pending	Not yet reconciled
std-format.debug.derive-builders.record	spec/std/format.md	61	std	pending	Not yet reconciled
std-format.debug.derive-builders.tuple	spec/std/format.md	62	std	pending	Not yet reconciled
std-format.debug.derive-builders.unit	spec/std/format.md	63	std	pending	Not yet reconciled
std-format.debug.derive-builders.mixed	spec/std/format.md	64	std	pending	Not yet reconciled
std-format.debug.tuple-template	spec/std/format.md	66	std	pending	Not yet reconciled
std-fs.error.decl	spec/std/fs.md	40	std	pending	Not yet reconciled
std-fs.error.one-enum	spec/std/fs.md	41	std	pending	Not yet reconciled
std-fs.error.other	spec/std/fs.md	42	std	pending	Not yet reconciled
std-fs.error.traits	spec/std/fs.md	43	std	pending	Not yet reconciled
std-fs.entry.size	spec/std/fs.md	44	std	pending	Not yet reconciled
std-fs.read.decl	spec/std/fs.md	56	std	pending	Not yet reconciled
std-fs.read.bytes	spec/std/fs.md	57	std	pending	Not yet reconciled
std-fs.read.text	spec/std/fs.md	58	std	pending	Not yet reconciled
std-fs.read.list-dir	spec/std/fs.md	59	std	pending	Not yet reconciled
std-fs.read.stat	spec/std/fs.md	60	std	pending	Not yet reconciled
std-fs.write.decl	spec/std/fs.md	74	std	pending	Not yet reconciled
std-fs.write.replace	spec/std/fs.md	75	std	pending	Not yet reconciled
std-fs.write.append	spec/std/fs.md	76	std	pending	Not yet reconciled
std-fs.write.create-dir-all	spec/std/fs.md	77	std	pending	Not yet reconciled
std-fs.write.remove	spec/std/fs.md	78	std	pending	Not yet reconciled
std-fs.write.rename	spec/std/fs.md	79	std	pending	Not yet reconciled
std-fs.write.mut	spec/std/fs.md	80	std	pending	Not yet reconciled
std-fs.suspends	spec/std/fs.md	84	std	pending	Not yet reconciled
std-fs.helper.read-text	spec/std/fs.md	101	std	pending	Not yet reconciled
std-fs.helper.write-text	spec/std/fs.md	102	std	pending	Not yet reconciled
std-fs.helper.suspends	spec/std/fs.md	103	std	pending	Not yet reconciled
std-hash.derive.hash.template	spec/std/hash.md	31	std	pending	Not yet reconciled
std-hash.derive.hash.support	spec/std/hash.md	32	std	pending	Not yet reconciled
std-hash.derive.hash.data	spec/std/hash.md	33	std	pending	Not yet reconciled
std-hash.derive.hash.enum	spec/std/hash.md	34	std	pending	Not yet reconciled
std-hash.derive.hash.fields	spec/std/hash.md	35	std	pending	Not yet reconciled
std-hash.derive.hash.cycles	spec/std/hash.md	36	std	pending	Not yet reconciled
std-hash.tuple.template	spec/std/hash.md	45	std	pending	Not yet reconciled
std-hash.tuple.combine	spec/std/hash.md	46	std	pending	Not yet reconciled
std-hash.tuple.rest-list	spec/std/hash.md	47	std	pending	Not yet reconciled
std-hash.list.impl	spec/std/hash.md	58	std	pending	Not yet reconciled
std-hash.list.combine	spec/std/hash.md	59	std	pending	Not yet reconciled
std-hash.list.not-element	spec/std/hash.md	60	std	pending	Not yet reconciled
std-hash.default.decl	spec/std/hash.md	89	std	pending	Not yet reconciled
std-hash.default.algorithm	spec/std/hash.md	90	std	pending	Not yet reconciled
std-hash.default.new	spec/std/hash.md	91	std	pending	Not yet reconciled
std-hash.default.write	spec/std/hash.md	92	std	pending	Not yet reconciled
std-hash.default.finish	spec/std/hash.md	93	std	pending	Not yet reconciled
std-hash.default.fixed	spec/std/hash.md	94	std	pending	Not yet reconciled
std-hash.hash-of	spec/std/hash.md	95	std	pending	Not yet reconciled
std-hash.default.map	spec/std/hash.md	96	std	pending	Not yet reconciled
std-host.args.decl	spec/std/host.md	24	std	pending	Not yet reconciled
std-host.args.program	spec/std/host.md	25	std	pending	Not yet reconciled
std-host.args.list	spec/std/host.md	26	std	pending	Not yet reconciled
std-host.args.helper	spec/std/host.md	27	std	pending	Not yet reconciled
std-host.env.decl	spec/std/host.md	39	std	pending	Not yet reconciled
std-host.env.get	spec/std/host.md	40	std	pending	Not yet reconciled
std-host.env.names	spec/std/host.md	41	std	pending	Not yet reconciled
std-host.env.helper	spec/std/host.md	42	std	pending	Not yet reconciled
std-host.plain-reads	spec/std/host.md	46	std	pending	Not yet reconciled
std-iter.adapter.filter	spec/std/iter.md	40	std	pending	Not yet reconciled
std-iter.adapter.take	spec/std/iter.md	41	std	pending	Not yet reconciled
std-iter.adapter.enumerate	spec/std/iter.md	42	std	pending	Not yet reconciled
std-iter.adapter.map	spec/std/iter.md	43	std	pending	Not yet reconciled
std-iter.adapter.fold	spec/std/iter.md	44	std	pending	Not yet reconciled
std-iter.adapter.collect-defaulted	spec/std/iter.md	45	std	pending	Not yet reconciled
std-iter.adapter.methods	spec/std/iter.md	47	std	pending	Not yet reconciled
std-iter.adapter.lazy	spec/std/iter.md	48	std	pending	Not yet reconciled
std-iter.adapter.lazy.map	spec/std/iter.md	49	std	pending	Not yet reconciled
std-iter.adapter.lazy.next	spec/std/iter.md	50	std	pending	Not yet reconciled
std-iter.adapter.take.limit	spec/std/iter.md	51	std	pending	Not yet reconciled
std-iter.adapter.take.negative	spec/std/iter.md	52	std	pending	Not yet reconciled
std-iter.adapter.fold.drain	spec/std/iter.md	53	std	pending	Not yet reconciled
std-iter.adapter.mut-receiver	spec/std/iter.md	54	std	pending	Not yet reconciled
std-iter.adapter.callback-row	spec/std/iter.md	55	std	pending	Not yet reconciled
std-iter.adapter.callback-row.map	spec/std/iter.md	56	std	pending	Not yet reconciled
std-iter.adapter.fold.row	spec/std/iter.md	57	std	pending	Not yet reconciled
std-iter.adapter.callback-row.capture	spec/std/iter.md	58	std	pending	Not yet reconciled
std-iter.collect.trait	spec/std/iter.md	120	std	pending	Not yet reconciled
std-iter.prelude.from-iterator	spec/std/iter.md	121	std	pending	Not yet reconciled
std-iter.collect.call	spec/std/iter.md	122	std	pending	Not yet reconciled
std-iter.collect.target	spec/std/iter.md	123	std	pending	Not yet reconciled
std-iter.collect.target-default	spec/std/iter.md	124	std	pending	Not yet reconciled
std-iter.collect.bound	spec/std/iter.md	125	std	pending	Not yet reconciled
std-iter.collect.list	spec/std/iter.md	131	std	pending	Not yet reconciled
std-iter.collect.map	spec/std/iter.md	132	std	pending	Not yet reconciled
std-iter.collect.result	spec/std/iter.md	133	std	pending	Not yet reconciled
std-iter.collect.option	spec/std/iter.md	134	std	pending	Not yet reconciled
std-iter.collect.drain	spec/std/iter.md	136	std	pending	Not yet reconciled
std-iter.collect.stop	spec/std/iter.md	137	std	pending	Not yet reconciled
std-iter.collect.map-key	spec/std/iter.md	138	std	pending	Not yet reconciled
std-iter.method.map	spec/std/iter.md	164	std	pending	Not yet reconciled
std-ops.default.trait	spec/std/ops.md	36	std	pending	Not yet reconciled
std-ops.default.import	spec/std/ops.md	37	std	pending	Not yet reconciled
std-ops.default.call	spec/std/ops.md	38	std	pending	Not yet reconciled
std-ops.default.std.integer	spec/std/ops.md	46	std	pending	Not yet reconciled
std-ops.default.std.float	spec/std/ops.md	47	std	pending	Not yet reconciled
std-ops.default.std.bool	spec/std/ops.md	48	std	pending	Not yet reconciled
std-ops.default.std.string	spec/std/ops.md	49	std	pending	Not yet reconciled
std-ops.default.std.list	spec/std/ops.md	50	std	pending	Not yet reconciled
std-ops.default.std.map	spec/std/ops.md	51	std	pending	Not yet reconciled
std-ops.default.std.optional	spec/std/ops.md	52	std	pending	Not yet reconciled
std-ops.default.std.tuple.any-size	spec/std/ops.md	53	std	pending	Not yet reconciled
std-ops.default.std.tuple.rest-empty	spec/std/ops.md	54	std	pending	Not yet reconciled
std-ops.default.std.tuple-template	spec/std/ops.md	56	std	pending	Not yet reconciled
std-ops.default.std.rest-any	spec/std/ops.md	57	std	pending	Not yet reconciled
std-ops.default.std.missing-element	spec/std/ops.md	58	std	pending	Not yet reconciled
std-ops.default.derive.template	spec/std/ops.md	120	std	pending	Not yet reconciled
std-ops.default.derive.data.declared	spec/std/ops.md	121	std	pending	Not yet reconciled
std-ops.default.derive.data.type-default	spec/std/ops.md	122	std	pending	Not yet reconciled
std-ops.default.derive.member-bound.undeclared	spec/std/ops.md	123	std	pending	Not yet reconciled
std-ops.default.derive.member-bound.declared	spec/std/ops.md	124	std	pending	Not yet reconciled
std-ops.default.derive.marker	spec/std/ops.md	125	std	pending	Not yet reconciled
std-ops.default.derive.enum	spec/std/ops.md	126	std	pending	Not yet reconciled
std-ops.default.derive.payload	spec/std/ops.md	127	std	pending	Not yet reconciled
std-ops.default.derive.one-variant	spec/std/ops.md	128	std	pending	Not yet reconciled
std-ops.default.derive.one-variant.several	spec/std/ops.md	129	std	pending	Not yet reconciled
std-path.decl	spec/std/path.md	21	std	pending	Not yet reconciled
std-path.text	spec/std/path.md	22	std	pending	Not yet reconciled
std-path.traits	spec/std/path.md	23	std	pending	Not yet reconciled
std-random.decl	spec/std/random.md	23	std	pending	Not yet reconciled
std-random.next	spec/std/random.md	24	std	pending	Not yet reconciled
std-random.fill	spec/std/random.md	25	std	pending	Not yet reconciled
std-random.plain	spec/std/random.md	26	std	pending	Not yet reconciled
std-random.mut	spec/std/random.md	27	std	pending	Not yet reconciled
std-task.combinator.retry	spec/std/task.md	24	std	pending	Not yet reconciled
std-task.combinator.retry.loop	spec/std/task.md	25	std	pending	Not yet reconciled
std-task.combinator.retry.last-error	spec/std/task.md	26	std	pending	Not yet reconciled
std-task.combinator.retry.at-least-once	spec/std/task.md	27	std	pending	Not yet reconciled
std-task.combinator.retry.cancel	spec/std/task.md	28	std	pending	Not yet reconciled
std-task.backoff.decl	spec/std/task.md	78	std	pending	Not yet reconciled
std-task.retry-with.decl	spec/std/task.md	79	std	pending	Not yet reconciled
std-task.retry-with.loop	spec/std/task.md	80	std	pending	Not yet reconciled
std-task.retry-with.last-error	spec/std/task.md	81	std	pending	Not yet reconciled
std-task.retry-with.at-least-once	spec/std/task.md	82	std	pending	Not yet reconciled
std-task.retry-with.sleep	spec/std/task.md	83	std	pending	Not yet reconciled
std-task.retry-with.delay	spec/std/task.md	84	std	pending	Not yet reconciled
std-task.retry-with.cancel	spec/std/task.md	85	std	pending	Not yet reconciled
std-testing.registration	spec/std/testing.md	47	std	spec-conflict-inspected	REPORT.md S01; subsystem and challenge evidence
std-testing.it-each.import	spec/std/testing.md	48	std	pending	Not yet reconciled
std-testing.it-each.body-closure	spec/std/testing.md	49	std	pending	Not yet reconciled
std-testing.it-each.name-clash	spec/std/testing.md	50	std	spec-conflict-inspected	REPORT.md S02; subsystem and challenge evidence
std-testing.it-prop.registers	spec/std/testing.md	51	std	pending	Not yet reconciled
std-testing.it-prop.import	spec/std/testing.md	52	std	pending	Not yet reconciled
std-testing.variants.name	spec/std/testing.md	53	std	spec-conflict-inspected	REPORT.md S02; subsystem and challenge evidence
std-testing.variants.options	spec/std/testing.md	54	std	pending	Not yet reconciled
std-testing.variants.body	spec/std/testing.md	55	std	pending	Not yet reconciled
std-testing.try.test.row-body	spec/std/testing.md	56	std	pending	Not yet reconciled
std-testing.choices.int-generic	spec/std/testing.md	92	std	pending	Not yet reconciled
std-testing.choices.float-generic	spec/std/testing.md	93	std	pending	Not yet reconciled
std-testing.choices.bool	spec/std/testing.md	94	std	pending	Not yet reconciled
std-testing.choices.pick	spec/std/testing.md	95	std	pending	Not yet reconciled
std-testing.choices.list	spec/std/testing.md	96	std	pending	Not yet reconciled
std-testing.choices.map	spec/std/testing.md	97	std	pending	Not yet reconciled
std-testing.choices.string-chars	spec/std/testing.md	98	std	pending	Not yet reconciled
std-testing.choices.assume	spec/std/testing.md	99	std	pending	Not yet reconciled
std-testing.choices.draw	spec/std/testing.md	100	std	pending	Not yet reconciled
std-testing.choices.declare	spec/std/testing.md	102	std	pending	Not yet reconciled
std-testing.choices.runner	spec/std/testing.md	103	std	pending	Not yet reconciled
std-testing.choices.no-size	spec/std/testing.md	104	std	pending	Not yet reconciled
std-testing.choices.string-limit	spec/std/testing.md	105	std	pending	Not yet reconciled
std-testing.choices.map.duplicate	spec/std/testing.md	106	std	pending	Not yet reconciled
std-testing.arbitrary	spec/std/testing.md	107	std	pending	Not yet reconciled
std-testing.arbitrary.std	spec/std/testing.md	108	std	pending	Not yet reconciled
std-testing.arbitrary.float	spec/std/testing.md	109	std	pending	Not yet reconciled
std-testing.it-prop	spec/std/testing.md	110	std	pending	Not yet reconciled
std-testing.prop.debug	spec/std/testing.md	111	std	pending	Not yet reconciled
std-testing.prop.report	spec/std/testing.md	112	std	pending	Not yet reconciled
std-testing.prop.examples	spec/std/testing.md	113	std	pending	Not yet reconciled
std-testing.prop.discard	spec/std/testing.md	114	std	pending	Not yet reconciled
std-testing.prop.body-no-discard	spec/std/testing.md	115	std	pending	Not yet reconciled
std-testing.prop.discard-limit	spec/std/testing.md	116	std	pending	Not yet reconciled
std-testing.prop.regression-file	spec/std/testing.md	117	std	pending	Not yet reconciled
std-testing.prop.regression-format	spec/std/testing.md	118	std	pending	Not yet reconciled
std-testing.prop.regression-replay	spec/std/testing.md	119	std	pending	Not yet reconciled
std-testing.budget	spec/std/testing.md	164	std	pending	Not yet reconciled
std-testing.budget.no-api	spec/std/testing.md	165	std	pending	Not yet reconciled
std-testing.budget.every-draw	spec/std/testing.md	166	std	pending	Not yet reconciled
std-testing.budget.simplest.int	spec/std/testing.md	170	std	pending	Not yet reconciled
std-testing.budget.simplest.float	spec/std/testing.md	171	std	pending	Not yet reconciled
std-testing.budget.simplest.bool	spec/std/testing.md	172	std	pending	Not yet reconciled
std-testing.budget.simplest.pick	spec/std/testing.md	173	std	pending	Not yet reconciled
std-testing.budget.simplest.empty	spec/std/testing.md	174	std	pending	Not yet reconciled
std-testing.budget.simplest.optional	spec/std/testing.md	175	std	pending	Not yet reconciled
std-testing.budget.simplest.result	spec/std/testing.md	176	std	pending	Not yet reconciled
std-testing.budget.simplest.tuple	spec/std/testing.md	177	std	pending	Not yet reconciled
std-testing.arbitrary.derive	spec/std/testing.md	200	std	pending	Not yet reconciled
std-testing.arbitrary.derive.template	spec/std/testing.md	201	std	pending	Not yet reconciled
std-testing.arbitrary.derive.member-bound	spec/std/testing.md	202	std	pending	Not yet reconciled
std-testing.arbitrary.derive.params-arbitrary	spec/std/testing.md	203	std	pending	Not yet reconciled
std-testing.arbitrary.derive.not-derivable	spec/std/testing.md	204	std	pending	Not yet reconciled
std-testing.arbitrary.derive.manual	spec/std/testing.md	205	std	pending	Not yet reconciled
std-testing.arbitrary.derive.simplest	spec/std/testing.md	206	std	pending	Not yet reconciled
std-testing.arbitrary.derive.recursive	spec/std/testing.md	207	std	pending	Not yet reconciled
std-testing.arbitrary.derive.recursive.containers	spec/std/testing.md	208	std	pending	Not yet reconciled
std-testing.arbitrary.derive.no-finite	spec/std/testing.md	209	std	pending	Not yet reconciled
std-testing.arbitrary.derive.no-finite.message	spec/std/testing.md	210	std	pending	Not yet reconciled
std-testing.arbitrary.derive.no-finite.data	spec/std/testing.md	211	std	pending	Not yet reconciled
std-testing.arbitrary.derive.no-finite.unchecked	spec/std/testing.md	212	std	pending	Not yet reconciled
std-testing.arbitrary.with	spec/std/testing.md	213	std	pending	Not yet reconciled
std-testing.arbitrary.with.module-typed	spec/std/testing.md	214	std	pending	Not yet reconciled
std-testing.arbitrary.with.checked	spec/std/testing.md	215	std	pending	Not yet reconciled
std-testing.arbitrary.with.typed-read	spec/std/testing.md	216	std	pending	Not yet reconciled
std-testing.arbitrary.with.only	spec/std/testing.md	217	std	pending	Not yet reconciled
std-testing.option.timeout-any-duration	spec/std/testing.md	348	std	pending	Not yet reconciled
std-testing.option.timeout-at-run	spec/std/testing.md	350	std	pending	Not yet reconciled
std-testing.option.timeout-import	spec/std/testing.md	351	std	pending	Not yet reconciled
std-testing.it-each	spec/std/testing.md	371	std	pending	Not yet reconciled
std-testing.it-each.name	spec/std/testing.md	372	std	pending	Not yet reconciled
std-testing.it-each.rows-at-run	spec/std/testing.md	373	std	pending	Not yet reconciled
std-testing.snapshot	spec/std/testing.md	397	std	pending	Not yet reconciled
std-testing.snapshot-file	spec/std/testing.md	398	std	pending	Not yet reconciled
std-testing.snapshot.import	spec/std/testing.md	399	std	pending	Not yet reconciled
std-testing.snapshot-file.path	spec/std/testing.md	400	std	pending	Not yet reconciled
std-testing.snapshot-file.missing	spec/std/testing.md	401	std	pending	Not yet reconciled
std-testing.snapshot.mismatch	spec/std/testing.md	402	std	pending	Not yet reconciled
std-testing.snapshot-file.missing-panic	spec/std/testing.md	403	std	pending	Not yet reconciled
std-testing.snapshot-file.folder	spec/std/testing.md	407	std	pending	Not yet reconciled
std-testing.snapshot-file.module	spec/std/testing.md	408	std	pending	Not yet reconciled
std-testing.snapshot-file.slug	spec/std/testing.md	409	std	pending	Not yet reconciled
std-testing.snapshot-file.counter	spec/std/testing.md	410	std	pending	Not yet reconciled
std-testing.snapshot-file.row	spec/std/testing.md	411	std	pending	Not yet reconciled
std-testing.hd-run.import	spec/std/testing.md	440	std	pending	Not yet reconciled
std-testing.hd-run.runs	spec/std/testing.md	441	std	pending	Not yet reconciled
std-testing.hd-run.default-name	spec/std/testing.md	442	std	pending	Not yet reconciled
std-testing.hd-run.waits	spec/std/testing.md	443	std	pending	Not yet reconciled
std-testing.hd-run.output	spec/std/testing.md	444	std	pending	Not yet reconciled
std-testing.hd-run.row	spec/std/testing.md	445	std	pending	Not yet reconciled
std-testing.hd-run.binding	spec/std/testing.md	446	std	pending	Not yet reconciled
std-testing.hd-run.missing-name	spec/std/testing.md	447	std	pending	Not yet reconciled
std-testing.hd-run.integration-only	spec/std/testing.md	448	std	pending	Not yet reconciled
std-text.string.lower	spec/std/text.md	36	std	pending	Not yet reconciled
std-text.string.trim	spec/std/text.md	37	std	pending	Not yet reconciled
std-text.string.split	spec/std/text.md	38	std	pending	Not yet reconciled
std-text.string.split.empty-separator	spec/std/text.md	39	std	pending	Not yet reconciled
std-text.string.split.absent	spec/std/text.md	40	std	pending	Not yet reconciled
std-text.string.replace	spec/std/text.md	41	std	pending	Not yet reconciled
std-text.string.replace.empty	spec/std/text.md	42	std	pending	Not yet reconciled
std-text.string.starts-with	spec/std/text.md	43	std	pending	Not yet reconciled
std-text.string.lines	spec/std/text.md	44	std	pending	Not yet reconciled
std-text.string.lines.final	spec/std/text.md	45	std	pending	Not yet reconciled
std-text.string.repeat	spec/std/text.md	46	std	pending	Not yet reconciled
std-text.string.repeat.negative	spec/std/text.md	47	std	pending	Not yet reconciled
std-text.prefix.std.r	spec/std/text.md	63	std	pending	Not yet reconciled
std-text.prefix.std.r-meaning	spec/std/text.md	65	std	pending	Not yet reconciled
std-text.prefix.std.only-r	spec/std/text.md	66	std	pending	Not yet reconciled
std-text.prefix.std.import-text	spec/std/text.md	67	std	pending	Not yet reconciled
std-time.suffix.std.duration	spec/std/time.md	30	std	pending	Not yet reconciled
std-time.suffix.std.duration-api	spec/std/time.md	31	std	pending	Not yet reconciled
std-time.suffix.std.duration-neg	spec/std/time.md	32	std	pending	Not yet reconciled
std-time.prelude.time-suffixes	spec/std/time.md	33	std	pending	Not yet reconciled
std-time.duration.eq-ord	spec/std/time.md	34	std	pending	Not yet reconciled
std-time.suffix.std.ms	spec/std/time.md	49	std	pending	Not yet reconciled
std-time.suffix.std.s	spec/std/time.md	50	std	pending	Not yet reconciled
std-time.suffix.std.min	spec/std/time.md	51	std	pending	Not yet reconciled
std-time.suffix.std.h	spec/std/time.md	52	std	pending	Not yet reconciled
std-time.suffix.std.fn	spec/std/time.md	54	std	pending	Not yet reconciled
std-time.suffix.std.only-four	spec/std/time.md	55	std	pending	Not yet reconciled
std-time.suffix.std.import	spec/std/time.md	56	std	pending	Not yet reconciled
std-time.suffix.std.overflow	spec/std/time.md	57	std	pending	Not yet reconciled
std-time.clock.decl	spec/std/time.md	84	std	pending	Not yet reconciled
std-time.clock.now	spec/std/time.md	85	std	pending	Not yet reconciled
std-time.clock.monotonic	spec/std/time.md	86	std	pending	Not yet reconciled
std-time.clock.sleep	spec/std/time.md	87	std	pending	Not yet reconciled
std-time.clock.plain-reads	spec/std/time.md	88	std	pending	Not yet reconciled
std-time.clock.mut	spec/std/time.md	89	std	pending	Not yet reconciled
std-time.timestamp.decl	spec/std/time.md	97	std	pending	Not yet reconciled
std-time.timestamp.api	spec/std/time.md	98	std	pending	Not yet reconciled
std-time.timestamp.since	spec/std/time.md	99	std	pending	Not yet reconciled
std-time.instant.decl	spec/std/time.md	100	std	pending	Not yet reconciled
std-time.instant.api	spec/std/time.md	101	std	pending	Not yet reconciled
std-time.time.eq-ord	spec/std/time.md	102	std	pending	Not yet reconciled
std-time.time.import	spec/std/time.md	103	std	pending	Not yet reconciled
std-time.helper.now	spec/std/time.md	115	std	pending	Not yet reconciled
std-time.helper.sleep	spec/std/time.md	116	std	pending	Not yet reconciled
cli.command.help	spec/cli/command-line.md	32	cli	pending	Not yet reconciled
cli.command.positional	spec/cli/command-line.md	33	cli	pending	Not yet reconciled
cli.mode.package.nearest	spec/cli/command-line.md	46	cli	pending	Not yet reconciled
cli.mode.start	spec/cli/command-line.md	47	cli	pending	Not yet reconciled
cli.mode.workspace	spec/cli/command-line.md	48	cli	pending	Not yet reconciled
cli.mode.outside	spec/cli/command-line.md	49	cli	pending	Not yet reconciled
cli.mode.workspace-file	spec/cli/command-line.md	50	cli	pending	Not yet reconciled
cli.mode.member	spec/cli/command-line.md	51	cli	pending	Not yet reconciled
cli.mode.member.workspace	spec/cli/command-line.md	52	cli	pending	Not yet reconciled
cli.mode.member.unlisted	spec/cli/command-line.md	53	cli	pending	Not yet reconciled
cli.mode.member.unlisted.fix	spec/cli/command-line.md	54	cli	pending	Not yet reconciled
cli.mode.member.excluded	spec/cli/command-line.md	55	cli	pending	Not yet reconciled
cli.file.run	spec/cli/command-line.md	70	cli	pending	Not yet reconciled
cli.file.in-package	spec/cli/command-line.md	71	cli	pending	Not yet reconciled
cli.file.entry-hint	spec/cli/command-line.md	72	cli	pending	Not yet reconciled
cli.file.check-test	spec/cli/command-line.md	73	cli	pending	Not yet reconciled
cli.file.check-test.no-file	spec/cli/command-line.md	74	cli	pending	Not yet reconciled
cli.exe.table	spec/cli/command-line.md	99	cli	pending	Not yet reconciled
cli.exe.several	spec/cli/command-line.md	100	cli	pending	Not yet reconciled
cli.exe.missing-module	spec/cli/command-line.md	101	cli	pending	Not yet reconciled
cli.exe.unselected-main	spec/cli/command-line.md	102	cli	pending	Not yet reconciled
cli.exe.default-main	spec/cli/command-line.md	103	cli	pending	Not yet reconciled
cli.exe.main-unlisted	spec/cli/command-line.md	104	cli	pending	Not yet reconciled
cli.exe.other-module	spec/cli/command-line.md	105	cli	pending	Not yet reconciled
cli.exe.entry-program	spec/cli/command-line.md	106	cli	pending	Not yet reconciled
cli.exe.entry-no-use	spec/cli/command-line.md	107	cli	pending	Not yet reconciled
cli.exe.default-name	spec/cli/command-line.md	108	cli	pending	Not yet reconciled
cli.exe.default-name.clash	spec/cli/command-line.md	109	cli	pending	Not yet reconciled
cli.task.file	spec/cli/command-line.md	149	cli	pending	Not yet reconciled
cli.task.program	spec/cli/command-line.md	150	cli	pending	Not yet reconciled
cli.task.shared	spec/cli/command-line.md	151	cli	pending	Not yet reconciled
cli.task.beside-dir	spec/cli/command-line.md	152	cli	pending	Not yet reconciled
cli.task.relative	spec/cli/command-line.md	153	cli	pending	Not yet reconciled
cli.task.root-file	spec/cli/command-line.md	154	cli	pending	Not yet reconciled
cli.task.super	spec/cli/command-line.md	155	cli	pending	Not yet reconciled
cli.task.above-root	spec/cli/command-line.md	156	cli	pending	Not yet reconciled
cli.task.program-use	spec/cli/command-line.md	157	cli	pending	Not yet reconciled
cli.task.shared-copy	spec/cli/command-line.md	158	cli	pending	Not yet reconciled
cli.task.shared-unused	spec/cli/command-line.md	159	cli	pending	Not yet reconciled
cli.task.uses	spec/cli/command-line.md	160	cli	pending	Not yet reconciled
cli.task.dev-dependencies	spec/cli/command-line.md	161	cli	pending	Not yet reconciled
cli.task.cyclic-dev-dependency	spec/cli/command-line.md	162	cli	pending	Not yet reconciled
cli.task.not-shipped	spec/cli/command-line.md	163	cli	pending	Not yet reconciled
cli.task.name-clash	spec/cli/command-line.md	164	cli	pending	Not yet reconciled
cli.run.name	spec/cli/command-line.md	180	cli	pending	Not yet reconciled
cli.run.default.one	spec/cli/command-line.md	181	cli	pending	Not yet reconciled
cli.run.file	spec/cli/command-line.md	182	cli	pending	Not yet reconciled
cli.run.package-only	spec/cli/command-line.md	183	cli	pending	Not yet reconciled
cli.run.cwd.task	spec/cli/command-line.md	187	cli	pending	Not yet reconciled
cli.run.cwd.executable	spec/cli/command-line.md	188	cli	pending	Not yet reconciled
cli.args.separator	spec/cli/command-line.md	201	cli	pending	Not yet reconciled
cli.args.pass	spec/cli/command-line.md	202	cli	pending	Not yet reconciled
cli.args.extra-word	spec/cli/command-line.md	203	cli	pending	Not yet reconciled
cli.host.entry-row	spec/cli/command-line.md	211	cli	pending	Not yet reconciled
cli.host.default-profile	spec/cli/command-line.md	226	cli	pending	Not yet reconciled
cli.host.default-profile.row	spec/cli/command-line.md	227	cli	pending	Not yet reconciled
cli.host.default-profile.other	spec/cli/command-line.md	228	cli	pending	Not yet reconciled
cli.package.whole	spec/cli/command-line.md	247	cli	pending	Not yet reconciled
cli.package.file	spec/cli/command-line.md	248	cli	pending	Not yet reconciled
cli.package.no-root	spec/cli/command-line.md	249	cli	pending	Not yet reconciled
cli.check.default	spec/cli/command-line.md	250	cli	pending	Not yet reconciled
cli.check.tests	spec/cli/command-line.md	251	cli	pending	Not yet reconciled
cli.check.all	spec/cli/command-line.md	252	cli	pending	Not yet reconciled
cli.test.file-empty	spec/cli/command-line.md	261	cli	pending	Not yet reconciled
cli.test.package-empty	spec/cli/command-line.md	262	cli	pending	Not yet reconciled
cli.test.filter	spec/cli/command-line.md	263	cli	pending	Not yet reconciled
cli.test.filter.none	spec/cli/command-line.md	264	cli	pending	Not yet reconciled
cli.test.summary.skipped	spec/cli/command-line.md	265	cli	pending	Not yet reconciled
cli.test.deny-skipped	spec/cli/command-line.md	266	cli	pending	Not yet reconciled
cli.test.builds-executables	spec/cli/command-line.md	267	cli	pending	Not yet reconciled
cli.test.process	spec/cli/command-line.md	268	cli	pending	Not yet reconciled
cli.test.process.missing	spec/cli/command-line.md	269	cli	pending	Not yet reconciled
cli.test.process.cwd	spec/cli/command-line.md	270	cli	pending	Not yet reconciled
cli.test.process.decode	spec/cli/command-line.md	271	cli	pending	Not yet reconciled
cli.json.commands	spec/cli/command-line.md	286	cli	pending	Not yet reconciled
cli.json.lines.build	spec/cli/command-line.md	287	cli	pending	Not yet reconciled
cli.json.run	spec/cli/command-line.md	288	cli	pending	Not yet reconciled
cli.json.run.program	spec/cli/command-line.md	289	cli	pending	Not yet reconciled
cli.json.kind	spec/cli/command-line.md	290	cli	pending	Not yet reconciled
cli.json.diagnostic	spec/cli/command-line.md	291	cli	pending	Not yet reconciled
cli.json.diagnostic.fields	spec/cli/command-line.md	292	cli	pending	Not yet reconciled
cli.json.test	spec/cli/command-line.md	293	cli	pending	Not yet reconciled
cli.json.test.fields	spec/cli/command-line.md	294	cli	pending	Not yet reconciled
cli.json.summary	spec/cli/command-line.md	295	cli	pending	Not yet reconciled
cli.json.summary.fields	spec/cli/command-line.md	296	cli	pending	Not yet reconciled
cli.exit.success	spec/cli/command-line.md	312	cli	pending	Not yet reconciled
cli.exit.hd-failure	spec/cli/command-line.md	313	cli	pending	Not yet reconciled
cli.exit.program	spec/cli/command-line.md	314	cli	pending	Not yet reconciled
cli.exit.test-failure	spec/cli/command-line.md	315	cli	pending	Not yet reconciled
cli.workspace.members	spec/cli/command-line.md	331	cli	pending	Not yet reconciled
cli.workspace.run-name	spec/cli/command-line.md	332	cli	pending	Not yet reconciled
cli.workspace.run-ambiguous	spec/cli/command-line.md	333	cli	pending	Not yet reconciled
cli.workspace.run-missing	spec/cli/command-line.md	334	cli	pending	Not yet reconciled
cli.workspace.run-bare	spec/cli/command-line.md	335	cli	pending	Not yet reconciled
cli.workspace.repl	spec/cli/command-line.md	336	cli	pending	Not yet reconciled
cli.workspace.select.anywhere	spec/cli/command-line.md	346	cli	pending	Not yet reconciled
cli.workspace.select.repeat	spec/cli/command-line.md	347	cli	pending	Not yet reconciled
cli.workspace.select.unknown	spec/cli/command-line.md	348	cli	pending	Not yet reconciled
cli.name.hyphen	spec/cli/command-line.md	356	cli	pending	Not yet reconciled
cli.name.task	spec/cli/command-line.md	357	cli	pending	Not yet reconciled
cli.new.kind	spec/cli/command-line.md	377	cli	pending	Not yet reconciled
cli.new.kind.ask	spec/cli/command-line.md	378	cli	pending	Not yet reconciled
cli.new.kind.no-terminal	spec/cli/command-line.md	379	cli	pending	Not yet reconciled
cli.new.app	spec/cli/command-line.md	380	cli	pending	Not yet reconciled
cli.new.app.test	spec/cli/command-line.md	381	cli	pending	Not yet reconciled
cli.new.lib	spec/cli/command-line.md	382	cli	pending	Not yet reconciled
cli.new.lib.test	spec/cli/command-line.md	383	cli	pending	Not yet reconciled
cli.new.test-name	spec/cli/command-line.md	384	cli	pending	Not yet reconciled
cli.new.here.dir	spec/cli/command-line.md	385	cli	pending	Not yet reconciled
cli.new.existing	spec/cli/command-line.md	386	cli	pending	Not yet reconciled
cli.new.no-executable-table	spec/cli/command-line.md	387	cli	pending	Not yet reconciled
cli.new.workspace-member	spec/cli/command-line.md	388	cli	pending	Not yet reconciled
cli.new.vcs	spec/cli/command-line.md	389	cli	pending	Not yet reconciled
cli.new.vcs.ignore	spec/cli/command-line.md	390	cli	pending	Not yet reconciled
cli.new.vcs-none	spec/cli/command-line.md	391	cli	pending	Not yet reconciled
cli.repl.open.terminal	spec/cli/command-line.md	410	cli	pending	Not yet reconciled
cli.stdin.program	spec/cli/command-line.md	411	cli	pending	Not yet reconciled
cli.repl.package.lib	spec/cli/command-line.md	412	cli	pending	Not yet reconciled
cli.repl.package.dependencies	spec/cli/command-line.md	413	cli	pending	Not yet reconciled
cli.repl.package.no-lib	spec/cli/command-line.md	414	cli	pending	Not yet reconciled
cli.repl.package.no-lib.main	spec/cli/command-line.md	415	cli	pending	Not yet reconciled
cli.repl.uses.other	spec/cli/command-line.md	416	cli	pending	Not yet reconciled
cli.repl.outside	spec/cli/command-line.md	417	cli	pending	Not yet reconciled
cli.tooling.package-schema	spec/cli/command-line.md	424	cli	pending	Not yet reconciled
cli.tooling.package-later	spec/cli/command-line.md	425	cli	pending	Not yet reconciled
